"review_index","source_file","source_path","trace_index","fiber_id","nd2_name","tile_name","baseline_9p5_10d","shifted_max","shifted_min","shifted_amplitude","label_round_id","label_file","original_reviewed_label","reviewed_label","notes"
"1","HPC 0112-5.npz","data/raw/hpc/HPC 0112-5.npz","22","905","0112-5-CA1001","0112-5-CA1001","-0.02922508470172169","1.018041286759761","-0.05842759791726805","1.018041286759761","hpc_random_forest_second_dual_round6","review_rounds/hpc_random_forest_second_dual_round6_reviewed_labels.csv","dual_peak","dual_peak",""
"2","HPC 0112-5.npz","data/raw/hpc/HPC 0112-5.npz","64","2089","0112-5-CA1001","0112-5-CA1001","0.018512837647084866","1.342020357683581","-0.054477213913997805","1.342020357683581","hpc_random_forest_second_dual_round6","review_rounds/hpc_random_forest_second_dual_round6_reviewed_labels.csv","sustained_response","sustained_response",""
"3","HPC 0112-5.npz","data/raw/hpc/HPC 0112-5.npz","83","2950","0112-5-CA1001","0112-5-CA1001","-0.008677354838615045","0.3385960577120711","-0.05210487010306613","0.3385960577120711","hpc_model_round1","review_rounds/hpc_model_round1_reviewed_labels.csv","no_response","no_response",""
"4","HPC 0112-5.npz","data/raw/hpc/HPC 0112-5.npz","95","3402","0112-5-CA1001","0112-5-CA1001","-0.00027979238483315423","1.6098505323220555","-0.06455649813605505","1.6098505323220555","hpc_mlp_round4","review_rounds/hpc_mlp_round4_reviewed_labels.csv","second_peak","second_peak",""
"5","HPC 0112-5.npz","data/raw/hpc/HPC 0112-5.npz","147","418","0112-5-CA1002","0112-5-CA1002","-0.09392412390008963","17.106809602878773","-0.07655830295883169","17.106809602878773","hpc_model_round2","review_rounds/hpc_model_round2_reviewed_labels.csv","sustained_response","sustained_response",""
"6","HPC 0112-5.npz","data/raw/hpc/HPC 0112-5.npz","153","457","0112-5-CA1002","0112-5-CA1002","-0.076785621445096","0.12023166853177293","-0.8545894620393854","0.8545894620393854","hpc_mlp_round4","review_rounds/hpc_mlp_round4_reviewed_labels.csv","inhibition","inhibition",""
"7","HPC 0112-5.npz","data/raw/hpc/HPC 0112-5.npz","157","626","0112-5-CA1002","0112-5-CA1002","-0.027013768898415676","0.20696790576337318","-0.5098558228639494","0.5098558228639494","hpc_model_round2","review_rounds/hpc_model_round2_reviewed_labels.csv","weak_first_peak","weak_first_peak",""
"8","HPC 0112-5.npz","data/raw/hpc/HPC 0112-5.npz","169","899","0112-5-CA1002","0112-5-CA1002","-0.008516538390947346","0.2176507104063173","-0.3314084648520815","0.3314084648520815","hpc_model_round2","review_rounds/hpc_model_round2_reviewed_labels.csv","weak_first_peak","weak_first_peak",""
"9","HPC 0112-5.npz","data/raw/hpc/HPC 0112-5.npz","178","1047","0112-5-CA1002","0112-5-CA1002","-0.03280818412286007","0.2586599095118901","-0.7069058847544882","0.7069058847544882","hpc_model_round1","review_rounds/hpc_model_round1_reviewed_labels.csv","weak_first_peak","weak_first_peak",""
"10","HPC 0112-5.npz","data/raw/hpc/HPC 0112-5.npz","187","1238","0112-5-CA1002","0112-5-CA1002","-0.013642421811436392","0.3744212242994558","-0.07143639505616346","0.3744212242994558","hpc_model_round2","review_rounds/hpc_model_round2_reviewed_labels.csv","sustained_response","sustained_response",""
"11","HPC 0112-5.npz","data/raw/hpc/HPC 0112-5.npz","192","1326","0112-5-CA1002","0112-5-CA1002","-0.044527645027798546","2.5253774673098146","-0.06351320214973569","2.5253774673098146","hpc_model_round2","review_rounds/hpc_model_round2_reviewed_labels.csv","sustained_response","sustained_response",""
"12","HPC 0112-5.npz","data/raw/hpc/HPC 0112-5.npz","202","1603","0112-5-CA1002","0112-5-CA1002","-0.04253345301737787","0.47901695984430775","-0.15983593171090013","0.47901695984430775","hpc_mlp_round4","review_rounds/hpc_mlp_round4_reviewed_labels.csv","dual_peak","dual_peak",""
"13","HPC 0112-5.npz","data/raw/hpc/HPC 0112-5.npz","289","1612","0112-5-CA1003","0112-5-CA1003","0.0048965305013999065","0.2882248029741039","-0.07662902595039918","0.2882248029741039","hpc_mlp_round4","review_rounds/hpc_mlp_round4_reviewed_labels.csv","no_response","no_response",""
"14","HPC 0112-5.npz","data/raw/hpc/HPC 0112-5.npz","310","2264","0112-5-CA1003","0112-5-CA1003","-0.014114061415418572","15.137250231578985","-0.13573616865499372","15.137250231578985","hpc_mlp_round4","review_rounds/hpc_mlp_round4_reviewed_labels.csv","sustained_response","sustained_response",""
"15","HPC 0112-5.npz","data/raw/hpc/HPC 0112-5.npz","318","2351","0112-5-CA1003","0112-5-CA1003","-0.010871256688281613","0.21768786910920476","-0.062216129448647996","0.21768786910920476","hpc_mlp_round4","review_rounds/hpc_mlp_round4_reviewed_labels.csv","no_response","no_response",""
"16","HPC 0112-5.npz","data/raw/hpc/HPC 0112-5.npz","327","2588","0112-5-CA1003","0112-5-CA1003","-0.011846295958407194","0.23165899276073193","-0.020875577480238265","0.23165899276073193","hpc_random100","review_rounds/hpc_random100_reviewed_labels.csv","no_response","no_response",""
"17","HPC 0112-5.npz","data/raw/hpc/HPC 0112-5.npz","353","3333","0112-5-CA1003","0112-5-CA1003","-0.028222080815363624","2.4186640557339936","-0.055595604401310866","2.4186640557339936","hpc_model_round1","review_rounds/hpc_model_round1_reviewed_labels.csv","strong_first_peak","strong_first_peak",""
"18","HPC 0112-5.npz","data/raw/hpc/HPC 0112-5.npz","357","3448","0112-5-CA1003","0112-5-CA1003","0.010216895202897383","0.9364459228330836","-0.12641380640234542","0.9364459228330836","hpc_model_round1","review_rounds/hpc_model_round1_reviewed_labels.csv","sustained_response","sustained_response",""
"19","HPC 0112-5.npz","data/raw/hpc/HPC 0112-5.npz","379","528","0112-5-CA1004","0112-5-CA1004","0.24359051455658387","20.049489983310426","-0.18990608160591452","20.049489983310426","hpc_mlp_round4","review_rounds/hpc_mlp_round4_reviewed_labels.csv","sustained_response","sustained_response",""
"20","HPC 0112-5.npz","data/raw/hpc/HPC 0112-5.npz","380","604","0112-5-CA1004","0112-5-CA1004","-0.15868190523996575","1.2467257811230403","-0.06368877853630861","1.2467257811230403","hpc_targeted_round3","review_rounds/hpc_targeted_round3_reviewed_labels.csv","sustained_response","sustained_response",""
"21","HPC 0112-5.npz","data/raw/hpc/HPC 0112-5.npz","393","1061","0112-5-CA1004","0112-5-CA1004","-0.047897599741424386","4.167462786647196","-0.05358204777877532","4.167462786647196","hpc_model_round2","review_rounds/hpc_model_round2_reviewed_labels.csv","second_peak","complex",""
"22","HPC 0112-5.npz","data/raw/hpc/HPC 0112-5.npz","401","1576","0112-5-CA1004","0112-5-CA1004","0.030398772627673893","0.7970771535867422","-0.09016188453665963","0.7970771535867422","hpc_targeted_round3","review_rounds/hpc_targeted_round3_reviewed_labels.csv","sustained_response","sustained_response",""
"23","HPC 0112-5.npz","data/raw/hpc/HPC 0112-5.npz","407","1742","0112-5-CA1004","0112-5-CA1004","0.05131066437584192","2.2951011158410304","-0.11299856719788348","2.2951011158410304","hpc_mlp_round4","review_rounds/hpc_mlp_round4_reviewed_labels.csv","second_peak","complex",""
"24","HPC 0112-5.npz","data/raw/hpc/HPC 0112-5.npz","417","2127","0112-5-CA1004","0112-5-CA1004","-0.028326756074130783","2.3100231816947017","-0.016554788868601854","2.3100231816947017","hpc_model_round1","review_rounds/hpc_model_round1_reviewed_labels.csv","sustained_response","sustained_response",""
"25","HPC 0112-5.npz","data/raw/hpc/HPC 0112-5.npz","433","2745","0112-5-CA1004","0112-5-CA1004","-0.02769559119973942","0.21787429293971614","-0.34079937377283587","0.34079937377283587","hpc_model_round1","review_rounds/hpc_model_round1_reviewed_labels.csv","strong_first_peak","strong_first_peak",""
"26","HPC 0112-5.npz","data/raw/hpc/HPC 0112-5.npz","488","4342","0112-5-CA1004","0112-5-CA1004","-0.0024680988231559646","0.0151712329981499","-0.6778776457360904","0.6778776457360904","hpc_random100","review_rounds/hpc_random100_reviewed_labels.csv","inhibition","inhibition",""
"27","HPC 0112-5.npz","data/raw/hpc/HPC 0112-5.npz","533","941","0112-5-CA1005","0112-5-CA1005","0.28573220155827134","1.0244643564426197","-0.5039803322136011","1.0244643564426197","hpc_mlp_round4","review_rounds/hpc_mlp_round4_reviewed_labels.csv","weak_first_peak","weak_first_peak",""
"28","HPC 0112-5.npz","data/raw/hpc/HPC 0112-5.npz","534","955","0112-5-CA1005","0112-5-CA1005","-0.02051257001216833","0.22559963618149595","-0.08039450540352033","0.22559963618149595","hpc_model_round1","review_rounds/hpc_model_round1_reviewed_labels.csv","no_response","no_response",""
"29","HPC 0112-5.npz","data/raw/hpc/HPC 0112-5.npz","552","2016","0112-5-CA1005","0112-5-CA1005","-0.07514224841074474","0.5756786120093829","-0.0729710791682803","0.5756786120093829","hpc_random_forest_second_dual_round6","review_rounds/hpc_random_forest_second_dual_round6_reviewed_labels.csv","second_peak","complex",""
"30","HPC 0112-5.npz","data/raw/hpc/HPC 0112-5.npz","635","1319","0112-5-CA1","0112-5-CA1","0.09904865607965024","1.7055364522274874","-0.4744551849263713","1.7055364522274874","hpc_model_round1","review_rounds/hpc_model_round1_reviewed_labels.csv","strong_first_peak","strong_first_peak",""
"31","HPC 0112-5.npz","data/raw/hpc/HPC 0112-5.npz","649","1851","0112-5-CA1","0112-5-CA1","0.023320047431375588","2.3750288368268717","-0.20760700624350073","2.3750288368268717","hpc_mlp_round4","review_rounds/hpc_mlp_round4_reviewed_labels.csv","second_peak","second_peak",""
"32","HPC 0112-5.npz","data/raw/hpc/HPC 0112-5.npz","650","1852","0112-5-CA1","0112-5-CA1","-0.06837560380957093","0.25734478174395775","-0.3338633081851247","0.3338633081851247","hpc_targeted_round3","review_rounds/hpc_targeted_round3_reviewed_labels.csv","weak_first_peak","weak_first_peak",""
"33","HPC 0112-5.npz","data/raw/hpc/HPC 0112-5.npz","656","1985","0112-5-CA1","0112-5-CA1","0.7547506629147805","17.494547527648724","-0.4595799303184066","17.494547527648724","hpc_mlp_round4","review_rounds/hpc_mlp_round4_reviewed_labels.csv","sustained_response","sustained_response",""
"34","HPC 0112-5.npz","data/raw/hpc/HPC 0112-5.npz","679","3111","0112-5-CA1","0112-5-CA1","0.14590859302447953","2.201522400041832","-0.5263806622848498","2.201522400041832","hpc_random100","review_rounds/hpc_random100_reviewed_labels.csv","strong_first_peak","strong_first_peak",""
"35","HPC 0112-5.npz","data/raw/hpc/HPC 0112-5.npz","685","3326","0112-5-CA1","0112-5-CA1","-0.21901804587208923","0.03630653128113373","-0.3013687096784951","0.3013687096784951","hpc_targeted_round3","review_rounds/hpc_targeted_round3_reviewed_labels.csv","inhibition","inhibition",""
"36","HPC 0112-5.npz","data/raw/hpc/HPC 0112-5.npz","696","3685","0112-5-CA1","0112-5-CA1","0.038814936946264963","0.27497084780157766","-0.26386204854616363","0.27497084780157766","hpc_model_round2","review_rounds/hpc_model_round2_reviewed_labels.csv","strong_first_peak","strong_first_peak",""
"37","HPC 0112-5.npz","data/raw/hpc/HPC 0112-5.npz","699","3741","0112-5-CA1","0112-5-CA1","-0.014006881110276205","0.15535670110190983","-0.4222250425169123","0.4222250425169123","hpc_targeted_round3","review_rounds/hpc_targeted_round3_reviewed_labels.csv","weak_first_peak","weak_first_peak",""
"38","HPC 0112-5.npz","data/raw/hpc/HPC 0112-5.npz","714","4297","0112-5-CA1","0112-5-CA1","-0.007293689498681939","0.25768808363722484","-0.02122450407992678","0.25768808363722484","hpc_model_round1","review_rounds/hpc_model_round1_reviewed_labels.csv","no_response","no_response",""
"39","HPC 0112-5.npz","data/raw/hpc/HPC 0112-5.npz","719","4431","0112-5-CA1","0112-5-CA1","-0.0053253270713989175","1.5308265911739736","-0.06319439609493617","1.5308265911739736","hpc_mlp_round4","review_rounds/hpc_mlp_round4_reviewed_labels.csv","second_peak","second_peak",""
"40","HPC 0120-3.npz","data/raw/hpc/HPC 0120-3.npz","0","3","0120-3-CA1001","0120-3-CA1001","-0.01526816248402005","0.26889074094714527","-0.3398138934584112","0.3398138934584112","hpc_mlp_round4","review_rounds/hpc_mlp_round4_reviewed_labels.csv","weak_first_peak","weak_first_peak",""
"41","HPC 0120-3.npz","data/raw/hpc/HPC 0120-3.npz","2","25","0120-3-CA1001","0120-3-CA1001","-0.323598504850928","2.427563957288865","-0.04366237153045244","2.427563957288865","hpc_model_round2","review_rounds/hpc_model_round2_reviewed_labels.csv","sustained_response","sustained_response",""
"42","HPC 0120-3.npz","data/raw/hpc/HPC 0120-3.npz","10","341","0120-3-CA1001","0120-3-CA1001","0.011304869578744513","0.3059944188166236","-0.08724412370272364","0.3059944188166236","hpc_model_round1","review_rounds/hpc_model_round1_reviewed_labels.csv","no_response","no_response",""
"43","HPC 0120-3.npz","data/raw/hpc/HPC 0120-3.npz","32","1286","0120-3-CA1001","0120-3-CA1001","-0.006530146351304274","0.29892914598084297","-0.07286576861951786","0.29892914598084297","hpc_mlp_round4","review_rounds/hpc_mlp_round4_reviewed_labels.csv","sustained_response","sustained_response",""
"44","HPC 0120-3.npz","data/raw/hpc/HPC 0120-3.npz","34","1355","0120-3-CA1001","0120-3-CA1001","0.6273912576694386","20.784848862322676","-0.9030519393742099","20.784848862322676","hpc_mlp_round4","review_rounds/hpc_mlp_round4_reviewed_labels.csv","strong_first_peak","strong_first_peak",""
"45","HPC 0120-3.npz","data/raw/hpc/HPC 0120-3.npz","35","1373","0120-3-CA1001","0120-3-CA1001","0.02324235154350417","3.7969086711313276","-0.2062703216437948","3.7969086711313276","hpc_model_round2","review_rounds/hpc_model_round2_reviewed_labels.csv","second_peak","complex",""
"46","HPC 0120-3.npz","data/raw/hpc/HPC 0120-3.npz","48","2076","0120-3-CA1001","0120-3-CA1001","-0.04372384417292374","0.5439221764578174","-0.043002875021608475","0.5439221764578174","hpc_random100","review_rounds/hpc_random100_reviewed_labels.csv","weak_first_peak","weak_first_peak",""
"47","HPC 0120-3.npz","data/raw/hpc/HPC 0120-3.npz","53","2503","0120-3-CA1001","0120-3-CA1001","-0.012946999016249771","2.1757142879334364","-0.04210683402298467","2.1757142879334364","hpc_model_round2","review_rounds/hpc_model_round2_reviewed_labels.csv","strong_first_peak","strong_first_peak",""
"48","HPC 0120-3.npz","data/raw/hpc/HPC 0120-3.npz","74","3877","0120-3-CA1001","0120-3-CA1001","0.2045557366780703","4.077926230091688","-0.9166967101249577","4.077926230091688","hpc_mlp_round4","review_rounds/hpc_mlp_round4_reviewed_labels.csv","weak_first_peak","weak_first_peak",""
"49","HPC 0120-3.npz","data/raw/hpc/HPC 0120-3.npz","82","4375","0120-3-CA1001","0120-3-CA1001","-0.013351858257809003","0.07923631153328584","-0.32126580830873674","0.32126580830873674","hpc_targeted_round3","review_rounds/hpc_targeted_round3_reviewed_labels.csv","inhibition","inhibition",""
"50","HPC 0120-3.npz","data/raw/hpc/HPC 0120-3.npz","101","5783","0120-3-CA1001","0120-3-CA1001","1.1877271108564023","0.20590723347830764","-1.4657979091980562","1.4657979091980562","hpc_random100","review_rounds/hpc_random100_reviewed_labels.csv","inhibition","inhibition",""
"51","HPC 0120-3.npz","data/raw/hpc/HPC 0120-3.npz","131","1577","0120-3-CA1","0120-3-CA1","-0.03011449714473415","3.2775107836710684","-0.04952260007473146","3.2775107836710684","hpc_targeted_round3","review_rounds/hpc_targeted_round3_reviewed_labels.csv","sustained_response","sustained_response",""
"52","HPC 0120-3.npz","data/raw/hpc/HPC 0120-3.npz","174","4139","0120-3-CA1","0120-3-CA1","0.8300015961039463","20.81991396463371","-0.7481963154282716","20.81991396463371","hpc_mlp_round4","review_rounds/hpc_mlp_round4_reviewed_labels.csv","strong_first_peak","strong_first_peak",""
"53","HPC 0120-5.npz","data/raw/hpc/HPC 0120-5.npz","71","3415","0120-5-CA1000","0120-5-CA1000","0.10120329756377938","0.4545022882781376","-0.09263461476131175","0.4545022882781376","hpc_mlp_round4","review_rounds/hpc_mlp_round4_reviewed_labels.csv","sustained_response","sustained_response",""
"54","HPC 0120-5.npz","data/raw/hpc/HPC 0120-5.npz","74","3524","0120-5-CA1000","0120-5-CA1000","-0.03416773873014654","0.47368271607623286","-0.011278134270331072","0.47368271607623286","hpc_model_round1","review_rounds/hpc_model_round1_reviewed_labels.csv","sustained_response","sustained_response",""
"55","HPC 0120-5.npz","data/raw/hpc/HPC 0120-5.npz","111","1178","0120-5-CA1001","0120-5-CA1001","0.024332929693393388","0.4480178269990529","-0.08151325705101647","0.4480178269990529","hpc_model_round2","review_rounds/hpc_model_round2_reviewed_labels.csv","second_peak","complex",""
"56","HPC 0120-5.npz","data/raw/hpc/HPC 0120-5.npz","115","1263","0120-5-CA1001","0120-5-CA1001","-0.011643756290535085","0.13335694569856987","-0.20689194696964572","0.20689194696964572","hpc_mlp_round4","review_rounds/hpc_mlp_round4_reviewed_labels.csv","no_response","no_response",""
"57","HPC 0120-5.npz","data/raw/hpc/HPC 0120-5.npz","124","1637","0120-5-CA1001","0120-5-CA1001","0.04039621835807822","0.044809490135665056","-0.20453307181977085","0.20453307181977085","hpc_mlp_round4","review_rounds/hpc_mlp_round4_reviewed_labels.csv","no_response","no_response",""
"58","HPC 0120-5.npz","data/raw/hpc/HPC 0120-5.npz","131","1922","0120-5-CA1001","0120-5-CA1001","0.059246575786234934","0.052662306835824554","-0.21961952758236733","0.21961952758236733","hpc_model_round2","review_rounds/hpc_model_round2_reviewed_labels.csv","inhibition","inhibition",""
"59","HPC 0120-5.npz","data/raw/hpc/HPC 0120-5.npz","150","2960","0120-5-CA1001","0120-5-CA1001","0.003283064763060251","0.26988756694175386","-0.07735425814800856","0.26988756694175386","hpc_random100","review_rounds/hpc_random100_reviewed_labels.csv","no_response","no_response",""
"60","HPC 0120-5.npz","data/raw/hpc/HPC 0120-5.npz","168","3655","0120-5-CA1001","0120-5-CA1001","0.03136164826943025","0.3409429211067634","-0.07035484684620101","0.3409429211067634","hpc_model_round2","review_rounds/hpc_model_round2_reviewed_labels.csv","sustained_response","sustained_response",""
"61","HPC 0120-5.npz","data/raw/hpc/HPC 0120-5.npz","196","4955","0120-5-CA1001","0120-5-CA1001","0.0009650581103574043","0.15386087476675192","-0.22429617329871304","0.22429617329871304","hpc_targeted_round3","review_rounds/hpc_targeted_round3_reviewed_labels.csv","no_response","no_response",""
"62","HPC 0120-5.npz","data/raw/hpc/HPC 0120-5.npz","237","1659","0120-5-CA1002","0120-5-CA1002","0.11268670654045931","0.6117631635539207","-0.5008855094768465","0.6117631635539207","hpc_random_forest_second_dual_round6","review_rounds/hpc_random_forest_second_dual_round6_reviewed_labels.csv","second_peak","complex",""
"63","HPC 0120-5.npz","data/raw/hpc/HPC 0120-5.npz","253","2272","0120-5-CA1002","0120-5-CA1002","-0.00918805671431867","0.16508975402800966","-0.35903047123551834","0.35903047123551834","hpc_mlp_round4","review_rounds/hpc_mlp_round4_reviewed_labels.csv","no_response","no_response",""
"64","HPC 0120-5.npz","data/raw/hpc/HPC 0120-5.npz","293","3813","0120-5-CA1002","0120-5-CA1002","-0.01633195653927171","0.49110582775093287","-0.17369462095722737","0.49110582775093287","hpc_model_round2","review_rounds/hpc_model_round2_reviewed_labels.csv","no_response","no_response",""
"65","HPC 0120-5.npz","data/raw/hpc/HPC 0120-5.npz","296","3885","0120-5-CA1002","0120-5-CA1002","0.05867677487829513","0.40435668627749916","-0.3959427719444419","0.40435668627749916","hpc_mlp_round4","review_rounds/hpc_mlp_round4_reviewed_labels.csv","weak_first_peak","weak_first_peak",""
"66","HPC 0120-5.npz","data/raw/hpc/HPC 0120-5.npz","300","3940","0120-5-CA1002","0120-5-CA1002","0.021390458481282577","4.230147520025593","-0.07331645793725389","4.230147520025593","hpc_random100","review_rounds/hpc_random100_reviewed_labels.csv","sustained_response","sustained_response",""
"67","HPC 0120-5.npz","data/raw/hpc/HPC 0120-5.npz","319","564","0120-5-CA1003","0120-5-CA1003","0.054895549827992066","0.6437675403759071","-0.18076993197190594","0.6437675403759071","hpc_model_round2","review_rounds/hpc_model_round2_reviewed_labels.csv","weak_first_peak","weak_first_peak",""
"68","HPC 0120-5.npz","data/raw/hpc/HPC 0120-5.npz","322","644","0120-5-CA1003","0120-5-CA1003","-0.02840935823208223","0.357261782517696","-0.38595521222465573","0.38595521222465573","hpc_model_round1","review_rounds/hpc_model_round1_reviewed_labels.csv","weak_first_peak","strong_first_peak",""
"69","HPC 0120-5.npz","data/raw/hpc/HPC 0120-5.npz","329","960","0120-5-CA1003","0120-5-CA1003","0.001985506573859817","1.1992799366438798","-0.10663555631758742","1.1992799366438798","hpc_random100","review_rounds/hpc_random100_reviewed_labels.csv","strong_first_peak","strong_first_peak",""
"70","HPC 0120-5.npz","data/raw/hpc/HPC 0120-5.npz","394","3851","0120-5-CA1003","0120-5-CA1003","-0.021907112903825104","0.2699645992219649","-0.48364816074649797","0.48364816074649797","hpc_targeted_round3","review_rounds/hpc_targeted_round3_reviewed_labels.csv","weak_first_peak","weak_first_peak",""
"71","HPC 0120-5.npz","data/raw/hpc/HPC 0120-5.npz","422","340","0120-5-CA1004","0120-5-CA1004","-0.003180710949034849","0.43363413286869656","-0.08089207986755284","0.43363413286869656","hpc_mlp_round4","review_rounds/hpc_mlp_round4_reviewed_labels.csv","second_peak","second_peak",""
"72","HPC 0120-5.npz","data/raw/hpc/HPC 0120-5.npz","424","354","0120-5-CA1004","0120-5-CA1004","0.00464788785030519","0.34230955829706394","-0.03022187209094637","0.34230955829706394","hpc_random100","review_rounds/hpc_random100_reviewed_labels.csv","no_response","sustained_response",""
"73","HPC 0120-5.npz","data/raw/hpc/HPC 0120-5.npz","437","836","0120-5-CA1004","0120-5-CA1004","0.07158245750999352","0.25082806559240656","-0.05230154704593523","0.25082806559240656","hpc_model_round2","review_rounds/hpc_model_round2_reviewed_labels.csv","no_response","no_response",""
"74","HPC 0120-5.npz","data/raw/hpc/HPC 0120-5.npz","447","1224","0120-5-CA1004","0120-5-CA1004","0.23320923829216608","11.099987102186786","-0.907072926823863","11.099987102186786","hpc_mlp_round4","review_rounds/hpc_mlp_round4_reviewed_labels.csv","strong_first_peak","strong_first_peak",""
"75","HPC 0120-5.npz","data/raw/hpc/HPC 0120-5.npz","510","3545","0120-5-CA1004","0120-5-CA1004","-0.025757796780431608","2.759135029689599","-0.07165861004896071","2.759135029689599","hpc_targeted_round3","review_rounds/hpc_targeted_round3_reviewed_labels.csv","second_peak","second_peak",""
"76","HPC 0120-5.npz","data/raw/hpc/HPC 0120-5.npz","525","4077","0120-5-CA1004","0120-5-CA1004","-0.005820587422189265","0.12657292631504705","-0.4823327668347089","0.4823327668347089","hpc_targeted_round3","review_rounds/hpc_targeted_round3_reviewed_labels.csv","weak_first_peak","weak_first_peak",""
"77","HPC 0120-5.npz","data/raw/hpc/HPC 0120-5.npz","533","4444","0120-5-CA1004","0120-5-CA1004","0.020498856965841073","0.20474339866539182","-0.04028419124768933","0.20474339866539182","hpc_model_round1","review_rounds/hpc_model_round1_reviewed_labels.csv","strong_first_peak","strong_first_peak",""
"78","HPC 0120-5.npz","data/raw/hpc/HPC 0120-5.npz","553","104","0120-5-CA1005","0120-5-CA1005","-0.025235490990532922","0.2699608758185028","-0.43068996913440777","0.43068996913440777","hpc_model_round2","review_rounds/hpc_model_round2_reviewed_labels.csv","weak_first_peak","weak_first_peak",""
"79","HPC 0120-5.npz","data/raw/hpc/HPC 0120-5.npz","573","457","0120-5-CA1005","0120-5-CA1005","-0.03311282036094007","0.5694811501895597","-0.021192490337673307","0.5694811501895597","hpc_random100","review_rounds/hpc_random100_reviewed_labels.csv","sustained_response","sustained_response",""
"80","HPC 0120-5.npz","data/raw/hpc/HPC 0120-5.npz","588","664","0120-5-CA1005","0120-5-CA1005","0.032946780729158104","0.05554714896146168","-0.9385530940593387","0.9385530940593387","hpc_mlp_round4","review_rounds/hpc_mlp_round4_reviewed_labels.csv","inhibition","inhibition",""
"81","HPC 0120-5.npz","data/raw/hpc/HPC 0120-5.npz","650","2496","0120-5-CA1005","0120-5-CA1005","-0.007056037997044381","0.033183465605311165","-0.7012057710842305","0.7012057710842305","hpc_random100","review_rounds/hpc_random100_reviewed_labels.csv","inhibition","inhibition",""
"82","HPC 0120-5.npz","data/raw/hpc/HPC 0120-5.npz","680","3289","0120-5-CA1005","0120-5-CA1005","0.024284950885851295","0.3385293143574608","-0.06470870233848686","0.3385293143574608","hpc_targeted_round3","review_rounds/hpc_targeted_round3_reviewed_labels.csv","strong_first_peak","sustained_response",""
"83","HPC 0120-5.npz","data/raw/hpc/HPC 0120-5.npz","707","4205","0120-5-CA1005","0120-5-CA1005","-0.03291533853552306","0.24166863805993538","-0.068103459699766","0.24166863805993538","hpc_mlp_round4","review_rounds/hpc_mlp_round4_reviewed_labels.csv","no_response","no_response",""
"84","HPC 0120-5.npz","data/raw/hpc/HPC 0120-5.npz","712","4275","0120-5-CA1005","0120-5-CA1005","-0.05339289636122279","4.929655034021393","-0.05968426402096475","4.929655034021393","hpc_targeted_round3","review_rounds/hpc_targeted_round3_reviewed_labels.csv","sustained_response","sustained_response",""
"85","HPC 0120-5.npz","data/raw/hpc/HPC 0120-5.npz","716","4515","0120-5-CA1005","0120-5-CA1005","-0.03719477158628261","4.520287034640943","-0.034553506112844454","4.520287034640943","hpc_targeted_round3","review_rounds/hpc_targeted_round3_reviewed_labels.csv","second_peak","second_peak",""
"86","HPC 0120-5.npz","data/raw/hpc/HPC 0120-5.npz","745","126","0120-5-CA1006","0120-5-CA1006","0.03567408639363956","0.7528745083066667","-0.11533570857169496","0.7528745083066667","hpc_random_forest_second_dual_round6","review_rounds/hpc_random_forest_second_dual_round6_reviewed_labels.csv","second_peak","complex",""
"87","HPC 0120-5.npz","data/raw/hpc/HPC 0120-5.npz","756","385","0120-5-CA1006","0120-5-CA1006","-0.01565465844665856","4.3833843475035765","-0.27522258770028807","4.3833843475035765","hpc_random100","review_rounds/hpc_random100_reviewed_labels.csv","sustained_response","sustained_response",""
"88","HPC 0120-5.npz","data/raw/hpc/HPC 0120-5.npz","765","700","0120-5-CA1006","0120-5-CA1006","-0.0018175701592242645","0.07785965529352495","-0.20633854755569295","0.20633854755569295","hpc_mlp_round4","review_rounds/hpc_mlp_round4_reviewed_labels.csv","no_response","no_response",""
"89","HPC 0120-5.npz","data/raw/hpc/HPC 0120-5.npz","766","708","0120-5-CA1006","0120-5-CA1006","0.007490981698115122","0.5959839499310172","-0.595752554289357","0.5959839499310172","hpc_random_forest_second_dual_round6","review_rounds/hpc_random_forest_second_dual_round6_reviewed_labels.csv","second_peak","second_peak",""
"90","HPC 0120-5.npz","data/raw/hpc/HPC 0120-5.npz","768","909","0120-5-CA1006","0120-5-CA1006","-0.023543060678723287","0.23279545483253802","-0.472666848509024","0.472666848509024","hpc_model_round2","review_rounds/hpc_model_round2_reviewed_labels.csv","strong_first_peak","strong_first_peak",""
"91","HPC 0120-5.npz","data/raw/hpc/HPC 0120-5.npz","798","2019","0120-5-CA1006","0120-5-CA1006","-0.030099545265609887","0.11306824460681694","-0.4592357862277301","0.4592357862277301","hpc_model_round2","review_rounds/hpc_model_round2_reviewed_labels.csv","no_response","no_response",""
"92","HPC 0120-5.npz","data/raw/hpc/HPC 0120-5.npz","804","2182","0120-5-CA1006","0120-5-CA1006","-0.025556982587866886","1.009213575554427","-0.04336668812594707","1.009213575554427","hpc_mlp_round4","review_rounds/hpc_mlp_round4_reviewed_labels.csv","sustained_response","sustained_response",""
"93","HPC 0120-5.npz","data/raw/hpc/HPC 0120-5.npz","832","3156","0120-5-CA1006","0120-5-CA1006","-0.027572863104713134","0.5827162465001989","-0.031883747413170876","0.5827162465001989","hpc_random_forest_second_dual_round6","review_rounds/hpc_random_forest_second_dual_round6_reviewed_labels.csv","second_peak","complex",""
"94","HPC 0120-5.npz","data/raw/hpc/HPC 0120-5.npz","835","3252","0120-5-CA1006","0120-5-CA1006","-0.036214318434395036","1.034918934938283","-0.28059087616314954","1.034918934938283","hpc_model_round2","review_rounds/hpc_model_round2_reviewed_labels.csv","sustained_response","sustained_response",""
"95","HPC 0120-5.npz","data/raw/hpc/HPC 0120-5.npz","864","3951","0120-5-CA1006","0120-5-CA1006","-0.015871296991809454","0.16847486719682386","-0.523608041246955","0.523608041246955","hpc_targeted_round3","review_rounds/hpc_targeted_round3_reviewed_labels.csv","weak_first_peak","weak_first_peak",""
"96","HPC 0120-5.npz","data/raw/hpc/HPC 0120-5.npz","884","139","0120-5-CA1","0120-5-CA1","-0.03342555221193198","1.0767821463374545","-0.18239353798195518","1.0767821463374545","hpc_mlp_round4","review_rounds/hpc_mlp_round4_reviewed_labels.csv","second_peak","sustained_response",""
"97","HPC 0120-5.npz","data/raw/hpc/HPC 0120-5.npz","905","1411","0120-5-CA1","0120-5-CA1","-0.014437970954868425","0.32631803510664453","-0.07803507280780818","0.32631803510664453","hpc_mlp_round4","review_rounds/hpc_mlp_round4_reviewed_labels.csv","no_response","no_response",""
"98","HPC 0120-5.npz","data/raw/hpc/HPC 0120-5.npz","919","1936","0120-5-CA1","0120-5-CA1","0.20767404440768603","26.76605887245219","-0.24303378910148715","26.76605887245219","hpc_mlp_round4","review_rounds/hpc_mlp_round4_reviewed_labels.csv","sustained_response","sustained_response",""
"99","HPC 0203-2.npz","data/raw/hpc/HPC 0203-2.npz","2","77","0203-2-A5-40X001","0203-2-A5-40X001","-0.009537985493724671","0.26923699908645005","-0.011160205374946434","0.26923699908645005","hpc_model_round2","review_rounds/hpc_model_round2_reviewed_labels.csv","no_response","sustained_response",""
"100","HPC 0203-2.npz","data/raw/hpc/HPC 0203-2.npz","4","155","0203-2-A5-40X001","0203-2-A5-40X001","0.11438396333122292","0.021677803645601568","-0.36992883214505","0.36992883214505","hpc_random100","review_rounds/hpc_random100_reviewed_labels.csv","inhibition","inhibition",""
"101","HPC 0203-2.npz","data/raw/hpc/HPC 0203-2.npz","33","1021","0203-2-A5-40X001","0203-2-A5-40X001","-0.004153009735961268","0.14017890134001934","-0.2815397442524948","0.2815397442524948","hpc_random100","review_rounds/hpc_random100_reviewed_labels.csv","inhibition","inhibition",""
"102","HPC 0203-2.npz","data/raw/hpc/HPC 0203-2.npz","38","1425","0203-2-A5-40X001","0203-2-A5-40X001","-0.00036414899793883905","23.64800714247864","-0.06240127246622293","23.64800714247864","hpc_mlp_round4","review_rounds/hpc_mlp_round4_reviewed_labels.csv","sustained_response","sustained_response",""
"103","HPC 0203-2.npz","data/raw/hpc/HPC 0203-2.npz","43","1680","0203-2-A5-40X001","0203-2-A5-40X001","0.007284951657540307","1.374809364237414","-0.25787138195775394","1.374809364237414","hpc_model_round2","review_rounds/hpc_model_round2_reviewed_labels.csv","strong_first_peak","strong_first_peak",""
"104","HPC 0203-2.npz","data/raw/hpc/HPC 0203-2.npz","50","1988","0203-2-A5-40X001","0203-2-A5-40X001","-0.02273031094671554","0.26092881422212155","-0.5553214420568766","0.5553214420568766","hpc_model_round1","review_rounds/hpc_model_round1_reviewed_labels.csv","weak_first_peak","weak_first_peak",""
"105","HPC 0203-2.npz","data/raw/hpc/HPC 0203-2.npz","62","2579","0203-2-A5-40X001","0203-2-A5-40X001","0.030694905382371924","0.2332234274673586","-0.09309537705289338","0.2332234274673586","hpc_mlp_round4","review_rounds/hpc_mlp_round4_reviewed_labels.csv","sustained_response","sustained_response",""
"106","HPC 0203-2.npz","data/raw/hpc/HPC 0203-2.npz","64","2604","0203-2-A5-40X001","0203-2-A5-40X001","-0.01850928999781153","0.3932976119355439","-0.4969111852765752","0.4969111852765752","hpc_model_round2","review_rounds/hpc_model_round2_reviewed_labels.csv","weak_first_peak","weak_first_peak",""
"107","HPC 0203-2.npz","data/raw/hpc/HPC 0203-2.npz","114","4760","0203-2-A5-40X001","0203-2-A5-40X001","0.011124953940012325","0.21126511863859215","-0.18294362458568575","0.21126511863859215","hpc_mlp_round4","review_rounds/hpc_mlp_round4_reviewed_labels.csv","no_response","no_response",""
"108","HPC 0203-2.npz","data/raw/hpc/HPC 0203-2.npz","131","477","0203-2-A5-40X002","0203-2-A5-40X002","0.03503051402713983","0.4537237512332343","-0.11167818797413206","0.4537237512332343","hpc_targeted_round3","review_rounds/hpc_targeted_round3_reviewed_labels.csv","sustained_response","sustained_response",""
"109","HPC 0203-2.npz","data/raw/hpc/HPC 0203-2.npz","148","1112","0203-2-A5-40X002","0203-2-A5-40X002","-0.011933245995437405","1.4629126192887743","-0.23257813404149166","1.4629126192887743","hpc_model_round1","review_rounds/hpc_model_round1_reviewed_labels.csv","strong_first_peak","strong_first_peak",""
"110","HPC 0203-2.npz","data/raw/hpc/HPC 0203-2.npz","149","1115","0203-2-A5-40X002","0203-2-A5-40X002","-0.017711709539850747","3.6079192861989697","-0.08657772634045444","3.6079192861989697","hpc_targeted_round3","review_rounds/hpc_targeted_round3_reviewed_labels.csv","dual_peak","complex",""
"111","HPC 0203-2.npz","data/raw/hpc/HPC 0203-2.npz","170","1659","0203-2-A5-40X002","0203-2-A5-40X002","0.0332719244967092","0.8107037787854899","-0.10390179919503575","0.8107037787854899","hpc_model_round2","review_rounds/hpc_model_round2_reviewed_labels.csv","second_peak","complex",""
"112","HPC 0203-2.npz","data/raw/hpc/HPC 0203-2.npz","179","1912","0203-2-A5-40X002","0203-2-A5-40X002","-0.010242125957734433","2.3400783646290373","-0.03163985591750611","2.3400783646290373","hpc_random_forest_second_dual_round6","review_rounds/hpc_random_forest_second_dual_round6_reviewed_labels.csv","second_peak","second_peak",""
"113","HPC 0203-2.npz","data/raw/hpc/HPC 0203-2.npz","184","2067","0203-2-A5-40X002","0203-2-A5-40X002","0.026277749497443575","0.2545439999298428","-0.10856096057480655","0.2545439999298428","hpc_targeted_round3","review_rounds/hpc_targeted_round3_reviewed_labels.csv","no_response","no_response",""
"114","HPC 0203-2.npz","data/raw/hpc/HPC 0203-2.npz","192","2226","0203-2-A5-40X002","0203-2-A5-40X002","-0.054111336506563065","1.5045210476029645","-0.09187231490242397","1.5045210476029645","hpc_targeted_round3","review_rounds/hpc_targeted_round3_reviewed_labels.csv","strong_first_peak","strong_first_peak",""
"115","HPC 0203-2.npz","data/raw/hpc/HPC 0203-2.npz","194","2311","0203-2-A5-40X002","0203-2-A5-40X002","-0.02919681150163364","0.5629463585077998","-0.012957002758695706","0.5629463585077998","hpc_model_round1","review_rounds/hpc_model_round1_reviewed_labels.csv","sustained_response","sustained_response",""
"116","HPC 0203-2.npz","data/raw/hpc/HPC 0203-2.npz","266","1716","0203-2-B2-40X001","0203-2-B2-40X001","0.09192104948785292","1.9212259730489942","-0.1818039988595982","1.9212259730489942","hpc_mlp_round4","review_rounds/hpc_mlp_round4_reviewed_labels.csv","second_peak","complex",""
"117","HPC 0203-2.npz","data/raw/hpc/HPC 0203-2.npz","267","1765","0203-2-B2-40X001","0203-2-B2-40X001","-0.048716164258377034","0.1117235489190109","-0.8833213665034051","0.8833213665034051","hpc_mlp_round4","review_rounds/hpc_mlp_round4_reviewed_labels.csv","inhibition","inhibition",""
"118","HPC 0203-2.npz","data/raw/hpc/HPC 0203-2.npz","301","2988","0203-2-B2-40X001","0203-2-B2-40X001","-0.07807347460829504","1.0030389530788508","-0.08795671168859438","1.0030389530788508","hpc_random_forest_second_dual_round6","review_rounds/hpc_random_forest_second_dual_round6_reviewed_labels.csv","second_peak","second_peak",""
"119","HPC 0203-2.npz","data/raw/hpc/HPC 0203-2.npz","306","3372","0203-2-B2-40X001","0203-2-B2-40X001","0.008593608791858404","1.0446388025342412","-0.05463017877112991","1.0446388025342412","hpc_random_forest_second_dual_round6","review_rounds/hpc_random_forest_second_dual_round6_reviewed_labels.csv","sustained_response","sustained_response",""
"120","HPC 0203-2.npz","data/raw/hpc/HPC 0203-2.npz","308","3417","0203-2-B2-40X001","0203-2-B2-40X001","-0.022468761860429103","0.4574887664395213","-0.05971955705442353","0.4574887664395213","hpc_targeted_round3","review_rounds/hpc_targeted_round3_reviewed_labels.csv","sustained_response","sustained_response",""
"121","HPC 0203-2.npz","data/raw/hpc/HPC 0203-2.npz","330","3986","0203-2-B2-40X001","0203-2-B2-40X001","0.008907093765887877","0.32619747729499143","-0.06267982134116022","0.32619747729499143","hpc_targeted_round3","review_rounds/hpc_targeted_round3_reviewed_labels.csv","dual_peak","dual_peak",""
"122","HPC 0203-2.npz","data/raw/hpc/HPC 0203-2.npz","332","4049","0203-2-B2-40X001","0203-2-B2-40X001","-0.4094922604491781","2.1925759879730884","-0.04607787414528508","2.1925759879730884","hpc_random_forest_second_dual_round6","review_rounds/hpc_random_forest_second_dual_round6_reviewed_labels.csv","strong_first_peak","strong_first_peak",""
"123","HPC 0203-2.npz","data/raw/hpc/HPC 0203-2.npz","344","4456","0203-2-B2-40X001","0203-2-B2-40X001","-0.0039382775240071315","2.19652752385849","-0.03208261291424113","2.19652752385849","hpc_targeted_round3","review_rounds/hpc_targeted_round3_reviewed_labels.csv","sustained_response","sustained_response",""
"124","HPC 0203-2.npz","data/raw/hpc/HPC 0203-2.npz","355","4959","0203-2-B2-40X001","0203-2-B2-40X001","-0.05378659824623495","0.49521819696061226","-0.011160570451412104","0.49521819696061226","hpc_random_forest_second_dual_round6","review_rounds/hpc_random_forest_second_dual_round6_reviewed_labels.csv","dual_peak","dual_peak",""
"125","HPC 0203-2.npz","data/raw/hpc/HPC 0203-2.npz","362","108","0203-2-B2-40X002","0203-2-B2-40X002","-0.04528560051401285","1.698487452874346","-0.2983581240678434","1.698487452874346","hpc_model_round1","review_rounds/hpc_model_round1_reviewed_labels.csv","strong_first_peak","strong_first_peak",""
"126","HPC 0203-2.npz","data/raw/hpc/HPC 0203-2.npz","375","417","0203-2-B2-40X002","0203-2-B2-40X002","0.6286075020539212","43.36801467691625","-0.2820516224570087","43.36801467691625","hpc_mlp_round4","review_rounds/hpc_mlp_round4_reviewed_labels.csv","strong_first_peak","strong_first_peak",""
"127","HPC 0203-2.npz","data/raw/hpc/HPC 0203-2.npz","395","1120","0203-2-B2-40X002","0203-2-B2-40X002","0.016415411656081697","0.6215414094998981","-0.0760871105234574","0.6215414094998981","hpc_mlp_round4","review_rounds/hpc_mlp_round4_reviewed_labels.csv","second_peak","second_peak",""
"128","HPC 0203-2.npz","data/raw/hpc/HPC 0203-2.npz","396","1122","0203-2-B2-40X002","0203-2-B2-40X002","-0.04139642325243297","2.9778936088835364","-0.0790255923130824","2.9778936088835364","hpc_targeted_round3","review_rounds/hpc_targeted_round3_reviewed_labels.csv","sustained_response","sustained_response",""
"129","HPC 0203-2.npz","data/raw/hpc/HPC 0203-2.npz","412","1534","0203-2-B2-40X002","0203-2-B2-40X002","0.02203779286681566","0.2956513063170058","-0.08146086737479755","0.2956513063170058","hpc_model_round2","review_rounds/hpc_model_round2_reviewed_labels.csv","sustained_response","sustained_response",""
"130","HPC 0203-2.npz","data/raw/hpc/HPC 0203-2.npz","416","1705","0203-2-B2-40X002","0203-2-B2-40X002","-0.02990038084868064","2.314553118010112","-0.010037955010680801","2.314553118010112","hpc_model_round2","review_rounds/hpc_model_round2_reviewed_labels.csv","sustained_response","sustained_response",""
"131","HPC 0203-2.npz","data/raw/hpc/HPC 0203-2.npz","433","2103","0203-2-B2-40X002","0203-2-B2-40X002","0.007520871995799037","0.8441843811050548","-0.3435746811195089","0.8441843811050548","hpc_random100","review_rounds/hpc_random100_reviewed_labels.csv","strong_first_peak","sustained_response",""
"132","HPC 0203-2.npz","data/raw/hpc/HPC 0203-2.npz","437","2193","0203-2-B2-40X002","0203-2-B2-40X002","-0.01632773411324938","1.9987092753337619","-0.03917649287952915","1.9987092753337619","hpc_model_round2","review_rounds/hpc_model_round2_reviewed_labels.csv","sustained_response","sustained_response",""
"133","HPC 0203-2.npz","data/raw/hpc/HPC 0203-2.npz","442","2336","0203-2-B2-40X002","0203-2-B2-40X002","-0.023125914162483854","1.408420742027028","-0.32277970112821763","1.408420742027028","hpc_model_round2","review_rounds/hpc_model_round2_reviewed_labels.csv","strong_first_peak","strong_first_peak",""
"134","HPC 0203-2.npz","data/raw/hpc/HPC 0203-2.npz","446","2370","0203-2-B2-40X002","0203-2-B2-40X002","-0.034516998682827454","0.5870090101387014","-0.035121587094919804","0.5870090101387014","hpc_random_forest_second_dual_round6","review_rounds/hpc_random_forest_second_dual_round6_reviewed_labels.csv","sustained_response","sustained_response",""
"135","HPC 0203-2.npz","data/raw/hpc/HPC 0203-2.npz","459","2661","0203-2-B2-40X002","0203-2-B2-40X002","0.0257817969059735","0.2657758517909193","-0.6730310132936881","0.6730310132936881","hpc_targeted_round3","review_rounds/hpc_targeted_round3_reviewed_labels.csv","inhibition","inhibition",""
"136","HPC 0203-2.npz","data/raw/hpc/HPC 0203-2.npz","461","2706","0203-2-B2-40X002","0203-2-B2-40X002","0.006967569718602396","2.259664983350962","-0.036432770083446815","2.259664983350962","hpc_targeted_round3","review_rounds/hpc_targeted_round3_reviewed_labels.csv","sustained_response","sustained_response",""
"137","HPC 0203-2.npz","data/raw/hpc/HPC 0203-2.npz","463","2761","0203-2-B2-40X002","0203-2-B2-40X002","0.0839614818511949","1.7198448771129526","-0.0482151055687625","1.7198448771129526","hpc_model_round1","review_rounds/hpc_model_round1_reviewed_labels.csv","sustained_response","sustained_response",""
"138","HPC 0203-2.npz","data/raw/hpc/HPC 0203-2.npz","470","2998","0203-2-B2-40X002","0203-2-B2-40X002","-0.03413589342846308","12.57625275929202","-0.038881587115616144","12.57625275929202","hpc_mlp_round4","review_rounds/hpc_mlp_round4_reviewed_labels.csv","sustained_response","sustained_response",""
"139","HPC 0203-2.npz","data/raw/hpc/HPC 0203-2.npz","476","3123","0203-2-B2-40X002","0203-2-B2-40X002","0.008107403617022377","0.7118108963040827","-0.09685368399489977","0.7118108963040827","hpc_model_round1","review_rounds/hpc_model_round1_reviewed_labels.csv","strong_first_peak","strong_first_peak",""
"140","HPC 0203-2.npz","data/raw/hpc/HPC 0203-2.npz","487","3587","0203-2-B2-40X002","0203-2-B2-40X002","0.01154620461203752","0.2109751533737901","-0.07246170526881963","0.2109751533737901","hpc_targeted_round3","review_rounds/hpc_targeted_round3_reviewed_labels.csv","sustained_response","sustained_response",""
"141","HPC 0203-2.npz","data/raw/hpc/HPC 0203-2.npz","532","163","0203-2-B2-40X003","0203-2-B2-40X003","0.00785262446898907","10.454329895700345","-0.06980874928095691","10.454329895700345","hpc_mlp_round4","review_rounds/hpc_mlp_round4_reviewed_labels.csv","sustained_response","sustained_response",""
"142","HPC 0203-2.npz","data/raw/hpc/HPC 0203-2.npz","548","533","0203-2-B2-40X003","0203-2-B2-40X003","0.024960667374773902","0.760323247240256","-0.09110852573305536","0.760323247240256","hpc_random_forest_second_dual_round6","review_rounds/hpc_random_forest_second_dual_round6_reviewed_labels.csv","sustained_response","sustained_response",""
"143","HPC 0203-2.npz","data/raw/hpc/HPC 0203-2.npz","597","1864","0203-2-B2-40X003","0203-2-B2-40X003","-0.011722446243098962","7.724232954155002","-0.009450277282529111","7.724232954155002","hpc_model_round2","review_rounds/hpc_model_round2_reviewed_labels.csv","second_peak","second_peak",""
"144","HPC 0203-2.npz","data/raw/hpc/HPC 0203-2.npz","598","1923","0203-2-B2-40X003","0203-2-B2-40X003","-0.0013915176096104473","0.3870017703233923","-0.14395569425159718","0.3870017703233923","hpc_random_forest_second_dual_round6","review_rounds/hpc_random_forest_second_dual_round6_reviewed_labels.csv","second_peak","second_peak",""
"145","HPC 0203-2.npz","data/raw/hpc/HPC 0203-2.npz","612","2318","0203-2-B2-40X003","0203-2-B2-40X003","-0.016241536430481793","0.037621310398631036","-0.3726489108824745","0.3726489108824745","hpc_targeted_round3","review_rounds/hpc_targeted_round3_reviewed_labels.csv","inhibition","inhibition",""
"146","HPC 0203-2.npz","data/raw/hpc/HPC 0203-2.npz","627","2657","0203-2-B2-40X003","0203-2-B2-40X003","0.008452568773712517","0.039050360511965615","-0.8060488477115111","0.8060488477115111","hpc_random100","review_rounds/hpc_random100_reviewed_labels.csv","inhibition","inhibition",""
"147","HPC 0203-2.npz","data/raw/hpc/HPC 0203-2.npz","632","2769","0203-2-B2-40X003","0203-2-B2-40X003","-0.0038339985457144054","0.013904794392067312","-0.24364275949651332","0.24364275949651332","hpc_targeted_round3","review_rounds/hpc_targeted_round3_reviewed_labels.csv","inhibition","inhibition",""
"148","HPC 0203-2.npz","data/raw/hpc/HPC 0203-2.npz","642","3051","0203-2-B2-40X003","0203-2-B2-40X003","-0.03756129568753164","1.4577868562354253","-0.3861910716823961","1.4577868562354253","hpc_model_round1","review_rounds/hpc_model_round1_reviewed_labels.csv","strong_first_peak","strong_first_peak",""
"149","HPC 0203-2.npz","data/raw/hpc/HPC 0203-2.npz","668","3655","0203-2-B2-40X003","0203-2-B2-40X003","-0.07429955083674594","1.1124562881684563","-0.058722687515980615","1.1124562881684563","hpc_model_round2","review_rounds/hpc_model_round2_reviewed_labels.csv","sustained_response","sustained_response",""
"150","HPC 0203-2.npz","data/raw/hpc/HPC 0203-2.npz","701","566","0203-2-B2-40X","0203-2-B2-40X","-0.008051114261743342","0.1022263260873611","-0.8859013903027294","0.8859013903027294","hpc_random100","review_rounds/hpc_random100_reviewed_labels.csv","inhibition","inhibition",""
"151","HPC 0203-2.npz","data/raw/hpc/HPC 0203-2.npz","702","622","0203-2-B2-40X","0203-2-B2-40X","0.01836048848040315","8.447925904911601","-0.08430999024063943","8.447925904911601","hpc_mlp_round4","review_rounds/hpc_mlp_round4_reviewed_labels.csv","sustained_response","sustained_response",""
"152","HPC 0203-2.npz","data/raw/hpc/HPC 0203-2.npz","730","2372","0203-2-B2-40X","0203-2-B2-40X","0.024588442575916806","1.8659167911153625","-0.062155039776301366","1.8659167911153625","hpc_model_round1","review_rounds/hpc_model_round1_reviewed_labels.csv","sustained_response","sustained_response",""
"153","HPC 0203-2.npz","data/raw/hpc/HPC 0203-2.npz","748","3626","0203-2-B2-40X","0203-2-B2-40X","0.010577362367249316","0.015191505878202212","-0.6825868079314946","0.6825868079314946","hpc_model_round1","review_rounds/hpc_model_round1_reviewed_labels.csv","inhibition","inhibition",""
"154","HPC 0203-2.npz","data/raw/hpc/HPC 0203-2.npz","756","3953","0203-2-B2-40X","0203-2-B2-40X","0.0011088882670817147","0.5306158720621796","-0.06778525217443161","0.5306158720621796","hpc_model_round2","review_rounds/hpc_model_round2_reviewed_labels.csv","sustained_response","sustained_response",""
"155","HPC 0203-2.npz","data/raw/hpc/HPC 0203-2.npz","772","4479","0203-2-B2-40X","0203-2-B2-40X","-0.0008375085907273981","0.11835216753047459","-0.8931621898643337","0.8931621898643337","hpc_model_round1","review_rounds/hpc_model_round1_reviewed_labels.csv","inhibition","inhibition",""
"156","HPC 0203-3.npz","data/raw/hpc/HPC 0203-3.npz","0","25","0203-3-B5001","0203-3-B5001","-0.1664291572526295","6.925322022973119","-0.062380003996191646","6.925322022973119","hpc_random_forest_second_dual_round6","review_rounds/hpc_random_forest_second_dual_round6_reviewed_labels.csv","sustained_response","sustained_response",""
"157","HPC 0203-3.npz","data/raw/hpc/HPC 0203-3.npz","20","529","0203-3-B5001","0203-3-B5001","-0.002723350191833752","0.23804084458639835","-0.07124648568076127","0.23804084458639835","hpc_model_round1","review_rounds/hpc_model_round1_reviewed_labels.csv","no_response","no_response",""
"158","HPC 0203-3.npz","data/raw/hpc/HPC 0203-3.npz","51","1464","0203-3-B5001","0203-3-B5001","0.16169852523699804","13.926904742469093","-0.16363541610411964","13.926904742469093","hpc_targeted_round3","review_rounds/hpc_targeted_round3_reviewed_labels.csv","dual_peak","dual_peak",""
"159","HPC 0203-3.npz","data/raw/hpc/HPC 0203-3.npz","54","1531","0203-3-B5001","0203-3-B5001","0.024472075259499543","4.722578123673001","-0.06226151579057779","4.722578123673001","hpc_model_round2","review_rounds/hpc_model_round2_reviewed_labels.csv","second_peak","complex",""
"160","HPC 0203-3.npz","data/raw/hpc/HPC 0203-3.npz","68","1863","0203-3-B5001","0203-3-B5001","-0.12231484773592656","1.0377472196769117","-0.30107447412515514","1.0377472196769117","hpc_model_round1","review_rounds/hpc_model_round1_reviewed_labels.csv","strong_first_peak","strong_first_peak",""
"161","HPC 0203-3.npz","data/raw/hpc/HPC 0203-3.npz","84","2267","0203-3-B5001","0203-3-B5001","0.39544664264288965","43.628660807610494","-0.4756501712763369","43.628660807610494","hpc_mlp_round4","review_rounds/hpc_mlp_round4_reviewed_labels.csv","sustained_response","sustained_response",""
"162","HPC 0203-3.npz","data/raw/hpc/HPC 0203-3.npz","87","2339","0203-3-B5001","0203-3-B5001","0.02010824060878846","0.017877151567288686","-0.9050115006090054","0.9050115006090054","hpc_model_round1","review_rounds/hpc_model_round1_reviewed_labels.csv","inhibition","inhibition",""
"163","HPC 0203-3.npz","data/raw/hpc/HPC 0203-3.npz","98","2713","0203-3-B5001","0203-3-B5001","0.06521268665736046","0.4600225278191008","-0.06560698585512376","0.4600225278191008","hpc_random_forest_second_dual_round6","review_rounds/hpc_random_forest_second_dual_round6_reviewed_labels.csv","dual_peak","dual_peak",""
"164","HPC 0203-3.npz","data/raw/hpc/HPC 0203-3.npz","137","231","0203-3-B5002","0203-3-B5002","-0.11498155990406261","45.378171613727666","-0.05615922548336147","45.378171613727666","hpc_mlp_round4","review_rounds/hpc_mlp_round4_reviewed_labels.csv","strong_first_peak","strong_first_peak",""
"165","HPC 0203-3.npz","data/raw/hpc/HPC 0203-3.npz","155","713","0203-3-B5002","0203-3-B5002","0.020451721856099742","1.5098783920212162","-0.0848423625287492","1.5098783920212162","hpc_mlp_round4","review_rounds/hpc_mlp_round4_reviewed_labels.csv","sustained_response","sustained_response",""
"166","HPC 0203-3.npz","data/raw/hpc/HPC 0203-3.npz","160","793","0203-3-B5002","0203-3-B5002","-0.01160004597181707","0.11392522417437059","-0.3758872316033831","0.3758872316033831","hpc_targeted_round3","review_rounds/hpc_targeted_round3_reviewed_labels.csv","weak_first_peak","weak_first_peak",""
"167","HPC 0203-3.npz","data/raw/hpc/HPC 0203-3.npz","167","1121","0203-3-B5002","0203-3-B5002","-0.010098318154842889","0.22802413428396587","-0.0612505787729166","0.22802413428396587","hpc_mlp_round4","review_rounds/hpc_mlp_round4_reviewed_labels.csv","no_response","no_response",""
"168","HPC 0203-3.npz","data/raw/hpc/HPC 0203-3.npz","180","1477","0203-3-B5002","0203-3-B5002","-0.028187974711753844","0.15124804287407612","-0.4204248575705565","0.4204248575705565","hpc_targeted_round3","review_rounds/hpc_targeted_round3_reviewed_labels.csv","weak_first_peak","weak_first_peak",""
"169","HPC 0203-3.npz","data/raw/hpc/HPC 0203-3.npz","198","1993","0203-3-B5002","0203-3-B5002","0.046570667452729766","4.679068843709564","-0.16939110917158084","4.679068843709564","hpc_targeted_round3","review_rounds/hpc_targeted_round3_reviewed_labels.csv","sustained_response","sustained_response",""
"170","HPC 0203-3.npz","data/raw/hpc/HPC 0203-3.npz","206","2134","0203-3-B5002","0203-3-B5002","-0.016622263974210193","0.21190366742340713","-0.41075877676189826","0.41075877676189826","hpc_model_round1","review_rounds/hpc_model_round1_reviewed_labels.csv","weak_first_peak","weak_first_peak",""
"171","HPC 0203-3.npz","data/raw/hpc/HPC 0203-3.npz","207","2177","0203-3-B5002","0203-3-B5002","0.017566467242887948","0.04543193923325167","-0.94696342519615","0.94696342519615","hpc_mlp_round4","review_rounds/hpc_mlp_round4_reviewed_labels.csv","inhibition","inhibition",""
"172","HPC 0203-3.npz","data/raw/hpc/HPC 0203-3.npz","230","2755","0203-3-B5002","0203-3-B5002","-0.03583635956971886","3.172949653628372","-0.022557507513627832","3.172949653628372","hpc_model_round2","review_rounds/hpc_model_round2_reviewed_labels.csv","second_peak","second_peak",""
"173","HPC 0203-3.npz","data/raw/hpc/HPC 0203-3.npz","241","2960","0203-3-B5002","0203-3-B5002","0.010239607563762075","5.27103599223595","-0.6392151207608769","5.27103599223595","hpc_mlp_round4","review_rounds/hpc_mlp_round4_reviewed_labels.csv","strong_first_peak","strong_first_peak",""
"174","HPC 0203-3.npz","data/raw/hpc/HPC 0203-3.npz","259","3371","0203-3-B5002","0203-3-B5002","0.03382228387835921","0.09637194479492654","-0.22348648455964182","0.22348648455964182","hpc_mlp_round4","review_rounds/hpc_mlp_round4_reviewed_labels.csv","no_response","no_response",""
"175","HPC 0203-3.npz","data/raw/hpc/HPC 0203-3.npz","261","3495","0203-3-B5002","0203-3-B5002","-0.0327402743686502","0.3345798214910924","-0.0887305740026596","0.3345798214910924","hpc_random100","review_rounds/hpc_random100_reviewed_labels.csv","sustained_response","sustained_response",""
"176","HPC 0203-3.npz","data/raw/hpc/HPC 0203-3.npz","262","3502","0203-3-B5002","0203-3-B5002","0.019556691622604903","4.140353117522586","-0.2363151706709148","4.140353117522586","hpc_model_round1","review_rounds/hpc_model_round1_reviewed_labels.csv","second_peak","complex",""
"177","HPC 0203-3.npz","data/raw/hpc/HPC 0203-3.npz","274","52","0203-3-B5003","0203-3-B5003","-0.15526689723434767","2.7364071028790486","-0.02139900485481505","2.7364071028790486","hpc_model_round1","review_rounds/hpc_model_round1_reviewed_labels.csv","sustained_response","sustained_response",""
"178","HPC 0203-3.npz","data/raw/hpc/HPC 0203-3.npz","280","155","0203-3-B5003","0203-3-B5003","-0.1346457724676726","4.6690999658613315","-0.176228293446436","4.6690999658613315","hpc_model_round1","review_rounds/hpc_model_round1_reviewed_labels.csv","sustained_response","sustained_response",""
"179","HPC 0203-3.npz","data/raw/hpc/HPC 0203-3.npz","286","203","0203-3-B5003","0203-3-B5003","0.00933166138415236","0.0046373636005873735","-0.727476237689475","0.727476237689475","hpc_model_round2","review_rounds/hpc_model_round2_reviewed_labels.csv","inhibition","inhibition",""
"180","HPC 0203-3.npz","data/raw/hpc/HPC 0203-3.npz","297","415","0203-3-B5003","0203-3-B5003","0.011194326482339716","0.2403701359489349","-0.042446799553524026","0.2403701359489349","hpc_model_round2","review_rounds/hpc_model_round2_reviewed_labels.csv","sustained_response","sustained_response",""
"181","HPC 0203-3.npz","data/raw/hpc/HPC 0203-3.npz","309","589","0203-3-B5003","0203-3-B5003","0.0044703145910412155","0.4576628136211037","-0.16251459153180622","0.4576628136211037","hpc_random_forest_second_dual_round6","review_rounds/hpc_random_forest_second_dual_round6_reviewed_labels.csv","sustained_response","complex",""
"182","HPC 0203-3.npz","data/raw/hpc/HPC 0203-3.npz","310","650","0203-3-B5003","0203-3-B5003","-0.03408768669670279","3.3025905361320054","-0.04204964487839633","3.3025905361320054","hpc_random_forest_second_dual_round6","review_rounds/hpc_random_forest_second_dual_round6_reviewed_labels.csv","second_peak","second_peak",""
"183","HPC 0203-3.npz","data/raw/hpc/HPC 0203-3.npz","312","707","0203-3-B5003","0203-3-B5003","1.2934296209318417","0.15905535852898933","-1.19792790016046","1.19792790016046","hpc_mlp_round4","review_rounds/hpc_mlp_round4_reviewed_labels.csv","inhibition","inhibition",""
"184","HPC 0203-3.npz","data/raw/hpc/HPC 0203-3.npz","322","993","0203-3-B5003","0203-3-B5003","0.018279481179747602","3.3911926229742306","-0.03691913943182627","3.3911926229742306","hpc_targeted_round3","review_rounds/hpc_targeted_round3_reviewed_labels.csv","sustained_response","sustained_response",""
"185","HPC 0203-3.npz","data/raw/hpc/HPC 0203-3.npz","376","2601","0203-3-B5003","0203-3-B5003","-0.05614387778057869","0.22382225312367243","-0.03134212323752485","0.22382225312367243","hpc_random100","review_rounds/hpc_random100_reviewed_labels.csv","no_response","no_response",""
"186","HPC 0203-3.npz","data/raw/hpc/HPC 0203-3.npz","380","2721","0203-3-B5003","0203-3-B5003","0.07191117948560236","0.41816494165073714","-0.13627536839759097","0.41816494165073714","hpc_model_round1","review_rounds/hpc_model_round1_reviewed_labels.csv","sustained_response","sustained_response",""
"187","HPC 0203-3.npz","data/raw/hpc/HPC 0203-3.npz","398","3035","0203-3-B5003","0203-3-B5003","0.030246583894420496","1.1091155280669478","-0.11497856676831858","1.1091155280669478","hpc_mlp_round4","review_rounds/hpc_mlp_round4_reviewed_labels.csv","second_peak","complex",""
"188","HPC 0203-3.npz","data/raw/hpc/HPC 0203-3.npz","417","3573","0203-3-B5003","0203-3-B5003","-0.03347531435233357","0.7047556157264322","-0.0066637947854351065","0.7047556157264322","hpc_model_round1","review_rounds/hpc_model_round1_reviewed_labels.csv","strong_first_peak","sustained_response",""
"189","HPC 0203-3.npz","data/raw/hpc/HPC 0203-3.npz","426","16","0203-3-B5004","0203-3-B5004","-0.0006533981581236419","0.6169664191622868","-0.026937325968838573","0.6169664191622868","hpc_model_round2","review_rounds/hpc_model_round2_reviewed_labels.csv","sustained_response","sustained_response",""
"190","HPC 0203-3.npz","data/raw/hpc/HPC 0203-3.npz","430","110","0203-3-B5004","0203-3-B5004","0.011570736388673038","1.4240380074493209","-0.1681289426919527","1.4240380074493209","hpc_mlp_round4","review_rounds/hpc_mlp_round4_reviewed_labels.csv","second_peak","complex",""
"191","HPC 0203-3.npz","data/raw/hpc/HPC 0203-3.npz","462","849","0203-3-B5004","0203-3-B5004","0.02186740926224071","0.744527759876729","-0.10673926147510357","0.744527759876729","hpc_targeted_round3","review_rounds/hpc_targeted_round3_reviewed_labels.csv","sustained_response","sustained_response",""
"192","HPC 0203-3.npz","data/raw/hpc/HPC 0203-3.npz","484","1317","0203-3-B5004","0203-3-B5004","0.010706111616783096","0.05065874301412074","-0.4329031098933999","0.4329031098933999","hpc_targeted_round3","review_rounds/hpc_targeted_round3_reviewed_labels.csv","inhibition","inhibition",""
"193","HPC 0203-3.npz","data/raw/hpc/HPC 0203-3.npz","493","1447","0203-3-B5004","0203-3-B5004","0.006697005542943264","0.04504988394643935","-0.8436752372725428","0.8436752372725428","hpc_random100","review_rounds/hpc_random100_reviewed_labels.csv","inhibition","inhibition",""
"194","HPC 0203-3.npz","data/raw/hpc/HPC 0203-3.npz","500","1682","0203-3-B5004","0203-3-B5004","-0.03732426389856337","5.623322780340687","-0.010622113313874873","5.623322780340687","hpc_model_round2","review_rounds/hpc_model_round2_reviewed_labels.csv","second_peak","complex",""
"195","HPC 0203-3.npz","data/raw/hpc/HPC 0203-3.npz","512","2047","0203-3-B5004","0203-3-B5004","0.008522003439737037","2.0169279343213073","-0.032157023465727866","2.0169279343213073","hpc_model_round2","review_rounds/hpc_model_round2_reviewed_labels.csv","sustained_response","sustained_response",""
"196","HPC 0203-3.npz","data/raw/hpc/HPC 0203-3.npz","575","3392","0203-3-B5004","0203-3-B5004","-0.03753460491324442","0.32035955706769825","-0.3745806197083587","0.3745806197083587","hpc_random100","review_rounds/hpc_random100_reviewed_labels.csv","weak_first_peak","weak_first_peak",""
"197","HPC 0203-3.npz","data/raw/hpc/HPC 0203-3.npz","599","3856","0203-3-B5004","0203-3-B5004","0.02104242050337543","0.015800018700982334","-0.7053713315221755","0.7053713315221755","hpc_model_round1","review_rounds/hpc_model_round1_reviewed_labels.csv","inhibition","inhibition",""
"198","HPC 0203-3.npz","data/raw/hpc/HPC 0203-3.npz","617","108","0203-3-C2001","0203-3-C2001","-0.03636778452834695","0.7804662867874224","-0.0920975415125627","0.7804662867874224","hpc_mlp_round4","review_rounds/hpc_mlp_round4_reviewed_labels.csv","sustained_response","complex",""
"199","HPC 0203-3.npz","data/raw/hpc/HPC 0203-3.npz","622","187","0203-3-C2001","0203-3-C2001","-0.03786362249888703","0.08857158369105654","-0.36001459405318026","0.36001459405318026","hpc_targeted_round3","review_rounds/hpc_targeted_round3_reviewed_labels.csv","no_response","no_response",""
"200","HPC 0203-3.npz","data/raw/hpc/HPC 0203-3.npz","636","435","0203-3-C2001","0203-3-C2001","0.07712263335350181","0.0324197476791432","-0.35120969070104857","0.35120969070104857","hpc_random100","review_rounds/hpc_random100_reviewed_labels.csv","inhibition","inhibition",""
"201","HPC 0203-3.npz","data/raw/hpc/HPC 0203-3.npz","648","584","0203-3-C2001","0203-3-C2001","0.017047925906050282","0.016499626194104805","-0.6308863817299382","0.6308863817299382","hpc_model_round1","review_rounds/hpc_model_round1_reviewed_labels.csv","inhibition","inhibition",""
"202","HPC 0203-3.npz","data/raw/hpc/HPC 0203-3.npz","662","869","0203-3-C2001","0203-3-C2001","0.029516472251737296","0.025617068298262272","-0.251211722987567","0.251211722987567","hpc_model_round2","review_rounds/hpc_model_round2_reviewed_labels.csv","inhibition","inhibition",""
"203","HPC 0203-3.npz","data/raw/hpc/HPC 0203-3.npz","670","1047","0203-3-C2001","0203-3-C2001","0.021315592740643128","0.05199470240372728","-0.9400211810968772","0.9400211810968772","hpc_mlp_round4","review_rounds/hpc_mlp_round4_reviewed_labels.csv","inhibition","inhibition",""
"204","HPC 0203-3.npz","data/raw/hpc/HPC 0203-3.npz","676","1161","0203-3-C2001","0203-3-C2001","0.007671590489659581","1.1460850223063845","-0.05372570153182679","1.1460850223063845","hpc_mlp_round4","review_rounds/hpc_mlp_round4_reviewed_labels.csv","sustained_response","complex",""
"205","HPC 0203-3.npz","data/raw/hpc/HPC 0203-3.npz","698","1771","0203-3-C2001","0203-3-C2001","2.158317122089141","57.58894474289862","-2.2223968546029886","57.58894474289862","hpc_mlp_round4","review_rounds/hpc_mlp_round4_reviewed_labels.csv","strong_first_peak","strong_first_peak",""
"206","HPC 0203-3.npz","data/raw/hpc/HPC 0203-3.npz","718","2200","0203-3-C2001","0203-3-C2001","0.15825445570200458","4.761629602243263","-0.5928332754156667","4.761629602243263","hpc_mlp_round4","review_rounds/hpc_mlp_round4_reviewed_labels.csv","strong_first_peak","strong_first_peak",""
"207","HPC 0203-3.npz","data/raw/hpc/HPC 0203-3.npz","727","2372","0203-3-C2001","0203-3-C2001","0.01051900743356164","2.11071446425579","-0.027529897801716073","2.11071446425579","hpc_model_round1","review_rounds/hpc_model_round1_reviewed_labels.csv","sustained_response","sustained_response",""
"208","HPC 0203-3.npz","data/raw/hpc/HPC 0203-3.npz","732","2560","0203-3-C2001","0203-3-C2001","0.8147301309076325","3.3155959420453494","-1.0059237814087227","3.3155959420453494","hpc_mlp_round4","review_rounds/hpc_mlp_round4_reviewed_labels.csv","weak_first_peak","weak_first_peak",""
"209","HPC 0203-3.npz","data/raw/hpc/HPC 0203-3.npz","740","3020","0203-3-C2001","0203-3-C2001","-0.03317737841432077","1.3052568043997679","-0.09989842157337686","1.3052568043997679","hpc_model_round1","review_rounds/hpc_model_round1_reviewed_labels.csv","strong_first_peak","strong_first_peak",""
"210","HPC 0203-3.npz","data/raw/hpc/HPC 0203-3.npz","757","3563","0203-3-C2001","0203-3-C2001","-0.02376113783241828","0.16318893915774424","-0.39834626430285136","0.39834626430285136","hpc_targeted_round3","review_rounds/hpc_targeted_round3_reviewed_labels.csv","inhibition","inhibition",""
"211","HPC 0203-3.npz","data/raw/hpc/HPC 0203-3.npz","759","3856","0203-3-C2001","0203-3-C2001","0.0022034277287058418","0.21040064636092848","-0.0650828086196273","0.21040064636092848","hpc_model_round1","review_rounds/hpc_model_round1_reviewed_labels.csv","no_response","no_response",""
"212","HPC 0203-3.npz","data/raw/hpc/HPC 0203-3.npz","765","358","0203-3-C2002","0203-3-C2002","-0.046530905772421464","0.2849451903374581","-0.009585596283858966","0.2849451903374581","hpc_model_round2","review_rounds/hpc_model_round2_reviewed_labels.csv","sustained_response","sustained_response",""
"213","HPC 0203-3.npz","data/raw/hpc/HPC 0203-3.npz","788","1280","0203-3-C2002","0203-3-C2002","0.06622034954724666","31.90076453776554","-0.0715538424642051","31.90076453776554","hpc_targeted_round3","review_rounds/hpc_targeted_round3_reviewed_labels.csv","sustained_response","sustained_response",""
"214","HPC 0203-3.npz","data/raw/hpc/HPC 0203-3.npz","791","1431","0203-3-C2002","0203-3-C2002","1.998761073781755","67.332401988131","-0.885748813716962","67.332401988131","hpc_mlp_round4","review_rounds/hpc_mlp_round4_reviewed_labels.csv","strong_first_peak","strong_first_peak",""
"215","HPC 0203-3.npz","data/raw/hpc/HPC 0203-3.npz","808","1866","0203-3-C2002","0203-3-C2002","0.011659541406129749","0.24658840935656157","-0.04477707011967662","0.24658840935656157","hpc_targeted_round3","review_rounds/hpc_targeted_round3_reviewed_labels.csv","no_response","no_response",""
"216","HPC 0203-3.npz","data/raw/hpc/HPC 0203-3.npz","819","2318","0203-3-C2002","0203-3-C2002","-0.018739953999105333","0.7499460585514058","-0.0574431174589935","0.7499460585514058","hpc_random_forest_second_dual_round6","review_rounds/hpc_random_forest_second_dual_round6_reviewed_labels.csv","second_peak","complex",""
"217","HPC 0203-3.npz","data/raw/hpc/HPC 0203-3.npz","837","2757","0203-3-C2002","0203-3-C2002","0.07479573943050893","0.6768977036098853","-0.1315098368886992","0.6768977036098853","hpc_random_forest_second_dual_round6","review_rounds/hpc_random_forest_second_dual_round6_reviewed_labels.csv","second_peak","complex",""
"218","HPC 0203-3.npz","data/raw/hpc/HPC 0203-3.npz","845","2990","0203-3-C2002","0203-3-C2002","-0.029286783524212535","1.3791441376073519","-0.09595675715426318","1.3791441376073519","hpc_model_round2","review_rounds/hpc_model_round2_reviewed_labels.csv","sustained_response","sustained_response",""
"219","HPC 0203-3.npz","data/raw/hpc/HPC 0203-3.npz","908","18","0203-3-C5001","0203-3-C5001","2.3124941471364475","13.495505170227341","-2.4070050884279746","13.495505170227341","hpc_mlp_round4","review_rounds/hpc_mlp_round4_reviewed_labels.csv","strong_first_peak","strong_first_peak",""
"220","HPC 0203-3.npz","data/raw/hpc/HPC 0203-3.npz","920","418","0203-3-C5001","0203-3-C5001","0.02651070222118076","4.156810734082773","-0.08102081102309708","4.156810734082773","hpc_random100","review_rounds/hpc_random100_reviewed_labels.csv","strong_first_peak","strong_first_peak",""
"221","HPC 0203-3.npz","data/raw/hpc/HPC 0203-3.npz","931","674","0203-3-C5001","0203-3-C5001","0.02862051053545053","1.2477059319795647","-0.13116474430955485","1.2477059319795647","hpc_random_forest_second_dual_round6","review_rounds/hpc_random_forest_second_dual_round6_reviewed_labels.csv","second_peak","complex",""
"222","HPC 0203-3.npz","data/raw/hpc/HPC 0203-3.npz","977","2260","0203-3-C5001","0203-3-C5001","0.007100320388356383","4.921356717163485","-0.0520170576813811","4.921356717163485","hpc_model_round2","review_rounds/hpc_model_round2_reviewed_labels.csv","second_peak","complex",""
"223","HPC 0203-3.npz","data/raw/hpc/HPC 0203-3.npz","978","2301","0203-3-C5001","0203-3-C5001","0.031153273007534663","53.35940150176833","-0.13520810374273007","53.35940150176833","hpc_targeted_round3","review_rounds/hpc_targeted_round3_reviewed_labels.csv","sustained_response","sustained_response",""
"224","HPC 0203-3.npz","data/raw/hpc/HPC 0203-3.npz","992","2712","0203-3-C5001","0203-3-C5001","1.4155096143432488","32.16832550809209","-1.6458545960465614","32.16832550809209","hpc_mlp_round4","review_rounds/hpc_mlp_round4_reviewed_labels.csv","strong_first_peak","strong_first_peak",""
"225","HPC 0203-3.npz","data/raw/hpc/HPC 0203-3.npz","1015","3295","0203-3-C5001","0203-3-C5001","-0.009501841324230022","0.8708334082163894","-0.05716508628483417","0.8708334082163894","hpc_model_round1","review_rounds/hpc_model_round1_reviewed_labels.csv","dual_peak","dual_peak",""
"226","HPC 0203-4.npz","data/raw/hpc/HPC 0203-4.npz","9","210","0203-4-B2001","0203-4-B2001","-0.09948968877435266","0.6120619278458823","-0.035076906959833426","0.6120619278458823","hpc_random100","review_rounds/hpc_random100_reviewed_labels.csv","sustained_response","sustained_response",""
"227","HPC 0203-4.npz","data/raw/hpc/HPC 0203-4.npz","10","226","0203-4-B2001","0203-4-B2001","-0.019506804077806916","0.12272349927475001","-0.400252002682325","0.400252002682325","hpc_model_round2","review_rounds/hpc_model_round2_reviewed_labels.csv","weak_first_peak","weak_first_peak",""
"228","HPC 0203-4.npz","data/raw/hpc/HPC 0203-4.npz","12","248","0203-4-B2001","0203-4-B2001","0.00907422495851117","1.6678791587914443","-0.03229063595691991","1.6678791587914443","hpc_targeted_round3","review_rounds/hpc_targeted_round3_reviewed_labels.csv","sustained_response","sustained_response",""
"229","HPC 0203-4.npz","data/raw/hpc/HPC 0203-4.npz","16","287","0203-4-B2001","0203-4-B2001","-0.00940619665782659","0.2314460689398084","-0.722400238325381","0.722400238325381","hpc_targeted_round3","review_rounds/hpc_targeted_round3_reviewed_labels.csv","strong_first_peak","strong_first_peak",""
"230","HPC 0203-4.npz","data/raw/hpc/HPC 0203-4.npz","22","395","0203-4-B2001","0203-4-B2001","-0.012339929488444697","0.05845592928029625","-0.9255222826908283","0.9255222826908283","hpc_mlp_round4","review_rounds/hpc_mlp_round4_reviewed_labels.csv","inhibition","inhibition",""
"231","HPC 0203-4.npz","data/raw/hpc/HPC 0203-4.npz","24","435","0203-4-B2001","0203-4-B2001","0.05183565453018706","0.2666061859467556","-0.07284396541851632","0.2666061859467556","hpc_mlp_round4","review_rounds/hpc_mlp_round4_reviewed_labels.csv","sustained_response","sustained_response",""
"232","HPC 0203-4.npz","data/raw/hpc/HPC 0203-4.npz","33","757","0203-4-B2001","0203-4-B2001","-0.011156643352055677","2.8374880870713555","-0.05090847175637238","2.8374880870713555","hpc_targeted_round3","review_rounds/hpc_targeted_round3_reviewed_labels.csv","sustained_response","sustained_response",""
"233","HPC 0203-4.npz","data/raw/hpc/HPC 0203-4.npz","59","1261","0203-4-B2001","0203-4-B2001","0.018053260900230697","1.687786400068157","-0.030039557916291183","1.687786400068157","hpc_model_round2","review_rounds/hpc_model_round2_reviewed_labels.csv","sustained_response","sustained_response",""
"234","HPC 0203-4.npz","data/raw/hpc/HPC 0203-4.npz","95","2179","0203-4-B2001","0203-4-B2001","0.013478093996150579","1.5639799631751583","-0.8871053778671806","1.5639799631751583","hpc_mlp_round4","review_rounds/hpc_mlp_round4_reviewed_labels.csv","strong_first_peak","strong_first_peak",""
"235","HPC 0203-4.npz","data/raw/hpc/HPC 0203-4.npz","118","2907","0203-4-B2001","0203-4-B2001","-0.19420657883902007","2.4182131549220034","-0.013386129501401056","2.4182131549220034","hpc_model_round1","review_rounds/hpc_model_round1_reviewed_labels.csv","sustained_response","sustained_response",""
"236","HPC 0203-4.npz","data/raw/hpc/HPC 0203-4.npz","141","387","0203-4-B2002","0203-4-B2002","0.008839931279955105","0.4608592226733738","-0.11314247388261223","0.4608592226733738","hpc_random_forest_second_dual_round6","review_rounds/hpc_random_forest_second_dual_round6_reviewed_labels.csv","sustained_response","complex",""
"237","HPC 0203-4.npz","data/raw/hpc/HPC 0203-4.npz","161","844","0203-4-B2002","0203-4-B2002","-0.024498065925513957","0.7518840667113011","-0.07028301059498622","0.7518840667113011","hpc_random_forest_second_dual_round6","review_rounds/hpc_random_forest_second_dual_round6_reviewed_labels.csv","second_peak","second_peak",""
"238","HPC 0203-4.npz","data/raw/hpc/HPC 0203-4.npz","167","1006","0203-4-B2002","0203-4-B2002","0.040993245087583056","0.40413034830083927","-0.09540676438111012","0.40413034830083927","hpc_random_forest_second_dual_round6","review_rounds/hpc_random_forest_second_dual_round6_reviewed_labels.csv","second_peak","second_peak",""
"239","HPC 0203-4.npz","data/raw/hpc/HPC 0203-4.npz","187","1460","0203-4-B2002","0203-4-B2002","0.12216925647988565","0.3217590291730477","-0.26464197507297554","0.3217590291730477","hpc_mlp_round4","review_rounds/hpc_mlp_round4_reviewed_labels.csv","second_peak","complex",""
"240","HPC 0203-4.npz","data/raw/hpc/HPC 0203-4.npz","198","1862","0203-4-B2002","0203-4-B2002","0.025085209097603547","1.922626216139812","-0.38873330195783123","1.922626216139812","hpc_random100","review_rounds/hpc_random100_reviewed_labels.csv","strong_first_peak","strong_first_peak",""
"241","HPC 0203-4.npz","data/raw/hpc/HPC 0203-4.npz","213","2349","0203-4-B2002","0203-4-B2002","0.041487102065998066","1.1299369791476055","-0.12663622928091695","1.1299369791476055","hpc_random_forest_second_dual_round6","review_rounds/hpc_random_forest_second_dual_round6_reviewed_labels.csv","dual_peak","dual_peak",""
"242","HPC 0203-4.npz","data/raw/hpc/HPC 0203-4.npz","223","2881","0203-4-B2002","0203-4-B2002","-0.0012422779536711852","0.19196405706944575","-0.3782591640615863","0.3782591640615863","hpc_targeted_round3","review_rounds/hpc_targeted_round3_reviewed_labels.csv","weak_first_peak","weak_first_peak",""
"243","HPC 0203-4.npz","data/raw/hpc/HPC 0203-4.npz","225","2969","0203-4-B2002","0203-4-B2002","0.007823673289226812","0.01030051826952737","-0.6845553195089141","0.6845553195089141","hpc_model_round2","review_rounds/hpc_model_round2_reviewed_labels.csv","inhibition","inhibition",""
"244","HPC 0203-4.npz","data/raw/hpc/HPC 0203-4.npz","251","161","0203-4-B2003","0203-4-B2003","-0.021353953928564356","0.281032651323756","-0.7602168907149334","0.7602168907149334","hpc_targeted_round3","review_rounds/hpc_targeted_round3_reviewed_labels.csv","strong_first_peak","strong_first_peak",""
"245","HPC 0203-4.npz","data/raw/hpc/HPC 0203-4.npz","263","238","0203-4-B2003","0203-4-B2003","-0.009151658431887191","0.0519658855025479","-0.39953209450121613","0.39953209450121613","hpc_targeted_round3","review_rounds/hpc_targeted_round3_reviewed_labels.csv","no_response","no_response",""
"246","HPC 0203-4.npz","data/raw/hpc/HPC 0203-4.npz","282","580","0203-4-B2003","0203-4-B2003","0.006265047276327109","0.7463420095442084","-0.16986760232986514","0.7463420095442084","hpc_random100","review_rounds/hpc_random100_reviewed_labels.csv","sustained_response","sustained_response",""
"247","HPC 0203-4.npz","data/raw/hpc/HPC 0203-4.npz","292","761","0203-4-B2003","0203-4-B2003","0.052510571634927596","1.1679172296896152","-0.22144932226304087","1.1679172296896152","hpc_model_round2","review_rounds/hpc_model_round2_reviewed_labels.csv","sustained_response","sustained_response",""
"248","HPC 0203-4.npz","data/raw/hpc/HPC 0203-4.npz","313","1166","0203-4-B2003","0203-4-B2003","-0.05462519352224692","1.691399416994258","-0.4441087343600423","1.691399416994258","hpc_model_round2","review_rounds/hpc_model_round2_reviewed_labels.csv","strong_first_peak","strong_first_peak",""
"249","HPC 0203-4.npz","data/raw/hpc/HPC 0203-4.npz","330","1433","0203-4-B2003","0203-4-B2003","0.10499312257795192","0.015060511719588804","-0.20935563531841228","0.20935563531841228","hpc_random100","review_rounds/hpc_random100_reviewed_labels.csv","inhibition","inhibition",""
"250","HPC 0203-4.npz","data/raw/hpc/HPC 0203-4.npz","333","1514","0203-4-B2003","0203-4-B2003","-0.005131505228792758","0.2299994161833929","-0.027929946738151766","0.2299994161833929","hpc_model_round2","review_rounds/hpc_model_round2_reviewed_labels.csv","no_response","no_response",""
"251","HPC 0203-4.npz","data/raw/hpc/HPC 0203-4.npz","337","1587","0203-4-B2003","0203-4-B2003","-0.03817228141695867","1.7588922508518376","-0.0971795698877975","1.7588922508518376","hpc_random_forest_second_dual_round6","review_rounds/hpc_random_forest_second_dual_round6_reviewed_labels.csv","dual_peak","dual_peak",""
"252","HPC 0203-4.npz","data/raw/hpc/HPC 0203-4.npz","343","1819","0203-4-B2003","0203-4-B2003","-0.12694619184597722","0.8730260802101547","-0.10828205323147147","0.8730260802101547","hpc_random_forest_second_dual_round6","review_rounds/hpc_random_forest_second_dual_round6_reviewed_labels.csv","sustained_response","sustained_response",""
"253","HPC 0203-4.npz","data/raw/hpc/HPC 0203-4.npz","358","2214","0203-4-B2003","0203-4-B2003","0.01981215378163504","4.061524718985842","-0.6041947400832297","4.061524718985842","hpc_random100","review_rounds/hpc_random100_reviewed_labels.csv","strong_first_peak","strong_first_peak",""
"254","HPC 0203-4.npz","data/raw/hpc/HPC 0203-4.npz","362","2341","0203-4-B2003","0203-4-B2003","0.031876231699215225","0.30709448353964813","-0.047340861442339385","0.30709448353964813","hpc_random100","review_rounds/hpc_random100_reviewed_labels.csv","sustained_response","sustained_response",""
"255","HPC 0203-4.npz","data/raw/hpc/HPC 0203-4.npz","373","2544","0203-4-B2003","0203-4-B2003","0.038168567954009205","0.4014451952117617","-0.09235334873425588","0.4014451952117617","hpc_targeted_round3","review_rounds/hpc_targeted_round3_reviewed_labels.csv","sustained_response","sustained_response",""
"256","HPC 0203-4.npz","data/raw/hpc/HPC 0203-4.npz","385","2806","0203-4-B2003","0203-4-B2003","0.02227787744882303","0.20677100665164772","-0.09887250680828555","0.20677100665164772","hpc_random100","review_rounds/hpc_random100_reviewed_labels.csv","strong_first_peak","strong_first_peak",""
"257","HPC 0203-4.npz","data/raw/hpc/HPC 0203-4.npz","412","974","0203-4-B5001","0203-4-B5001","0.07204522732137683","15.804799771360715","-0.06396733432544563","15.804799771360715","hpc_mlp_round4","review_rounds/hpc_mlp_round4_reviewed_labels.csv","sustained_response","sustained_response",""
"258","HPC 0203-4.npz","data/raw/hpc/HPC 0203-4.npz","422","1378","0203-4-B5001","0203-4-B5001","-0.023278920501044353","13.876625197376569","-0.1255767184448561","13.876625197376569","hpc_targeted_round3","review_rounds/hpc_targeted_round3_reviewed_labels.csv","sustained_response","sustained_response",""
"259","HPC 0203-4.npz","data/raw/hpc/HPC 0203-4.npz","424","1389","0203-4-B5001","0203-4-B5001","0.02805662664453403","6.905217526724472","-0.07639496598839438","6.905217526724472","hpc_model_round2","review_rounds/hpc_model_round2_reviewed_labels.csv","second_peak","complex",""
"260","HPC 0203-4.npz","data/raw/hpc/HPC 0203-4.npz","441","1827","0203-4-B5001","0203-4-B5001","-0.021825235802083984","2.6695314654887046","-0.09786783915561524","2.6695314654887046","hpc_mlp_round4","review_rounds/hpc_mlp_round4_reviewed_labels.csv","second_peak","second_peak",""
"261","HPC 0203-4.npz","data/raw/hpc/HPC 0203-4.npz","442","1833","0203-4-B5001","0203-4-B5001","-0.007882074746648772","2.454110151659487","-0.020504714859677795","2.454110151659487","hpc_model_round1","review_rounds/hpc_model_round1_reviewed_labels.csv","sustained_response","sustained_response",""
"262","HPC 0203-4.npz","data/raw/hpc/HPC 0203-4.npz","460","2443","0203-4-B5001","0203-4-B5001","-0.0031617550868229217","0.11202823014543319","-0.7693406341920507","0.7693406341920507","hpc_model_round2","review_rounds/hpc_model_round2_reviewed_labels.csv","weak_first_peak","inhibition",""
"263","HPC 0203-4.npz","data/raw/hpc/HPC 0203-4.npz","466","2646","0203-4-B5001","0203-4-B5001","-0.06676471870646677","21.57076670689396","-0.22441961136202843","21.57076670689396","hpc_mlp_round4","review_rounds/hpc_mlp_round4_reviewed_labels.csv","sustained_response","sustained_response",""
"264","HPC 0203-4.npz","data/raw/hpc/HPC 0203-4.npz","468","2693","0203-4-B5001","0203-4-B5001","0.027523709485256505","0.07070346175957311","-0.7616489492849126","0.7616489492849126","hpc_mlp_round4","review_rounds/hpc_mlp_round4_reviewed_labels.csv","inhibition","inhibition",""
"265","HPC 0203-4.npz","data/raw/hpc/HPC 0203-4.npz","476","2984","0203-4-B5001","0203-4-B5001","-0.003811911029737241","37.84561035276984","-0.06892035933678062","37.84561035276984","hpc_model_round2","review_rounds/hpc_model_round2_reviewed_labels.csv","second_peak","complex",""
"266","HPC 0203-4.npz","data/raw/hpc/HPC 0203-4.npz","502","3652","0203-4-B5001","0203-4-B5001","0.05638239060825027","1.065469486350785","-0.09156467943015788","1.065469486350785","hpc_model_round1","review_rounds/hpc_model_round1_reviewed_labels.csv","strong_first_peak","strong_first_peak",""
"267","HPC 0203-4.npz","data/raw/hpc/HPC 0203-4.npz","511","3883","0203-4-B5001","0203-4-B5001","-0.043879605487820994","18.123849789211494","-0.0963570797315724","18.123849789211494","hpc_mlp_round4","review_rounds/hpc_mlp_round4_reviewed_labels.csv","sustained_response","sustained_response",""
"268","HPC 0203-4.npz","data/raw/hpc/HPC 0203-4.npz","547","270","0203-4-B5002","0203-4-B5002","-0.08980678537958481","10.37779848240245","-0.040334507041894535","10.37779848240245","hpc_random100","review_rounds/hpc_random100_reviewed_labels.csv","sustained_response","sustained_response",""
"269","HPC 0203-4.npz","data/raw/hpc/HPC 0203-4.npz","550","489","0203-4-B5002","0203-4-B5002","-0.054869080569238095","10.337107480450467","-0.09353728332513708","10.337107480450467","hpc_mlp_round4","review_rounds/hpc_mlp_round4_reviewed_labels.csv","sustained_response","sustained_response",""
"270","HPC 0203-4.npz","data/raw/hpc/HPC 0203-4.npz","557","602","0203-4-B5002","0203-4-B5002","0.10836256423348324","5.116080892147992","-0.16328104515290656","5.116080892147992","hpc_targeted_round3","review_rounds/hpc_targeted_round3_reviewed_labels.csv","sustained_response","sustained_response",""
"271","HPC 0203-4.npz","data/raw/hpc/HPC 0203-4.npz","558","603","0203-4-B5002","0203-4-B5002","0.040408801960747705","0.25278167444671273","-0.05828216443125202","0.25278167444671273","hpc_model_round1","review_rounds/hpc_model_round1_reviewed_labels.csv","sustained_response","sustained_response",""
"272","HPC 0203-4.npz","data/raw/hpc/HPC 0203-4.npz","571","912","0203-4-B5002","0203-4-B5002","0.3260613121054476","14.233121151532943","-0.41396053198687466","14.233121151532943","hpc_mlp_round4","review_rounds/hpc_mlp_round4_reviewed_labels.csv","sustained_response","sustained_response",""
"273","HPC 0203-4.npz","data/raw/hpc/HPC 0203-4.npz","594","1422","0203-4-B5002","0203-4-B5002","0.00806388120573944","0.004542756681991432","-0.810022631318642","0.810022631318642","hpc_random100","review_rounds/hpc_random100_reviewed_labels.csv","inhibition","inhibition",""
"274","HPC 0203-4.npz","data/raw/hpc/HPC 0203-4.npz","636","2534","0203-4-B5002","0203-4-B5002","0.07065081115015878","0.02857728244144779","-0.9878946218709773","0.9878946218709773","hpc_mlp_round4","review_rounds/hpc_mlp_round4_reviewed_labels.csv","inhibition","inhibition",""
"275","HPC 0203-4.npz","data/raw/hpc/HPC 0203-4.npz","640","2567","0203-4-B5002","0203-4-B5002","-0.005832958082476396","0.2842607285254064","-0.06729897602513157","0.2842607285254064","hpc_random100","review_rounds/hpc_random100_reviewed_labels.csv","no_response","no_response",""
"276","HPC 0203-4.npz","data/raw/hpc/HPC 0203-4.npz","644","2753","0203-4-B5002","0203-4-B5002","-0.058868730310642284","0.270895346432021","-0.03324749664239181","0.270895346432021","hpc_random100","review_rounds/hpc_random100_reviewed_labels.csv","dual_peak","dual_peak",""
"277","HPC 0203-4.npz","data/raw/hpc/HPC 0203-4.npz","656","2945","0203-4-B5002","0203-4-B5002","-0.07209683779732713","5.729064108096592","-0.03282493531590491","5.729064108096592","hpc_model_round2","review_rounds/hpc_model_round2_reviewed_labels.csv","second_peak","complex",""
"278","HPC 0203-4.npz","data/raw/hpc/HPC 0203-4.npz","672","3227","0203-4-B5002","0203-4-B5002","0.04619320335677193","0.6819267211215273","-0.057800136442118843","0.6819267211215273","hpc_model_round2","review_rounds/hpc_model_round2_reviewed_labels.csv","sustained_response","sustained_response",""
"279","HPC 0203-4.npz","data/raw/hpc/HPC 0203-4.npz","693","91","0203-4-B5003","0203-4-B5003","0.03896576572972646","17.464058164022294","-0.08390665766188533","17.464058164022294","hpc_mlp_round4","review_rounds/hpc_mlp_round4_reviewed_labels.csv","sustained_response","sustained_response",""
"280","HPC 0203-4.npz","data/raw/hpc/HPC 0203-4.npz","700","183","0203-4-B5003","0203-4-B5003","-0.0407288634634818","2.3893454051561407","-0.03993705926328445","2.3893454051561407","hpc_model_round2","review_rounds/hpc_model_round2_reviewed_labels.csv","sustained_response","sustained_response",""
"281","HPC 0203-4.npz","data/raw/hpc/HPC 0203-4.npz","701","198","0203-4-B5003","0203-4-B5003","0.4266480213813881","19.77564304247391","-0.30558525328130726","19.77564304247391","hpc_mlp_round4","review_rounds/hpc_mlp_round4_reviewed_labels.csv","strong_first_peak","strong_first_peak",""
"282","HPC 0203-4.npz","data/raw/hpc/HPC 0203-4.npz","724","641","0203-4-B5003","0203-4-B5003","-0.02379231729196812","0.2863572195119833","-0.0683029416337964","0.2863572195119833","hpc_random_forest_second_dual_round6","review_rounds/hpc_random_forest_second_dual_round6_reviewed_labels.csv","dual_peak","dual_peak",""
"283","HPC 0203-4.npz","data/raw/hpc/HPC 0203-4.npz","738","826","0203-4-B5003","0203-4-B5003","0.02625136170930213","0.21765730896767696","-0.29810757350969563","0.29810757350969563","hpc_model_round2","review_rounds/hpc_model_round2_reviewed_labels.csv","weak_first_peak","weak_first_peak",""
"284","HPC 0203-4.npz","data/raw/hpc/HPC 0203-4.npz","746","1031","0203-4-B5003","0203-4-B5003","0.08691692414252282","0.7147766036248755","-0.19498767082533358","0.7147766036248755","hpc_mlp_round4","review_rounds/hpc_mlp_round4_reviewed_labels.csv","second_peak","second_peak",""
"285","HPC 0203-4.npz","data/raw/hpc/HPC 0203-4.npz","770","1459","0203-4-B5003","0203-4-B5003","0.05388482274360518","0.4412699762078058","-0.11674254600445438","0.4412699762078058","hpc_targeted_round3","review_rounds/hpc_targeted_round3_reviewed_labels.csv","sustained_response","sustained_response",""
"286","HPC 0203-4.npz","data/raw/hpc/HPC 0203-4.npz","782","1695","0203-4-B5003","0203-4-B5003","0.04344561321038509","2.1312694855525107","-0.09343237815652175","2.1312694855525107","hpc_mlp_round4","review_rounds/hpc_mlp_round4_reviewed_labels.csv","second_peak","complex",""
"287","HPC 0203-4.npz","data/raw/hpc/HPC 0203-4.npz","796","1885","0203-4-B5003","0203-4-B5003","-0.07906584281723616","22.218200319452105","-0.02297750186522883","22.218200319452105","hpc_mlp_round4","review_rounds/hpc_mlp_round4_reviewed_labels.csv","strong_first_peak","strong_first_peak",""
"288","HPC 0203-4.npz","data/raw/hpc/HPC 0203-4.npz","847","3030","0203-4-B5003","0203-4-B5003","0.05732600572265539","0.34105124879413107","-0.10929575353138024","0.34105124879413107","hpc_targeted_round3","review_rounds/hpc_targeted_round3_reviewed_labels.csv","sustained_response","sustained_response",""
"289","HPC 0203-4.npz","data/raw/hpc/HPC 0203-4.npz","855","3138","0203-4-B5003","0203-4-B5003","0.010065734567803974","3.810071337777749","-0.13008720817533384","3.810071337777749","hpc_model_round2","review_rounds/hpc_model_round2_reviewed_labels.csv","sustained_response","sustained_response",""
"290","HPC 0203-4.npz","data/raw/hpc/HPC 0203-4.npz","866","3277","0203-4-B5003","0203-4-B5003","0.0219732588596304","0.5307259389293475","-0.12437296218518866","0.5307259389293475","hpc_random_forest_second_dual_round6","review_rounds/hpc_random_forest_second_dual_round6_reviewed_labels.csv","dual_peak","dual_peak",""
"291","HPC 0203-4.npz","data/raw/hpc/HPC 0203-4.npz","873","3448","0203-4-B5003","0203-4-B5003","0.3035874586708916","6.275312655202019","-0.4075522164108526","6.275312655202019","hpc_mlp_round4","review_rounds/hpc_mlp_round4_reviewed_labels.csv","strong_first_peak","strong_first_peak",""
"292","HPC 0203-4.npz","data/raw/hpc/HPC 0203-4.npz","882","3700","0203-4-B5003","0203-4-B5003","-0.3834582922677493","12.262840438329722","-0.0650194077929711","12.262840438329722","hpc_mlp_round4","review_rounds/hpc_mlp_round4_reviewed_labels.csv","dual_peak","dual_peak",""
"293","HPC 0203-4.npz","data/raw/hpc/HPC 0203-4.npz","920","4469","0203-4-B5003","0203-4-B5003","0.009385866580395993","0.45045115365200106","-0.051811688111599336","0.45045115365200106","hpc_model_round1","review_rounds/hpc_model_round1_reviewed_labels.csv","sustained_response","sustained_response",""
"294","HPC 0203-4.npz","data/raw/hpc/HPC 0203-4.npz","931","4736","0203-4-B5003","0203-4-B5003","0.025578428995196096","0.3986573394573581","-0.06926377222212","0.3986573394573581","hpc_mlp_round4","review_rounds/hpc_mlp_round4_reviewed_labels.csv","sustained_response","sustained_response",""
"295","HPC 0203-4.npz","data/raw/hpc/HPC 0203-4.npz","940","4909","0203-4-B5003","0203-4-B5003","0.05081484625501289","0.29043787153623607","-0.09323906712450197","0.29043787153623607","hpc_targeted_round3","review_rounds/hpc_targeted_round3_reviewed_labels.csv","sustained_response","sustained_response",""
"296","HPC 0203-4.npz","data/raw/hpc/HPC 0203-4.npz","983","5587","0203-4-B5003","0203-4-B5003","-0.009982498536180374","2.8630334478635775","-0.08441732811943636","2.8630334478635775","hpc_random100","review_rounds/hpc_random100_reviewed_labels.csv","weak_first_peak","weak_first_peak",""
"297","HPC 0203-4.npz","data/raw/hpc/HPC 0203-4.npz","989","5764","0203-4-B5003","0203-4-B5003","-0.013747090928436493","0.55075666379752","-0.04394785346736768","0.55075666379752","hpc_model_round1","review_rounds/hpc_model_round1_reviewed_labels.csv","strong_first_peak","strong_first_peak",""
"298","HPC 0203-4.npz","data/raw/hpc/HPC 0203-4.npz","990","5780","0203-4-B5003","0203-4-B5003","-0.0038289450879295775","1.5366579387782389","-0.09549393047987545","1.5366579387782389","hpc_mlp_round4","review_rounds/hpc_mlp_round4_reviewed_labels.csv","sustained_response","sustained_response",""
"299","HPC 0203-4.npz","data/raw/hpc/HPC 0203-4.npz","1013","79","0203-4-C2001","0203-4-C2001","0.03991447554110727","0.590856261711811","-0.12060676871731671","0.590856261711811","hpc_random_forest_second_dual_round6","review_rounds/hpc_random_forest_second_dual_round6_reviewed_labels.csv","second_peak","second_peak",""
"300","HPC 0203-4.npz","data/raw/hpc/HPC 0203-4.npz","1025","259","0203-4-C2001","0203-4-C2001","-0.0006402818051724502","2.727320777278415","-0.04553736705573149","2.727320777278415","hpc_targeted_round3","review_rounds/hpc_targeted_round3_reviewed_labels.csv","second_peak","complex",""
"301","HPC 0203-4.npz","data/raw/hpc/HPC 0203-4.npz","1045","652","0203-4-C2001","0203-4-C2001","-0.03935252000016972","1.2530418137661208","-0.2807734759074341","1.2530418137661208","hpc_model_round2","review_rounds/hpc_model_round2_reviewed_labels.csv","strong_first_peak","strong_first_peak",""
"302","HPC 0203-4.npz","data/raw/hpc/HPC 0203-4.npz","1050","708","0203-4-C2001","0203-4-C2001","-0.027811454330721956","2.640963633266524","-0.21276808318243676","2.640963633266524","hpc_random100","review_rounds/hpc_random100_reviewed_labels.csv","strong_first_peak","strong_first_peak",""
"303","HPC 0203-4.npz","data/raw/hpc/HPC 0203-4.npz","1061","937","0203-4-C2001","0203-4-C2001","1.2578421477926018","0.9023189861793339","-1.169505815933886","1.169505815933886","hpc_mlp_round4","review_rounds/hpc_mlp_round4_reviewed_labels.csv","strong_first_peak","strong_first_peak",""
"304","HPC 0203-4.npz","data/raw/hpc/HPC 0203-4.npz","1063","973","0203-4-C2001","0203-4-C2001","-0.008355072306309096","3.7392575559238685","-0.04584282775845676","3.7392575559238685","hpc_targeted_round3","review_rounds/hpc_targeted_round3_reviewed_labels.csv","sustained_response","sustained_response",""
"305","HPC 0203-4.npz","data/raw/hpc/HPC 0203-4.npz","1091","1636","0203-4-C2001","0203-4-C2001","-0.030085403851706834","0.6558041261490617","-0.5097339287201662","0.6558041261490617","hpc_random100","review_rounds/hpc_random100_reviewed_labels.csv","strong_first_peak","strong_first_peak",""
"306","HPC 0203-4.npz","data/raw/hpc/HPC 0203-4.npz","1136","86","0203-4-C2002","0203-4-C2002","0.01093406872049354","0.09307109476616444","-0.6773342298682377","0.6773342298682377","hpc_model_round2","review_rounds/hpc_model_round2_reviewed_labels.csv","inhibition","inhibition",""
"307","HPC 0203-4.npz","data/raw/hpc/HPC 0203-4.npz","1137","107","0203-4-C2002","0203-4-C2002","-0.005346801523027655","0.6292871071613225","-0.8186662246713445","0.8186662246713445","hpc_mlp_round4","review_rounds/hpc_mlp_round4_reviewed_labels.csv","weak_first_peak","weak_first_peak",""
"308","HPC 0203-4.npz","data/raw/hpc/HPC 0203-4.npz","1139","126","0203-4-C2002","0203-4-C2002","-0.042461362539828164","0.17041227347779342","-0.34185181563170497","0.34185181563170497","hpc_mlp_round4","review_rounds/hpc_mlp_round4_reviewed_labels.csv","second_peak","no_response",""
"309","HPC 0203-4.npz","data/raw/hpc/HPC 0203-4.npz","1141","144","0203-4-C2002","0203-4-C2002","0.011324547265598764","2.2462153909952547","-0.08807982243454705","2.2462153909952547","hpc_targeted_round3","review_rounds/hpc_targeted_round3_reviewed_labels.csv","sustained_response","sustained_response",""
"310","HPC 0203-4.npz","data/raw/hpc/HPC 0203-4.npz","1142","189","0203-4-C2002","0203-4-C2002","0.03330636589331863","1.0504609401556693","-0.17378158777566488","1.0504609401556693","hpc_random100","review_rounds/hpc_random100_reviewed_labels.csv","strong_first_peak","strong_first_peak",""
"311","HPC 0203-4.npz","data/raw/hpc/HPC 0203-4.npz","1187","1083","0203-4-C2002","0203-4-C2002","-0.030038746072726392","0.35870377237498496","-0.02870601435416846","0.35870377237498496","hpc_random100","review_rounds/hpc_random100_reviewed_labels.csv","sustained_response","sustained_response",""
"312","HPC 0203-4.npz","data/raw/hpc/HPC 0203-4.npz","1188","1108","0203-4-C2002","0203-4-C2002","0.007468141325016842","0.008263567711599456","-0.6874844990533329","0.6874844990533329","hpc_model_round2","review_rounds/hpc_model_round2_reviewed_labels.csv","inhibition","inhibition",""
"313","HPC 0203-4.npz","data/raw/hpc/HPC 0203-4.npz","1195","1244","0203-4-C2002","0203-4-C2002","-0.01767185962837435","0.7407720302317387","-0.07185049273462876","0.7407720302317387","hpc_random_forest_second_dual_round6","review_rounds/hpc_random_forest_second_dual_round6_reviewed_labels.csv","sustained_response","sustained_response",""
"314","HPC 0203-4.npz","data/raw/hpc/HPC 0203-4.npz","1197","1247","0203-4-C2002","0203-4-C2002","-0.01960267098290842","0.43706197290271565","-0.6147240026494387","0.6147240026494387","hpc_targeted_round3","review_rounds/hpc_targeted_round3_reviewed_labels.csv","strong_first_peak","strong_first_peak",""
"315","HPC 0203-4.npz","data/raw/hpc/HPC 0203-4.npz","1201","1382","0203-4-C2002","0203-4-C2002","0.014528914813007136","0.6933667836808584","-0.10739809559932828","0.6933667836808584","hpc_targeted_round3","review_rounds/hpc_targeted_round3_reviewed_labels.csv","sustained_response","sustained_response",""
"316","HPC 0203-4.npz","data/raw/hpc/HPC 0203-4.npz","1232","2036","0203-4-C2002","0203-4-C2002","0.057424077613650426","0.6329210513374824","-0.09053713582973474","0.6329210513374824","hpc_targeted_round3","review_rounds/hpc_targeted_round3_reviewed_labels.csv","sustained_response","sustained_response",""
"317","HPC 0203-4.npz","data/raw/hpc/HPC 0203-4.npz","1280","341","0203-4-C2003","0203-4-C2003","0.002267421432169471","0.2141501865308922","-0.07790331491285904","0.2141501865308922","hpc_mlp_round4","review_rounds/hpc_mlp_round4_reviewed_labels.csv","weak_first_peak","weak_first_peak",""
"318","HPC 0203-4.npz","data/raw/hpc/HPC 0203-4.npz","1292","533","0203-4-C2003","0203-4-C2003","0.0379491371894231","0.39187445456572984","-0.09035814984144848","0.39187445456572984","hpc_mlp_round4","review_rounds/hpc_mlp_round4_reviewed_labels.csv","no_response","no_response",""
"319","HPC 0203-4.npz","data/raw/hpc/HPC 0203-4.npz","1295","549","0203-4-C2003","0203-4-C2003","-0.0038113714215315744","1.6187674981184614","-0.31722030584356514","1.6187674981184614","hpc_random100","review_rounds/hpc_random100_reviewed_labels.csv","weak_first_peak","weak_first_peak",""
"320","HPC 0203-4.npz","data/raw/hpc/HPC 0203-4.npz","1297","588","0203-4-C2003","0203-4-C2003","-0.0872168029262524","0.12066287069313082","-0.6936761491311016","0.6936761491311016","hpc_mlp_round4","review_rounds/hpc_mlp_round4_reviewed_labels.csv","inhibition","inhibition",""
"321","HPC 0203-4.npz","data/raw/hpc/HPC 0203-4.npz","1333","1636","0203-4-C2003","0203-4-C2003","-0.03653358987705992","4.668662551635601","-0.025109955210931352","4.668662551635601","hpc_model_round2","review_rounds/hpc_model_round2_reviewed_labels.csv","second_peak","complex",""
"322","HPC 0203-4.npz","data/raw/hpc/HPC 0203-4.npz","1336","1690","0203-4-C2003","0203-4-C2003","0.008735831157247138","0.005556373886246921","-0.6118557285792363","0.6118557285792363","hpc_model_round1","review_rounds/hpc_model_round1_reviewed_labels.csv","inhibition","inhibition",""
"323","HPC 0203-4.npz","data/raw/hpc/HPC 0203-4.npz","1338","1719","0203-4-C2003","0203-4-C2003","0.0111506017867097","0.18518374119492745","-0.22841971297819386","0.22841971297819386","hpc_mlp_round4","review_rounds/hpc_mlp_round4_reviewed_labels.csv","no_response","no_response",""
"324","HPC 0203-4.npz","data/raw/hpc/HPC 0203-4.npz","1350","1995","0203-4-C2003","0203-4-C2003","0.001150141096302052","0.5865247309864482","-0.036383122161502975","0.5865247309864482","hpc_model_round2","review_rounds/hpc_model_round2_reviewed_labels.csv","sustained_response","sustained_response",""
"325","HPC 0203-4.npz","data/raw/hpc/HPC 0203-4.npz","1358","2213","0203-4-C2003","0203-4-C2003","0.01554084683662088","0.007547760131363834","-0.7479613540975112","0.7479613540975112","hpc_model_round2","review_rounds/hpc_model_round2_reviewed_labels.csv","inhibition","inhibition",""
"326","HPC 0203-4.npz","data/raw/hpc/HPC 0203-4.npz","1392","3000","0203-4-C2003","0203-4-C2003","-0.006908924135229733","0.3515669983672025","-0.05758344424929646","0.3515669983672025","hpc_random_forest_second_dual_round6","review_rounds/hpc_random_forest_second_dual_round6_reviewed_labels.csv","dual_peak","dual_peak",""
"327","HPC 0203-4.npz","data/raw/hpc/HPC 0203-4.npz","1401","7","0203-4-C5-DG","0203-4-C5-DG","-0.023750467115947884","0.4514276740365764","-0.2490725635139642","0.4514276740365764","hpc_random100","review_rounds/hpc_random100_reviewed_labels.csv","sustained_response","sustained_response",""
"328","HPC 0203-4.npz","data/raw/hpc/HPC 0203-4.npz","1411","144","0203-4-C5-DG","0203-4-C5-DG","-0.053601959907345946","0.22531784953682754","-0.025136925908995626","0.22531784953682754","hpc_model_round1","review_rounds/hpc_model_round1_reviewed_labels.csv","sustained_response","sustained_response",""
"329","HPC 0203-4.npz","data/raw/hpc/HPC 0203-4.npz","1557","2848","0203-4-C5-DG","0203-4-C5-DG","0.1397274125797408","1.4772816434751523","-0.18927562135204665","1.4772816434751523","hpc_random100","review_rounds/hpc_random100_reviewed_labels.csv","strong_first_peak","strong_first_peak",""
"330","HPC 0203-4.npz","data/raw/hpc/HPC 0203-4.npz","1569","3100","0203-4-C5-DG","0203-4-C5-DG","-0.018258091587230674","2.6498454609842286","-0.08897685592537762","2.6498454609842286","hpc_targeted_round3","review_rounds/hpc_targeted_round3_reviewed_labels.csv","sustained_response","sustained_response",""
"331","HPC 0203-4.npz","data/raw/hpc/HPC 0203-4.npz","1572","3144","0203-4-C5-DG","0203-4-C5-DG","-0.05523430510210569","0.3000129962965271","-0.03743495270978287","0.3000129962965271","hpc_random_forest_second_dual_round6","review_rounds/hpc_random_forest_second_dual_round6_reviewed_labels.csv","sustained_response","sustained_response",""
"332","HPC 0203-4.npz","data/raw/hpc/HPC 0203-4.npz","1613","4350","0203-4-C5-DG","0203-4-C5-DG","0.009871752748160385","0.2148373353415286","-0.023164392325257636","0.2148373353415286","hpc_model_round1","review_rounds/hpc_model_round1_reviewed_labels.csv","no_response","no_response",""
"333","HPC 0203-4.npz","data/raw/hpc/HPC 0203-4.npz","1632","4717","0203-4-C5-DG","0203-4-C5-DG","-0.03946437260902761","0.34185957186379473","-0.05400306121801137","0.34185957186379473","hpc_random100","review_rounds/hpc_random100_reviewed_labels.csv","sustained_response","sustained_response",""
"334","HPC 0203-4.npz","data/raw/hpc/HPC 0203-4.npz","1651","5081","0203-4-C5-DG","0203-4-C5-DG","0.13585737053784286","28.897773359804017","-0.534068080704662","28.897773359804017","hpc_mlp_round4","review_rounds/hpc_mlp_round4_reviewed_labels.csv","strong_first_peak","strong_first_peak",""
"335","HPC 0203-4.npz","data/raw/hpc/HPC 0203-4.npz","1663","5303","0203-4-C5-DG","0203-4-C5-DG","0.026773512327057797","2.655796339995786","-0.09887307025710608","2.655796339995786","hpc_random100","review_rounds/hpc_random100_reviewed_labels.csv","sustained_response","sustained_response",""
"336","HPC 0203-4.npz","data/raw/hpc/HPC 0203-4.npz","1665","5355","0203-4-C5-DG","0203-4-C5-DG","-0.036579926678627375","0.47288087117172967","-0.1803257300055776","0.47288087117172967","hpc_random100","review_rounds/hpc_random100_reviewed_labels.csv","strong_first_peak","strong_first_peak",""
"337","HPC 0203-4.npz","data/raw/hpc/HPC 0203-4.npz","1692","5952","0203-4-C5-DG","0203-4-C5-DG","0.035262303535834226","0.30011278435973227","-0.07284622254451165","0.30011278435973227","hpc_random100","review_rounds/hpc_random100_reviewed_labels.csv","sustained_response","sustained_response",""
"338","HPC 0203-4.npz","data/raw/hpc/HPC 0203-4.npz","1698","6080","0203-4-C5-DG","0203-4-C5-DG","0.046964401512947125","0.8263150068622438","-0.10227772151415948","0.8263150068622438","hpc_targeted_round3","review_rounds/hpc_targeted_round3_reviewed_labels.csv","sustained_response","sustained_response",""
"339","HPC 0203-4.npz","data/raw/hpc/HPC 0203-4.npz","1709","6256","0203-4-C5-DG","0203-4-C5-DG","0.020470399812602152","0.21078236414699056","-0.058010656073214414","0.21078236414699056","hpc_random100","review_rounds/hpc_random100_reviewed_labels.csv","no_response","no_response",""
"340","HPC 0203-4.npz","data/raw/hpc/HPC 0203-4.npz","1722","6494","0203-4-C5-DG","0203-4-C5-DG","-0.024405799274467736","0.31513228163866475","-0.5092353536719529","0.5092353536719529","hpc_model_round1","review_rounds/hpc_model_round1_reviewed_labels.csv","strong_first_peak","strong_first_peak",""
"341","HPC 0203-4.npz","data/raw/hpc/HPC 0203-4.npz","1750","86","0203-4-C5001","0203-4-C5001","0.020867806958909312","5.7040814350804965","-0.15643886060833903","5.7040814350804965","hpc_random100","review_rounds/hpc_random100_reviewed_labels.csv","strong_first_peak","strong_first_peak",""
"342","HPC 0203-4.npz","data/raw/hpc/HPC 0203-4.npz","1753","124","0203-4-C5001","0203-4-C5001","0.008698551050623822","1.6676213476435908","-0.03988543425796784","1.6676213476435908","hpc_mlp_round4","review_rounds/hpc_mlp_round4_reviewed_labels.csv","sustained_response","complex",""
"343","HPC 0203-4.npz","data/raw/hpc/HPC 0203-4.npz","1756","157","0203-4-C5001","0203-4-C5001","0.08071288537598625","37.30753413770369","-0.13052773795044317","37.30753413770369","hpc_mlp_round4","review_rounds/hpc_mlp_round4_reviewed_labels.csv","strong_first_peak","strong_first_peak",""
"344","HPC 0203-4.npz","data/raw/hpc/HPC 0203-4.npz","1800","1202","0203-4-C5001","0203-4-C5001","-0.3063243855324721","10.503166969567577","-0.09240203599326507","10.503166969567577","hpc_mlp_round4","review_rounds/hpc_mlp_round4_reviewed_labels.csv","sustained_response","sustained_response",""
"345","HPC 0203-4.npz","data/raw/hpc/HPC 0203-4.npz","1861","2562","0203-4-C5001","0203-4-C5001","0.027902984524554572","0.7384415468263424","-0.11777137130328125","0.7384415468263424","hpc_mlp_round4","review_rounds/hpc_mlp_round4_reviewed_labels.csv","sustained_response","sustained_response",""
"346","HPC 0203-4.npz","data/raw/hpc/HPC 0203-4.npz","1885","3063","0203-4-C5001","0203-4-C5001","0.018112194966177025","0.005880102826097348","-0.7097425915878736","0.7097425915878736","hpc_model_round1","review_rounds/hpc_model_round1_reviewed_labels.csv","inhibition","inhibition",""
"347","HPC 0203-4.npz","data/raw/hpc/HPC 0203-4.npz","1909","73","0203-4-C5002","0203-4-C5002","0.06388593887596701","27.726349011055206","-0.13779229671597276","27.726349011055206","hpc_model_round2","review_rounds/hpc_model_round2_reviewed_labels.csv","sustained_response","sustained_response",""
"348","HPC 0203-4.npz","data/raw/hpc/HPC 0203-4.npz","1938","714","0203-4-C5002","0203-4-C5002","-0.08072695878236252","1.8201180636075167","-0.016508954903204157","1.8201180636075167","hpc_model_round2","review_rounds/hpc_model_round2_reviewed_labels.csv","sustained_response","sustained_response",""
"349","HPC 0203-4.npz","data/raw/hpc/HPC 0203-4.npz","1950","1065","0203-4-C5002","0203-4-C5002","0.00028603054923074004","0.01991441934722707","-0.9437683258906084","0.9437683258906084","hpc_random100","review_rounds/hpc_random100_reviewed_labels.csv","inhibition","inhibition",""
"350","HPC 0203-4.npz","data/raw/hpc/HPC 0203-4.npz","1955","1136","0203-4-C5002","0203-4-C5002","-0.007442326915890152","0.8454748574411852","-0.01822075048002524","0.8454748574411852","hpc_random_forest_second_dual_round6","review_rounds/hpc_random_forest_second_dual_round6_reviewed_labels.csv","sustained_response","complex",""
"351","HPC 0203-4.npz","data/raw/hpc/HPC 0203-4.npz","1966","1392","0203-4-C5002","0203-4-C5002","-0.04032701272732916","0.4074479361135065","-0.09038475447467859","0.4074479361135065","hpc_model_round2","review_rounds/hpc_model_round2_reviewed_labels.csv","no_response","no_response",""
"352","HPC 0203-4.npz","data/raw/hpc/HPC 0203-4.npz","1974","1518","0203-4-C5002","0203-4-C5002","0.01521267863507621","1.6631604399979232","-0.039702436321091675","1.6631604399979232","hpc_targeted_round3","review_rounds/hpc_targeted_round3_reviewed_labels.csv","sustained_response","sustained_response",""
"353","HPC 0203-4.npz","data/raw/hpc/HPC 0203-4.npz","2020","2340","0203-4-C5002","0203-4-C5002","0.028505170350190217","2.1461122769921115","-0.13077921248087598","2.1461122769921115","hpc_random_forest_second_dual_round6","review_rounds/hpc_random_forest_second_dual_round6_reviewed_labels.csv","second_peak","complex",""
"354","HPC 0203-4.npz","data/raw/hpc/HPC 0203-4.npz","2021","2355","0203-4-C5002","0203-4-C5002","-0.0017874056164516707","0.7565864296672428","-0.03418783117115516","0.7565864296672428","hpc_random_forest_second_dual_round6","review_rounds/hpc_random_forest_second_dual_round6_reviewed_labels.csv","second_peak","complex",""
"355","HPC 0203-4.npz","data/raw/hpc/HPC 0203-4.npz","2045","2956","0203-4-C5002","0203-4-C5002","-0.042445571603872","0.22056988375157885","-0.01648215588261439","0.22056988375157885","hpc_random_forest_second_dual_round6","review_rounds/hpc_random_forest_second_dual_round6_reviewed_labels.csv","no_response","no_response",""
"356","HPC 0203-4.npz","data/raw/hpc/HPC 0203-4.npz","2046","2960","0203-4-C5002","0203-4-C5002","0.06598837356689516","0.23138185005950693","-0.06608059776717044","0.23138185005950693","hpc_targeted_round3","review_rounds/hpc_targeted_round3_reviewed_labels.csv","sustained_response","complex",""
"357","HPC 0203-4.npz","data/raw/hpc/HPC 0203-4.npz","2063","161","0203-4-C5003","0203-4-C5003","-0.026853851013183976","0.12102018060906342","-0.418743900322006","0.418743900322006","hpc_targeted_round3","review_rounds/hpc_targeted_round3_reviewed_labels.csv","weak_first_peak","weak_first_peak",""
"358","HPC 0203-4.npz","data/raw/hpc/HPC 0203-4.npz","2068","332","0203-4-C5003","0203-4-C5003","-0.1384211212592947","9.189823660097709","-0.06153400234592443","9.189823660097709","hpc_model_round2","review_rounds/hpc_model_round2_reviewed_labels.csv","sustained_response","sustained_response",""
"359","HPC 0203-4.npz","data/raw/hpc/HPC 0203-4.npz","2069","341","0203-4-C5003","0203-4-C5003","0.02278304266293896","2.2482014084899298","-0.09653902573401095","2.2482014084899298","hpc_targeted_round3","review_rounds/hpc_targeted_round3_reviewed_labels.csv","sustained_response","sustained_response",""
"360","HPC 0203-4.npz","data/raw/hpc/HPC 0203-4.npz","2083","924","0203-4-C5003","0203-4-C5003","0.005663240118508062","0.00977370654501605","-0.7525747199322935","0.7525747199322935","hpc_model_round1","review_rounds/hpc_model_round1_reviewed_labels.csv","inhibition","inhibition",""
"361","HPC 0203-4.npz","data/raw/hpc/HPC 0203-4.npz","2084","939","0203-4-C5003","0203-4-C5003","-0.02372591985864011","0.3078306708031364","-0.5083712280782321","0.5083712280782321","hpc_model_round1","review_rounds/hpc_model_round1_reviewed_labels.csv","strong_first_peak","strong_first_peak",""
"362","HPC 0203-4.npz","data/raw/hpc/HPC 0203-4.npz","2095","1320","0203-4-C5003","0203-4-C5003","0.03281861967707221","0.04841284103472897","-0.9667221962399111","0.9667221962399111","hpc_mlp_round4","review_rounds/hpc_mlp_round4_reviewed_labels.csv","inhibition","inhibition",""
"363","HPC 0203-4.npz","data/raw/hpc/HPC 0203-4.npz","2115","1756","0203-4-C5003","0203-4-C5003","0.026478991440807568","0.11326643632553623","-0.32765930471749716","0.32765930471749716","hpc_targeted_round3","review_rounds/hpc_targeted_round3_reviewed_labels.csv","weak_first_peak","weak_first_peak",""
"364","HPC 0203-4.npz","data/raw/hpc/HPC 0203-4.npz","2122","1921","0203-4-C5003","0203-4-C5003","0.004221920566717425","0.8371109144787658","-0.21088091222276265","0.8371109144787658","hpc_mlp_round4","review_rounds/hpc_mlp_round4_reviewed_labels.csv","second_peak","complex",""
"365","HPC 0203-4.npz","data/raw/hpc/HPC 0203-4.npz","2136","2312","0203-4-C5003","0203-4-C5003","0.01072904843515725","1.3897767974214867","-0.18280814610763144","1.3897767974214867","hpc_model_round2","review_rounds/hpc_model_round2_reviewed_labels.csv","strong_first_peak","strong_first_peak",""
"366","HPC 0203-4.npz","data/raw/hpc/HPC 0203-4.npz","2153","2741","0203-4-C5003","0203-4-C5003","0.016797304548623826","0.20670916958251737","-0.04680425418359518","0.20670916958251737","hpc_model_round2","review_rounds/hpc_model_round2_reviewed_labels.csv","no_response","no_response",""
"367","HPC 0203-4.npz","data/raw/hpc/HPC 0203-4.npz","2177","3452","0203-4-C5003","0203-4-C5003","0.005170862476796049","0.010029763632923233","-0.7249305875539516","0.7249305875539516","hpc_model_round2","review_rounds/hpc_model_round2_reviewed_labels.csv","inhibition","inhibition",""
"368","HPC 0203-4.npz","data/raw/hpc/HPC 0203-4.npz","2239","1373","0203-4-D2001-2","0203-4-D2001-2","0.018021528538603174","0.013485444069048138","-0.6092147450382297","0.6092147450382297","hpc_model_round2","review_rounds/hpc_model_round2_reviewed_labels.csv","inhibition","inhibition",""
"369","HPC 0203-4.npz","data/raw/hpc/HPC 0203-4.npz","2247","1616","0203-4-D2001-2","0203-4-D2001-2","0.03826103989029824","0.062449402629772756","-0.940577716386001","0.940577716386001","hpc_mlp_round4","review_rounds/hpc_mlp_round4_reviewed_labels.csv","inhibition","inhibition",""
"370","HPC 0203-4.npz","data/raw/hpc/HPC 0203-4.npz","2254","1772","0203-4-D2001-2","0203-4-D2001-2","-0.0010350470724374218","0.6574595512228897","-0.41974113844974403","0.6574595512228897","hpc_model_round1","review_rounds/hpc_model_round1_reviewed_labels.csv","strong_first_peak","strong_first_peak",""
"371","HPC 0203-4.npz","data/raw/hpc/HPC 0203-4.npz","2270","2110","0203-4-D2001-2","0203-4-D2001-2","-0.009385733875770989","0.3016137911819533","-0.016561879370068616","0.3016137911819533","hpc_model_round1","review_rounds/hpc_model_round1_reviewed_labels.csv","no_response","sustained_response",""
"372","HPC 0203-4.npz","data/raw/hpc/HPC 0203-4.npz","2283","2333","0203-4-D2001-2","0203-4-D2001-2","-0.029825427601923943","0.5138188385592941","-0.6791298704187378","0.6791298704187378","hpc_mlp_round4","review_rounds/hpc_mlp_round4_reviewed_labels.csv","weak_first_peak","weak_first_peak",""
"373","HPC 0203-4.npz","data/raw/hpc/HPC 0203-4.npz","2300","2647","0203-4-D2001-2","0203-4-D2001-2","0.0032590757810561028","0.5319730080942758","-0.03921778005371869","0.5319730080942758","hpc_random_forest_second_dual_round6","review_rounds/hpc_random_forest_second_dual_round6_reviewed_labels.csv","sustained_response","sustained_response",""
"374","HPC 0203-4.npz","data/raw/hpc/HPC 0203-4.npz","2310","60","0203-4-D2002","0203-4-D2002","0.02448638190484317","0.008912928657253464","-0.5502509423209677","0.5502509423209677","hpc_model_round1","review_rounds/hpc_model_round1_reviewed_labels.csv","inhibition","inhibition",""
"375","HPC 0203-4.npz","data/raw/hpc/HPC 0203-4.npz","2348","1283","0203-4-D2002","0203-4-D2002","-0.008935882177080754","0.2951322487299532","-0.03434431186841256","0.2951322487299532","hpc_targeted_round3","review_rounds/hpc_targeted_round3_reviewed_labels.csv","sustained_response","sustained_response",""
"376","HPC 0203-4.npz","data/raw/hpc/HPC 0203-4.npz","2369","1651","0203-4-D2002","0203-4-D2002","-0.01597583297580969","0.2825262670444352","-0.01089450975019355","0.2825262670444352","hpc_model_round1","review_rounds/hpc_model_round1_reviewed_labels.csv","no_response","no_response",""
"377","HPC 0203-4.npz","data/raw/hpc/HPC 0203-4.npz","2498","1465","0203-4-D2003","0203-4-D2003","0.001215443139626093","0.43511655333998006","-0.15715181229567354","0.43511655333998006","hpc_random100","review_rounds/hpc_random100_reviewed_labels.csv","strong_first_peak","sustained_response",""
"378","HPC 0203-4.npz","data/raw/hpc/HPC 0203-4.npz","2533","2242","0203-4-D2003","0203-4-D2003","0.018711050595569167","0.20278214737201863","-0.07594604621409401","0.20278214737201863","hpc_model_round2","review_rounds/hpc_model_round2_reviewed_labels.csv","sustained_response","sustained_response",""
"379","HPC 0203-4.npz","data/raw/hpc/HPC 0203-4.npz","2569","2834","0203-4-D2003","0203-4-D2003","-0.12724803837779677","0.1707899986427286","-0.5894341108667231","0.5894341108667231","hpc_random100","review_rounds/hpc_random100_reviewed_labels.csv","weak_first_peak","weak_first_peak",""
"380","HPC 0203-4.npz","data/raw/hpc/HPC 0203-4.npz","2577","2989","0203-4-D2003","0203-4-D2003","0.06712686211693288","1.3292659694455138","-0.2465832579876811","1.3292659694455138","hpc_random_forest_second_dual_round6","review_rounds/hpc_random_forest_second_dual_round6_reviewed_labels.csv","second_peak","complex",""
"381","HPC 0203-4.npz","data/raw/hpc/HPC 0203-4.npz","2592","3317","0203-4-D2003","0203-4-D2003","-0.06006984554361022","1.4360716670952967","-0.008284185796892246","1.4360716670952967","hpc_model_round2","review_rounds/hpc_model_round2_reviewed_labels.csv","sustained_response","sustained_response",""
"382","HPC 0203-5.npz","data/raw/hpc/HPC 0203-5.npz","29","1178","0203-5-4x001","0203-5-4x001","0.185827804692018","5.934930799724074","-0.4226033182685715","5.934930799724074","hpc_model_round1","review_rounds/hpc_model_round1_reviewed_labels.csv","strong_first_peak","strong_first_peak",""
"383","HPC 0203-5.npz","data/raw/hpc/HPC 0203-5.npz","33","1202","0203-5-4x001","0203-5-4x001","-0.003547261156675512","0.3371755580085387","-0.05470033687609803","0.3371755580085387","hpc_targeted_round3","review_rounds/hpc_targeted_round3_reviewed_labels.csv","no_response","no_response",""
"384","HPC 0203-5.npz","data/raw/hpc/HPC 0203-5.npz","34","1390","0203-5-4x001","0203-5-4x001","0.04579870915375045","5.122820345626157","-0.11073248632961977","5.122820345626157","hpc_targeted_round3","review_rounds/hpc_targeted_round3_reviewed_labels.csv","sustained_response","sustained_response",""
"385","HPC 0203-5.npz","data/raw/hpc/HPC 0203-5.npz","35","1396","0203-5-4x001","0203-5-4x001","-0.025076952297021244","1.901999468262539","-0.02132266880448205","1.901999468262539","hpc_targeted_round3","review_rounds/hpc_targeted_round3_reviewed_labels.csv","sustained_response","sustained_response",""
"386","HPC 0203-5.npz","data/raw/hpc/HPC 0203-5.npz","52","1885","0203-5-4x001","0203-5-4x001","-0.01443547947520441","2.0837802457822625","-0.013491419965156013","2.0837802457822625","hpc_targeted_round3","review_rounds/hpc_targeted_round3_reviewed_labels.csv","sustained_response","sustained_response",""
"387","HPC 0203-5.npz","data/raw/hpc/HPC 0203-5.npz","67","2175","0203-5-4x001","0203-5-4x001","-0.005426842400206969","0.6437718436416977","-0.04496858967532641","0.6437718436416977","hpc_model_round2","review_rounds/hpc_model_round2_reviewed_labels.csv","second_peak","complex",""
"388","HPC 0203-5.npz","data/raw/hpc/HPC 0203-5.npz","89","2717","0203-5-4x001","0203-5-4x001","-0.012640357027867128","1.7914795360540234","-0.34986462429685283","1.7914795360540234","hpc_model_round1","review_rounds/hpc_model_round1_reviewed_labels.csv","strong_first_peak","strong_first_peak",""
"389","HPC 0203-5.npz","data/raw/hpc/HPC 0203-5.npz","117","46","0203-5-4x002","0203-5-4x002","-0.0018906799256948573","0.45558204699314164","-0.2805267665841838","0.45558204699314164","hpc_random_forest_second_dual_round6","review_rounds/hpc_random_forest_second_dual_round6_reviewed_labels.csv","dual_peak","dual_peak",""
"390","HPC 0203-5.npz","data/raw/hpc/HPC 0203-5.npz","191","2526","0203-5-4x002","0203-5-4x002","-0.04289098990366832","0.42057964837299616","-0.6877831209005608","0.6877831209005608","hpc_mlp_round4","review_rounds/hpc_mlp_round4_reviewed_labels.csv","weak_first_peak","weak_first_peak",""
"391","HPC 0203-5.npz","data/raw/hpc/HPC 0203-5.npz","198","2725","0203-5-4x002","0203-5-4x002","-0.02769975455093573","0.4307024814377008","-0.7642324950125126","0.7642324950125126","hpc_mlp_round4","review_rounds/hpc_mlp_round4_reviewed_labels.csv","weak_first_peak","weak_first_peak",""
"392","HPC 0203-5.npz","data/raw/hpc/HPC 0203-5.npz","211","17","0203-5-A2-DG","0203-5-A2-DG","0.024998418069357656","1.1958210656453632","-0.04384043249566612","1.1958210656453632","hpc_model_round1","review_rounds/hpc_model_round1_reviewed_labels.csv","sustained_response","sustained_response",""
"393","HPC 0203-5.npz","data/raw/hpc/HPC 0203-5.npz","254","552","0203-5-A2-DG","0203-5-A2-DG","-0.1260882867733481","0.26070911889452797","-0.5395971660830885","0.5395971660830885","hpc_model_round2","review_rounds/hpc_model_round2_reviewed_labels.csv","strong_first_peak","strong_first_peak",""
"394","HPC 0203-5.npz","data/raw/hpc/HPC 0203-5.npz","268","728","0203-5-A2-DG","0203-5-A2-DG","0.07007007062228518","1.25484098571364","-0.18923101717875085","1.25484098571364","hpc_random_forest_second_dual_round6","review_rounds/hpc_random_forest_second_dual_round6_reviewed_labels.csv","second_peak","complex",""
"395","HPC 0203-5.npz","data/raw/hpc/HPC 0203-5.npz","290","1035","0203-5-A2-DG","0203-5-A2-DG","0.11947587174140917","0.05531733176127951","-0.8017665890477792","0.8017665890477792","hpc_random100","review_rounds/hpc_random100_reviewed_labels.csv","inhibition","inhibition",""
"396","HPC 0203-5.npz","data/raw/hpc/HPC 0203-5.npz","320","1542","0203-5-A2-DG","0203-5-A2-DG","-0.024851141421012465","0.9804765612768177","-0.1990595746772222","0.9804765612768177","hpc_model_round2","review_rounds/hpc_model_round2_reviewed_labels.csv","strong_first_peak","sustained_response",""
"397","HPC 0203-5.npz","data/raw/hpc/HPC 0203-5.npz","348","2097","0203-5-A2-DG","0203-5-A2-DG","0.0027067365999721474","0.2244573610827448","-0.13733286805970418","0.2244573610827448","hpc_model_round1","review_rounds/hpc_model_round1_reviewed_labels.csv","no_response","no_response",""
"398","HPC 0203-5.npz","data/raw/hpc/HPC 0203-5.npz","426","3947","0203-5-A2-DG","0203-5-A2-DG","0.01984452657890406","1.9612490155140487","-0.14063318114488146","1.9612490155140487","hpc_mlp_round4","review_rounds/hpc_mlp_round4_reviewed_labels.csv","second_peak","second_peak",""
"399","HPC 0203-5.npz","data/raw/hpc/HPC 0203-5.npz","440","4323","0203-5-A2-DG","0203-5-A2-DG","0.02493896921020286","0.3748761370963922","-0.0793276858609919","0.3748761370963922","hpc_model_round2","review_rounds/hpc_model_round2_reviewed_labels.csv","sustained_response","sustained_response",""
"400","HPC 0203-5.npz","data/raw/hpc/HPC 0203-5.npz","448","4435","0203-5-A2-DG","0203-5-A2-DG","-0.0184135304514351","5.201001017949388","-0.08480214727459502","5.201001017949388","hpc_model_round2","review_rounds/hpc_model_round2_reviewed_labels.csv","second_peak","complex",""
"401","HPC 0203-5.npz","data/raw/hpc/HPC 0203-5.npz","470","4905","0203-5-A2-DG","0203-5-A2-DG","0.018884655575263018","0.2825154155336292","-0.0768351133859867","0.2825154155336292","hpc_random_forest_second_dual_round6","review_rounds/hpc_random_forest_second_dual_round6_reviewed_labels.csv","dual_peak","dual_peak",""
"402","HPC 0203-5.npz","data/raw/hpc/HPC 0203-5.npz","497","324","0203-5-A2001","0203-5-A2001","0.028412032933675186","0.4004569931498175","-0.1092439827719161","0.4004569931498175","hpc_targeted_round3","review_rounds/hpc_targeted_round3_reviewed_labels.csv","strong_first_peak","strong_first_peak",""
"403","HPC 0203-5.npz","data/raw/hpc/HPC 0203-5.npz","502","433","0203-5-A2001","0203-5-A2001","-0.027795700529535984","1.9012462669473944","-0.18496724560371505","1.9012462669473944","hpc_model_round1","review_rounds/hpc_model_round1_reviewed_labels.csv","strong_first_peak","strong_first_peak",""
"404","HPC 0203-5.npz","data/raw/hpc/HPC 0203-5.npz","525","1024","0203-5-A2001","0203-5-A2001","-0.0024408142067025053","1.8167355823222695","-0.0811866732488831","1.8167355823222695","hpc_random_forest_second_dual_round6","review_rounds/hpc_random_forest_second_dual_round6_reviewed_labels.csv","second_peak","second_peak",""
"405","HPC 0203-5.npz","data/raw/hpc/HPC 0203-5.npz","536","1403","0203-5-A2001","0203-5-A2001","-0.08233959577865188","1.7503566667230943","-0.018916207505263613","1.7503566667230943","hpc_model_round2","review_rounds/hpc_model_round2_reviewed_labels.csv","sustained_response","sustained_response",""
"406","HPC 0203-5.npz","data/raw/hpc/HPC 0203-5.npz","551","1716","0203-5-A2001","0203-5-A2001","-0.06111213439271962","0.5612925572202949","-0.07395485995079909","0.5612925572202949","hpc_random_forest_second_dual_round6","review_rounds/hpc_random_forest_second_dual_round6_reviewed_labels.csv","second_peak","complex",""
"407","HPC 0203-5.npz","data/raw/hpc/HPC 0203-5.npz","560","2071","0203-5-A2001","0203-5-A2001","-0.006424608173723395","2.203493221737865","-0.3001931959089297","2.203493221737865","hpc_random100","review_rounds/hpc_random100_reviewed_labels.csv","sustained_response","sustained_response",""
"408","HPC 0203-5.npz","data/raw/hpc/HPC 0203-5.npz","570","2232","0203-5-A2001","0203-5-A2001","-0.00012917961240980442","0.4754733464068987","-0.5638669402415599","0.5638669402415599","hpc_model_round2","review_rounds/hpc_model_round2_reviewed_labels.csv","strong_first_peak","strong_first_peak",""
"409","HPC 0203-5.npz","data/raw/hpc/HPC 0203-5.npz","596","3039","0203-5-A2001","0203-5-A2001","0.00804704583736973","2.026115148599413","-0.05601546026539997","2.026115148599413","hpc_model_round2","review_rounds/hpc_model_round2_reviewed_labels.csv","sustained_response","sustained_response",""
"410","HPC 0203-5.npz","data/raw/hpc/HPC 0203-5.npz","611","3254","0203-5-A2001","0203-5-A2001","-0.011637741167976993","0.35226909081499336","-0.05683408490873027","0.35226909081499336","hpc_random100","review_rounds/hpc_random100_reviewed_labels.csv","sustained_response","sustained_response",""
"411","HPC 0203-5.npz","data/raw/hpc/HPC 0203-5.npz","622","3483","0203-5-A2001","0203-5-A2001","-0.0025294116143628376","0.2878155746021773","-0.44904170074657973","0.44904170074657973","hpc_targeted_round3","review_rounds/hpc_targeted_round3_reviewed_labels.csv","weak_first_peak","weak_first_peak",""
"412","HPC 0203-5.npz","data/raw/hpc/HPC 0203-5.npz","653","949","0203-5-A2002","0203-5-A2002","-0.054172371315576714","0.43649234004946397","-0.019953005806761348","0.43649234004946397","hpc_random_forest_second_dual_round6","review_rounds/hpc_random_forest_second_dual_round6_reviewed_labels.csv","sustained_response","sustained_response",""
"413","HPC 0203-5.npz","data/raw/hpc/HPC 0203-5.npz","666","1393","0203-5-A2002","0203-5-A2002","0.0029506302012369387","1.589825309862266","-0.02998364252150088","1.589825309862266","hpc_model_round2","review_rounds/hpc_model_round2_reviewed_labels.csv","sustained_response","sustained_response",""
"414","HPC 0203-5.npz","data/raw/hpc/HPC 0203-5.npz","673","1703","0203-5-A2002","0203-5-A2002","0.008755775529651434","0.32490060902185414","-0.04118927912742169","0.32490060902185414","hpc_model_round2","review_rounds/hpc_model_round2_reviewed_labels.csv","sustained_response","sustained_response",""
"415","HPC 0203-5.npz","data/raw/hpc/HPC 0203-5.npz","694","2988","0203-5-A2002","0203-5-A2002","0.004858334056374067","0.3067827095919603","-0.312383352939159","0.312383352939159","hpc_mlp_round4","review_rounds/hpc_mlp_round4_reviewed_labels.csv","no_response","no_response",""
"416","HPC 0203-5.npz","data/raw/hpc/HPC 0203-5.npz","699","3174","0203-5-A2002","0203-5-A2002","-0.019306161814586147","0.258653535480844","-0.4234159708317221","0.4234159708317221","hpc_model_round2","review_rounds/hpc_model_round2_reviewed_labels.csv","weak_first_peak","weak_first_peak",""
"417","HPC 0203-5.npz","data/raw/hpc/HPC 0203-5.npz","724","4031","0203-5-A2002","0203-5-A2002","-0.009798984299966102","0.6698915864203632","-0.5041627288989494","0.6698915864203632","hpc_random_forest_second_dual_round6","review_rounds/hpc_random_forest_second_dual_round6_reviewed_labels.csv","second_peak","complex",""
"418","HPC 0203-5.npz","data/raw/hpc/HPC 0203-5.npz","727","4097","0203-5-A2002","0203-5-A2002","0.00001666390928695014","0.23501242929371519","-0.43215215825820547","0.43215215825820547","hpc_random100","review_rounds/hpc_random100_reviewed_labels.csv","no_response","no_response",""
"419","HPC 0203-5.npz","data/raw/hpc/HPC 0203-5.npz","733","265","0203-5-A2","0203-5-A2","-0.2072879410732454","5.9689282899600595","-0.10424862588986158","5.9689282899600595","hpc_random_forest_second_dual_round6","review_rounds/hpc_random_forest_second_dual_round6_reviewed_labels.csv","sustained_response","sustained_response",""
"420","HPC 0203-5.npz","data/raw/hpc/HPC 0203-5.npz","734","284","0203-5-A2","0203-5-A2","0.0007730871927222531","3.0364351109601646","-0.037204461918938614","3.0364351109601646","hpc_model_round1","review_rounds/hpc_model_round1_reviewed_labels.csv","sustained_response","sustained_response",""
"421","HPC 0203-5.npz","data/raw/hpc/HPC 0203-5.npz","745","539","0203-5-A2","0203-5-A2","0.16017779918363134","0.6329770185571053","-0.3378914145972719","0.6329770185571053","hpc_mlp_round4","review_rounds/hpc_mlp_round4_reviewed_labels.csv","strong_first_peak","strong_first_peak",""
"422","HPC 0203-5.npz","data/raw/hpc/HPC 0203-5.npz","748","574","0203-5-A2","0203-5-A2","-0.05806813921170807","0.7076193678420979","-0.07597031961784943","0.7076193678420979","hpc_random_forest_second_dual_round6","review_rounds/hpc_random_forest_second_dual_round6_reviewed_labels.csv","sustained_response","sustained_response",""
"423","HPC 0203-5.npz","data/raw/hpc/HPC 0203-5.npz","790","1688","0203-5-A2","0203-5-A2","0.10135483635235562","0.0965667257771487","-0.9883476352445479","0.9883476352445479","hpc_mlp_round4","review_rounds/hpc_mlp_round4_reviewed_labels.csv","inhibition","inhibition",""
"424","HPC 0203-5.npz","data/raw/hpc/HPC 0203-5.npz","871","301","0203-5-A5-DG","0203-5-A5-DG","0.0031200586715717043","6.691593542307242","-0.0294198186349176","6.691593542307242","hpc_model_round2","review_rounds/hpc_model_round2_reviewed_labels.csv","second_peak","complex",""
"425","HPC 0203-5.npz","data/raw/hpc/HPC 0203-5.npz","875","319","0203-5-A5-DG","0203-5-A5-DG","0.06591762597950694","2.4812401351301885","-0.10818274055391666","2.4812401351301885","hpc_mlp_round4","review_rounds/hpc_mlp_round4_reviewed_labels.csv","second_peak","second_peak",""
"426","HPC 0203-5.npz","data/raw/hpc/HPC 0203-5.npz","897","874","0203-5-A5-DG","0203-5-A5-DG","0.01026067054278983","0.7006848340976926","-0.08066339537869403","0.7006848340976926","hpc_random100","review_rounds/hpc_random100_reviewed_labels.csv","strong_first_peak","strong_first_peak",""
"427","HPC 0203-5.npz","data/raw/hpc/HPC 0203-5.npz","908","982","0203-5-A5-DG","0203-5-A5-DG","-0.04080668115272273","0.3729508118554591","-0.09221775154147835","0.3729508118554591","hpc_random_forest_second_dual_round6","review_rounds/hpc_random_forest_second_dual_round6_reviewed_labels.csv","dual_peak","dual_peak",""
"428","HPC 0203-5.npz","data/raw/hpc/HPC 0203-5.npz","964","2871","0203-5-A5-DG","0203-5-A5-DG","0.026816800624073298","1.116476819868923","-0.13085822341048112","1.116476819868923","hpc_random_forest_second_dual_round6","review_rounds/hpc_random_forest_second_dual_round6_reviewed_labels.csv","second_peak","second_peak",""
"429","HPC 0203-5.npz","data/raw/hpc/HPC 0203-5.npz","980","3475","0203-5-A5-DG","0203-5-A5-DG","0.1012671792168999","0.2951830778330975","-0.10207112986442574","0.2951830778330975","hpc_targeted_round3","review_rounds/hpc_targeted_round3_reviewed_labels.csv","second_peak","no_response",""
"430","HPC 0203-5.npz","data/raw/hpc/HPC 0203-5.npz","984","3630","0203-5-A5-DG","0203-5-A5-DG","0.03093012415291166","0.261110923720824","-0.13189325191709572","0.261110923720824","hpc_targeted_round3","review_rounds/hpc_targeted_round3_reviewed_labels.csv","sustained_response","sustained_response",""
"431","HPC 0203-5.npz","data/raw/hpc/HPC 0203-5.npz","988","3754","0203-5-A5-DG","0203-5-A5-DG","-0.0432413765415417","2.168978344702577","-0.019036550349670785","2.168978344702577","hpc_targeted_round3","review_rounds/hpc_targeted_round3_reviewed_labels.csv","sustained_response","sustained_response",""
"432","HPC 0203-5.npz","data/raw/hpc/HPC 0203-5.npz","1004","4332","0203-5-A5-DG","0203-5-A5-DG","-0.17338231242407823","0.18863685682036935","-0.8066738766968938","0.8066738766968938","hpc_mlp_round4","review_rounds/hpc_mlp_round4_reviewed_labels.csv","inhibition","inhibition",""
"433","HPC 0203-5.npz","data/raw/hpc/HPC 0203-5.npz","1011","4481","0203-5-A5-DG","0203-5-A5-DG","0.028195739932074856","0.005840654080106696","-0.9782415106835226","0.9782415106835226","hpc_mlp_round4","review_rounds/hpc_mlp_round4_reviewed_labels.csv","inhibition","inhibition",""
"434","HPC 0203-5.npz","data/raw/hpc/HPC 0203-5.npz","1021","4633","0203-5-A5-DG","0203-5-A5-DG","-0.004743090170957577","0.20726069566608288","-0.06356379618312198","0.20726069566608288","hpc_model_round2","review_rounds/hpc_model_round2_reviewed_labels.csv","no_response","no_response",""
"435","HPC 0203-5.npz","data/raw/hpc/HPC 0203-5.npz","1031","4905","0203-5-A5-DG","0203-5-A5-DG","-0.02829043648837092","0.2116876689604956","-0.01570663834844877","0.2116876689604956","hpc_model_round2","review_rounds/hpc_model_round2_reviewed_labels.csv","no_response","no_response",""
"436","HPC 0203-5.npz","data/raw/hpc/HPC 0203-5.npz","1043","5202","0203-5-A5-DG","0203-5-A5-DG","0.04071054043550234","0.21348077549395575","-0.10859329548244187","0.21348077549395575","hpc_random100","review_rounds/hpc_random100_reviewed_labels.csv","weak_first_peak","strong_first_peak",""
"437","HPC 0203-5.npz","data/raw/hpc/HPC 0203-5.npz","1049","5300","0203-5-A5-DG","0203-5-A5-DG","-0.027672249314486412","0.21952728428351684","-0.004124128705460917","0.21952728428351684","hpc_random100","review_rounds/hpc_random100_reviewed_labels.csv","no_response","no_response",""
"438","HPC 0203-5.npz","data/raw/hpc/HPC 0203-5.npz","1059","5668","0203-5-A5-DG","0203-5-A5-DG","-0.3389716259661327","2.496401751256512","-0.059715902455349745","2.496401751256512","hpc_model_round1","review_rounds/hpc_model_round1_reviewed_labels.csv","sustained_response","sustained_response",""
"439","HPC 0203-5.npz","data/raw/hpc/HPC 0203-5.npz","1068","5840","0203-5-A5-DG","0203-5-A5-DG","-0.11436109656282988","0.6307296197181766","-0.05771089954275631","0.6307296197181766","hpc_random_forest_second_dual_round6","review_rounds/hpc_random_forest_second_dual_round6_reviewed_labels.csv","dual_peak","dual_peak",""
"440","HPC 0203-5.npz","data/raw/hpc/HPC 0203-5.npz","1101","333","0203-5-A5001","0203-5-A5001","-0.03276492112853302","23.33660158414391","-0.07631747999836772","23.33660158414391","hpc_targeted_round3","review_rounds/hpc_targeted_round3_reviewed_labels.csv","second_peak","second_peak",""
"441","HPC 0203-5.npz","data/raw/hpc/HPC 0203-5.npz","1105","438","0203-5-A5001","0203-5-A5001","0.12922601638460818","12.899392024445888","-0.195430648212012","12.899392024445888","hpc_random_forest_second_dual_round6","review_rounds/hpc_random_forest_second_dual_round6_reviewed_labels.csv","strong_first_peak","strong_first_peak",""
"442","HPC 0203-5.npz","data/raw/hpc/HPC 0203-5.npz","1125","1586","0203-5-A5001","0203-5-A5001","0.022810847517907136","2.6971053861557692","-0.07259333921152318","2.6971053861557692","hpc_model_round2","review_rounds/hpc_model_round2_reviewed_labels.csv","second_peak","sustained_response",""
"443","HPC 0203-5.npz","data/raw/hpc/HPC 0203-5.npz","1162","2591","0203-5-A5001","0203-5-A5001","0.010216257754910946","0.03545656373101962","-0.40728296060086056","0.40728296060086056","hpc_random100","review_rounds/hpc_random100_reviewed_labels.csv","inhibition","inhibition",""
"444","HPC 0203-5.npz","data/raw/hpc/HPC 0203-5.npz","1168","2730","0203-5-A5001","0203-5-A5001","-0.0030446633349732535","0.20033056030775487","-0.044792138778560704","0.20033056030775487","hpc_random100","review_rounds/hpc_random100_reviewed_labels.csv","no_response","no_response",""
"445","HPC 0203-5.npz","data/raw/hpc/HPC 0203-5.npz","1209","394","0203-5-A5002","0203-5-A5002","0.012868894721300952","0.24495729054339724","-0.3963399100704913","0.3963399100704913","hpc_random100","review_rounds/hpc_random100_reviewed_labels.csv","weak_first_peak","strong_first_peak",""
"446","HPC 0203-5.npz","data/raw/hpc/HPC 0203-5.npz","1229","1032","0203-5-A5002","0203-5-A5002","-0.03849018953112799","5.203730771935917","-0.17554506289182725","5.203730771935917","hpc_model_round2","review_rounds/hpc_model_round2_reviewed_labels.csv","second_peak","second_peak",""
"447","HPC 0203-5.npz","data/raw/hpc/HPC 0203-5.npz","1231","1138","0203-5-A5002","0203-5-A5002","-0.013664016158330699","0.9459025976760372","-0.005333229291904896","0.9459025976760372","hpc_model_round1","review_rounds/hpc_model_round1_reviewed_labels.csv","sustained_response","sustained_response",""
"448","HPC 0203-5.npz","data/raw/hpc/HPC 0203-5.npz","1242","1636","0203-5-A5002","0203-5-A5002","-0.01101485309041477","1.474040351668339","-0.1682307214750637","1.474040351668339","hpc_model_round1","review_rounds/hpc_model_round1_reviewed_labels.csv","strong_first_peak","strong_first_peak",""
"449","HPC 0203-5.npz","data/raw/hpc/HPC 0203-5.npz","1262","2566","0203-5-A5002","0203-5-A5002","0.01582272748131664","0.03677420468136504","-0.6274577535025171","0.6274577535025171","hpc_random100","review_rounds/hpc_random100_reviewed_labels.csv","inhibition","inhibition",""
"450","HPC 0203-5.npz","data/raw/hpc/HPC 0203-5.npz","1266","2672","0203-5-A5002","0203-5-A5002","-0.030181192991650934","2.7336500254602747","-0.01282886636077699","2.7336500254602747","hpc_model_round1","review_rounds/hpc_model_round1_reviewed_labels.csv","sustained_response","sustained_response",""
"451","HPC 0203-5.npz","data/raw/hpc/HPC 0203-5.npz","1296","29","0203-5-A5003","0203-5-A5003","0.010720948255111412","0.5456197566514722","-0.03392403290083093","0.5456197566514722","hpc_targeted_round3","review_rounds/hpc_targeted_round3_reviewed_labels.csv","sustained_response","sustained_response",""
"452","HPC 0203-5.npz","data/raw/hpc/HPC 0203-5.npz","1307","164","0203-5-A5003","0203-5-A5003","-0.0036396026642592856","0.7453494449508727","-0.3687644339850019","0.7453494449508727","hpc_model_round1","review_rounds/hpc_model_round1_reviewed_labels.csv","sustained_response","sustained_response",""
"453","HPC 0203-5.npz","data/raw/hpc/HPC 0203-5.npz","1313","367","0203-5-A5003","0203-5-A5003","0.013152146491394555","0.004823290951049044","-0.7224984333828022","0.7224984333828022","hpc_model_round2","review_rounds/hpc_model_round2_reviewed_labels.csv","inhibition","inhibition",""
"454","HPC 0203-5.npz","data/raw/hpc/HPC 0203-5.npz","1338","1489","0203-5-A5003","0203-5-A5003","-0.009287364219299347","0.07621490527816317","-0.4505697157454981","0.4505697157454981","hpc_random100","review_rounds/hpc_random100_reviewed_labels.csv","inhibition","inhibition",""
"455","HPC 0203-5.npz","data/raw/hpc/HPC 0203-5.npz","1355","2186","0203-5-A5003","0203-5-A5003","0.7735609032214429","3.200723304520714","-0.4916399435886658","3.200723304520714","hpc_random_forest_second_dual_round6","review_rounds/hpc_random_forest_second_dual_round6_reviewed_labels.csv","sustained_response","sustained_response",""
"456","HPC 0203-5.npz","data/raw/hpc/HPC 0203-5.npz","1381","2991","0203-5-A5003","0203-5-A5003","0.07166041193227804","0.6766670390261335","-0.17985688515047743","0.6766670390261335","hpc_mlp_round4","review_rounds/hpc_mlp_round4_reviewed_labels.csv","second_peak","complex",""
"457","HPC 0203-5.npz","data/raw/hpc/HPC 0203-5.npz","1388","3210","0203-5-A5003","0203-5-A5003","0.037004665393256135","0.009690435485871028","-0.33406126975139167","0.33406126975139167","hpc_model_round1","review_rounds/hpc_model_round1_reviewed_labels.csv","inhibition","inhibition",""
"458","HPC 0203-5.npz","data/raw/hpc/HPC 0203-5.npz","1389","3258","0203-5-A5003","0203-5-A5003","0.015213758131205513","0.5678085119706525","-0.21873291957369984","0.5678085119706525","hpc_random_forest_second_dual_round6","review_rounds/hpc_random_forest_second_dual_round6_reviewed_labels.csv","second_peak","complex",""
"459","HPC 0203-5.npz","data/raw/hpc/HPC 0203-5.npz","1400","3690","0203-5-A5003","0203-5-A5003","0.11623129563971116","20.73525894225133","-0.10938957739593119","20.73525894225133","hpc_mlp_round4","review_rounds/hpc_mlp_round4_reviewed_labels.csv","weak_first_peak","weak_first_peak",""
"460","HPC 0203-5.npz","data/raw/hpc/HPC 0203-5.npz","1409","87","0203-5-A5004","0203-5-A5004","0.6040843969383223","29.41963816610877","-0.49880866257483963","29.41963816610877","hpc_mlp_round4","review_rounds/hpc_mlp_round4_reviewed_labels.csv","strong_first_peak","strong_first_peak",""
"461","HPC 0203-5.npz","data/raw/hpc/HPC 0203-5.npz","1412","113","0203-5-A5004","0203-5-A5004","-0.03811001729301637","0.45722773796395044","-0.248548781186143","0.45722773796395044","hpc_targeted_round3","review_rounds/hpc_targeted_round3_reviewed_labels.csv","strong_first_peak","sustained_response",""
"462","HPC 0203-5.npz","data/raw/hpc/HPC 0203-5.npz","1423","709","0203-5-A5004","0203-5-A5004","-0.02930608577545161","3.1874162738885095","-0.0638801112868327","3.1874162738885095","hpc_targeted_round3","review_rounds/hpc_targeted_round3_reviewed_labels.csv","second_peak","complex",""
"463","HPC 0203-5.npz","data/raw/hpc/HPC 0203-5.npz","1511","92","0203-5-B5-CA3","0203-5-B5-CA3","0.04355425764081732","0.03327093417925884","-0.9408529572787883","0.9408529572787883","hpc_random100","review_rounds/hpc_random100_reviewed_labels.csv","inhibition","inhibition",""
"464","HPC 0203-5.npz","data/raw/hpc/HPC 0203-5.npz","1513","154","0203-5-B5-CA3","0203-5-B5-CA3","-0.02999172735108538","1.333884563351793","-0.01978199343052995","1.333884563351793","hpc_random_forest_second_dual_round6","review_rounds/hpc_random_forest_second_dual_round6_reviewed_labels.csv","second_peak","second_peak",""
"465","HPC 0203-5.npz","data/raw/hpc/HPC 0203-5.npz","1514","156","0203-5-B5-CA3","0203-5-B5-CA3","0.12291553493869631","2.9346897871967497","-0.036547308208682835","2.9346897871967497","hpc_targeted_round3","review_rounds/hpc_targeted_round3_reviewed_labels.csv","sustained_response","complex",""
"466","HPC 0203-5.npz","data/raw/hpc/HPC 0203-5.npz","1524","505","0203-5-B5-CA3","0203-5-B5-CA3","-0.023105589186232962","2.8147527080158166","-0.04205420163053713","2.8147527080158166","hpc_model_round1","review_rounds/hpc_model_round1_reviewed_labels.csv","sustained_response","sustained_response",""
"467","HPC 0203-5.npz","data/raw/hpc/HPC 0203-5.npz","1526","644","0203-5-B5-CA3","0203-5-B5-CA3","0.05388268326539243","9.842613917940941","-0.1974388734226704","9.842613917940941","hpc_random_forest_second_dual_round6","review_rounds/hpc_random_forest_second_dual_round6_reviewed_labels.csv","dual_peak","dual_peak",""
"468","HPC 0203-5.npz","data/raw/hpc/HPC 0203-5.npz","1529","790","0203-5-B5-CA3","0203-5-B5-CA3","0.11506993798364304","3.8931354418335777","-0.13881241279453396","3.8931354418335777","hpc_random_forest_second_dual_round6","review_rounds/hpc_random_forest_second_dual_round6_reviewed_labels.csv","strong_first_peak","strong_first_peak",""
"469","HPC 0203-5.npz","data/raw/hpc/HPC 0203-5.npz","1544","1558","0203-5-B5-CA3","0203-5-B5-CA3","-0.020555171744680106","0.542998925773002","-0.7246370801467766","0.7246370801467766","hpc_mlp_round4","review_rounds/hpc_mlp_round4_reviewed_labels.csv","weak_first_peak","weak_first_peak",""
"470","HPC 0203-5.npz","data/raw/hpc/HPC 0203-5.npz","1549","1639","0203-5-B5-CA3","0203-5-B5-CA3","-0.007257132485627995","0.916567270081164","-0.0698326541363478","0.916567270081164","hpc_random_forest_second_dual_round6","review_rounds/hpc_random_forest_second_dual_round6_reviewed_labels.csv","sustained_response","sustained_response",""
"471","HPC 0203-5.npz","data/raw/hpc/HPC 0203-5.npz","1562","2283","0203-5-B5-CA3","0203-5-B5-CA3","0.02897359837145107","0.3128423948762253","-0.4322807798246724","0.4322807798246724","hpc_random100","review_rounds/hpc_random100_reviewed_labels.csv","weak_first_peak","weak_first_peak",""
"472","HPC 0203-5.npz","data/raw/hpc/HPC 0203-5.npz","1567","2331","0203-5-B5-CA3","0203-5-B5-CA3","-0.01452487739542746","1.0448131489334518","-0.223623568358518","1.0448131489334518","hpc_random_forest_second_dual_round6","review_rounds/hpc_random_forest_second_dual_round6_reviewed_labels.csv","second_peak","second_peak",""
"473","HPC 0203-5.npz","data/raw/hpc/HPC 0203-5.npz","1570","2427","0203-5-B5-CA3","0203-5-B5-CA3","-0.02189515481906673","0.23270810254748384","-0.028160428816681335","0.23270810254748384","hpc_targeted_round3","review_rounds/hpc_targeted_round3_reviewed_labels.csv","sustained_response","sustained_response",""
"474","HPC 0203-5.npz","data/raw/hpc/HPC 0203-5.npz","1614","130","0203-5-B5-DG001","0203-5-B5-DG001","-0.16227172653302463","23.54446095330323","-0.08862748588555652","23.54446095330323","hpc_targeted_round3","review_rounds/hpc_targeted_round3_reviewed_labels.csv","sustained_response","sustained_response",""
"475","HPC 0203-5.npz","data/raw/hpc/HPC 0203-5.npz","1629","484","0203-5-B5-DG001","0203-5-B5-DG001","0.1012629378554341","0.12530126173421158","-0.7380373898594977","0.7380373898594977","hpc_model_round1","review_rounds/hpc_model_round1_reviewed_labels.csv","inhibition","inhibition",""
"476","HPC 0203-5.npz","data/raw/hpc/HPC 0203-5.npz","1652","977","0203-5-B5-DG001","0203-5-B5-DG001","-0.0215973942452956","0.22123909877611414","-0.013870794250079584","0.22123909877611414","hpc_model_round2","review_rounds/hpc_model_round2_reviewed_labels.csv","no_response","no_response",""
"477","HPC 0203-5.npz","data/raw/hpc/HPC 0203-5.npz","1668","1324","0203-5-B5-DG001","0203-5-B5-DG001","0.00997748440644601","1.327176267334895","-0.07466300507749868","1.327176267334895","hpc_random_forest_second_dual_round6","review_rounds/hpc_random_forest_second_dual_round6_reviewed_labels.csv","second_peak","complex",""
"478","HPC 0203-5.npz","data/raw/hpc/HPC 0203-5.npz","1689","1690","0203-5-B5-DG001","0203-5-B5-DG001","-0.062461810384868754","2.374162438045554","-0.031398660295417546","2.374162438045554","hpc_random_forest_second_dual_round6","review_rounds/hpc_random_forest_second_dual_round6_reviewed_labels.csv","sustained_response","sustained_response",""
"479","HPC 0203-5.npz","data/raw/hpc/HPC 0203-5.npz","1711","1991","0203-5-B5-DG001","0203-5-B5-DG001","0.018997188268927625","0.6983022276041568","-0.08942254934617325","0.6983022276041568","hpc_random_forest_second_dual_round6","review_rounds/hpc_random_forest_second_dual_round6_reviewed_labels.csv","sustained_response","sustained_response",""
"480","HPC 0203-5.npz","data/raw/hpc/HPC 0203-5.npz","1737","2421","0203-5-B5-DG001","0203-5-B5-DG001","0.044801028793245434","0.4192640369963446","-0.13504995189426677","0.4192640369963446","hpc_random_forest_second_dual_round6","review_rounds/hpc_random_forest_second_dual_round6_reviewed_labels.csv","second_peak","complex",""
"481","HPC 0203-5.npz","data/raw/hpc/HPC 0203-5.npz","1745","2660","0203-5-B5-DG001","0203-5-B5-DG001","-0.027465538199851924","0.21652589630932859","-0.06996225023234925","0.21652589630932859","hpc_random100","review_rounds/hpc_random100_reviewed_labels.csv","dual_peak","complex",""
"482","HPC 0203-5.npz","data/raw/hpc/HPC 0203-5.npz","1769","3009","0203-5-B5-DG001","0203-5-B5-DG001","0.09916947604177379","0.05222971930744372","-0.22586261650514963","0.22586261650514963","hpc_random100","review_rounds/hpc_random100_reviewed_labels.csv","inhibition","inhibition",""
"483","HPC 0203-5.npz","data/raw/hpc/HPC 0203-5.npz","1811","17","0203-5-B5-DG","0203-5-B5-DG","-0.03603459862646134","0.4199977098314007","-0.3924955594295549","0.4199977098314007","hpc_model_round1","review_rounds/hpc_model_round1_reviewed_labels.csv","strong_first_peak","strong_first_peak",""
"484","HPC 0203-5.npz","data/raw/hpc/HPC 0203-5.npz","1830","256","0203-5-B5-DG","0203-5-B5-DG","0.005336697487061741","0.01100855742964747","-0.5860496424258218","0.5860496424258218","hpc_model_round1","review_rounds/hpc_model_round1_reviewed_labels.csv","inhibition","inhibition",""
"485","HPC 0203-5.npz","data/raw/hpc/HPC 0203-5.npz","1833","267","0203-5-B5-DG","0203-5-B5-DG","0.026662954943694018","4.987367833920848","-0.12158878711726448","4.987367833920848","hpc_targeted_round3","review_rounds/hpc_targeted_round3_reviewed_labels.csv","sustained_response","sustained_response",""
"486","HPC 0203-5.npz","data/raw/hpc/HPC 0203-5.npz","1836","286","0203-5-B5-DG","0203-5-B5-DG","-0.04364142043991283","0.21459368774909604","-0.04062999046452667","0.21459368774909604","hpc_model_round2","review_rounds/hpc_model_round2_reviewed_labels.csv","sustained_response","sustained_response",""
"487","HPC 0203-5.npz","data/raw/hpc/HPC 0203-5.npz","1858","722","0203-5-B5-DG","0203-5-B5-DG","0.02798749829292996","0.38742733079744623","-0.13815444795595497","0.38742733079744623","hpc_mlp_round4","review_rounds/hpc_mlp_round4_reviewed_labels.csv","no_response","no_response",""
"488","HPC 0203-5.npz","data/raw/hpc/HPC 0203-5.npz","1921","2277","0203-5-B5-DG","0203-5-B5-DG","-0.0631691725375887","0.39589160103681914","-0.375199712860964","0.39589160103681914","hpc_model_round1","review_rounds/hpc_model_round1_reviewed_labels.csv","strong_first_peak","strong_first_peak",""
"489","HPC 0203-5.npz","data/raw/hpc/HPC 0203-5.npz","1929","2522","0203-5-B5-DG","0203-5-B5-DG","0.012405006617139114","2.6124479058869317","-0.026125378127938748","2.6124479058869317","hpc_model_round1","review_rounds/hpc_model_round1_reviewed_labels.csv","sustained_response","sustained_response",""
"490","HPC 0203-5.npz","data/raw/hpc/HPC 0203-5.npz","1989","4013","0203-5-B5-DG","0203-5-B5-DG","0.0035607802700731556","0.46038646422012874","-0.06858367371991131","0.46038646422012874","hpc_random100","review_rounds/hpc_random100_reviewed_labels.csv","no_response","no_response",""
"491","HPC 0203-5.npz","data/raw/hpc/HPC 0203-5.npz","1994","4106","0203-5-B5-DG","0203-5-B5-DG","-0.05226214566796001","0.385168865007159","-0.01696059377774691","0.385168865007159","hpc_random_forest_second_dual_round6","review_rounds/hpc_random_forest_second_dual_round6_reviewed_labels.csv","dual_peak","dual_peak",""
"492","HPC 0203-5.npz","data/raw/hpc/HPC 0203-5.npz","2010","4447","0203-5-B5-DG","0203-5-B5-DG","-0.11583216129692027","1.6146610906129024","-0.4524986874973224","1.6146610906129024","hpc_model_round1","review_rounds/hpc_model_round1_reviewed_labels.csv","strong_first_peak","strong_first_peak",""
"493","HPC 0203-5.npz","data/raw/hpc/HPC 0203-5.npz","2027","4940","0203-5-B5-DG","0203-5-B5-DG","-0.23167488589232726","1.5155202235362895","-0.08430584142572933","1.5155202235362895","hpc_mlp_round4","review_rounds/hpc_mlp_round4_reviewed_labels.csv","second_peak","second_peak",""
"494","HPC 0203-5.npz","data/raw/hpc/HPC 0203-5.npz","2040","216","0203-5-B5001","0203-5-B5001","0.043312512595887136","0.4775558006827039","-0.5765644565083851","0.5765644565083851","hpc_random100","review_rounds/hpc_random100_reviewed_labels.csv","weak_first_peak","weak_first_peak",""
"495","HPC 0203-5.npz","data/raw/hpc/HPC 0203-5.npz","2044","278","0203-5-B5001","0203-5-B5001","0.04888307824355653","0.6126691097221598","-0.23939618520237332","0.6126691097221598","hpc_random_forest_second_dual_round6","review_rounds/hpc_random_forest_second_dual_round6_reviewed_labels.csv","second_peak","complex",""
"496","HPC 0203-5.npz","data/raw/hpc/HPC 0203-5.npz","2045","311","0203-5-B5001","0203-5-B5001","-0.014091576549295761","0.21913423894880105","-0.007252448995840233","0.21913423894880105","hpc_random100","review_rounds/hpc_random100_reviewed_labels.csv","sustained_response","sustained_response",""
"497","HPC 0203-5.npz","data/raw/hpc/HPC 0203-5.npz","2052","436","0203-5-B5001","0203-5-B5001","0.03481916537624491","0.005625486025434258","-0.544680064112439","0.544680064112439","hpc_model_round1","review_rounds/hpc_model_round1_reviewed_labels.csv","inhibition","inhibition",""
"498","HPC 0203-5.npz","data/raw/hpc/HPC 0203-5.npz","2074","1235","0203-5-B5001","0203-5-B5001","-0.16235566447994934","1.6988879539851622","-0.00768613993429676","1.6988879539851622","hpc_random100","review_rounds/hpc_random100_reviewed_labels.csv","sustained_response","sustained_response",""
"499","HPC 0203-5.npz","data/raw/hpc/HPC 0203-5.npz","2088","1747","0203-5-B5001","0203-5-B5001","0.012639950481258558","0.8790234592702261","-0.5552344832759716","0.8790234592702261","hpc_random100","review_rounds/hpc_random100_reviewed_labels.csv","weak_first_peak","weak_first_peak",""
"500","HPC 0203-5.npz","data/raw/hpc/HPC 0203-5.npz","2100","2093","0203-5-B5001","0203-5-B5001","-0.0009224052228218401","0.6322787330099672","-0.09572055109060296","0.6322787330099672","hpc_random_forest_second_dual_round6","review_rounds/hpc_random_forest_second_dual_round6_reviewed_labels.csv","second_peak","complex",""
"501","HPC 0203-5.npz","data/raw/hpc/HPC 0203-5.npz","2102","2098","0203-5-B5001","0203-5-B5001","-0.057905884101419676","0.6866687208477451","-0.01993300420796961","0.6866687208477451","hpc_random100","review_rounds/hpc_random100_reviewed_labels.csv","sustained_response","sustained_response",""
"502","HPC 0203-5.npz","data/raw/hpc/HPC 0203-5.npz","2121","2646","0203-5-B5001","0203-5-B5001","0.017676644336133286","0.3328303090220093","-0.2550654519428337","0.3328303090220093","hpc_random_forest_second_dual_round6","review_rounds/hpc_random_forest_second_dual_round6_reviewed_labels.csv","no_response","no_response",""
"503","HPC 0203-5.npz","data/raw/hpc/HPC 0203-5.npz","2144","3301","0203-5-B5001","0203-5-B5001","-0.0336352462315082","0.07826554980481626","-0.8671405165650872","0.8671405165650872","hpc_mlp_round4","review_rounds/hpc_mlp_round4_reviewed_labels.csv","inhibition","inhibition",""
"504","HPC 0203-5.npz","data/raw/hpc/HPC 0203-5.npz","2177","644","0203-5-B5002","0203-5-B5002","0.01623754060358705","0.008375433965133412","-0.7703622785340674","0.7703622785340674","hpc_model_round2","review_rounds/hpc_model_round2_reviewed_labels.csv","inhibition","inhibition",""
"505","HPC 0203-5.npz","data/raw/hpc/HPC 0203-5.npz","2180","715","0203-5-B5002","0203-5-B5002","-0.020704554241371718","0.5742114192267725","-0.060985771493870855","0.5742114192267725","hpc_model_round2","review_rounds/hpc_model_round2_reviewed_labels.csv","no_response","no_response",""
"506","HPC 0203-5.npz","data/raw/hpc/HPC 0203-5.npz","2187","815","0203-5-B5002","0203-5-B5002","-0.0004342601852163012","0.027636887175091836","-0.6040491795704698","0.6040491795704698","hpc_model_round1","review_rounds/hpc_model_round1_reviewed_labels.csv","inhibition","inhibition",""
"507","HPC 0203-5.npz","data/raw/hpc/HPC 0203-5.npz","2194","912","0203-5-B5002","0203-5-B5002","0.03569930600499412","1.9756940395567109","-0.09719348044025215","1.9756940395567109","hpc_random_forest_second_dual_round6","review_rounds/hpc_random_forest_second_dual_round6_reviewed_labels.csv","second_peak","second_peak",""
"508","HPC 0203-5.npz","data/raw/hpc/HPC 0203-5.npz","2232","1771","0203-5-B5002","0203-5-B5002","-0.009301435341592819","1.8887557691259365","-0.04486113760455935","1.8887557691259365","hpc_targeted_round3","review_rounds/hpc_targeted_round3_reviewed_labels.csv","sustained_response","sustained_response",""
"509","HPC 0203-5.npz","data/raw/hpc/HPC 0203-5.npz","2238","2017","0203-5-B5002","0203-5-B5002","-0.06945851136324807","2.313488335254425","-0.0385702053948498","2.313488335254425","hpc_random_forest_second_dual_round6","review_rounds/hpc_random_forest_second_dual_round6_reviewed_labels.csv","dual_peak","dual_peak",""
"510","HPC 0203-5.npz","data/raw/hpc/HPC 0203-5.npz","2239","2040","0203-5-B5002","0203-5-B5002","-0.04934376451593754","3.359211759453467","-0.02414020377907468","3.359211759453467","hpc_targeted_round3","review_rounds/hpc_targeted_round3_reviewed_labels.csv","sustained_response","sustained_response",""
"511","HPC 0203-5.npz","data/raw/hpc/HPC 0203-5.npz","2244","2102","0203-5-B5002","0203-5-B5002","0.007834364213442305","0.22174505168787575","-0.04143840019145578","0.22174505168787575","hpc_model_round1","review_rounds/hpc_model_round1_reviewed_labels.csv","sustained_response","sustained_response",""
"512","HPC 0203-5.npz","data/raw/hpc/HPC 0203-5.npz","2249","2138","0203-5-B5002","0203-5-B5002","0.039473768028129214","0.016224611341490336","-0.5100862510600126","0.5100862510600126","hpc_random100","review_rounds/hpc_random100_reviewed_labels.csv","inhibition","inhibition",""
"513","HPC 0203-5.npz","data/raw/hpc/HPC 0203-5.npz","2270","2785","0203-5-B5002","0203-5-B5002","-0.07050186202998437","0.223005718229994","-0.007285956112312489","0.223005718229994","hpc_model_round2","review_rounds/hpc_model_round2_reviewed_labels.csv","sustained_response","sustained_response",""
"514","HPC 0203-5.npz","data/raw/hpc/HPC 0203-5.npz","2272","2814","0203-5-B5002","0203-5-B5002","-0.02157272578095375","1.8365181660511505","-0.025473701099975345","1.8365181660511505","hpc_model_round1","review_rounds/hpc_model_round1_reviewed_labels.csv","strong_first_peak","strong_first_peak",""
"515","HPC 0203-5.npz","data/raw/hpc/HPC 0203-5.npz","2295","370","0203-5-B5003","0203-5-B5003","-0.05503836754744803","1.1638038250769125","-0.11563608889816399","1.1638038250769125","hpc_model_round2","review_rounds/hpc_model_round2_reviewed_labels.csv","sustained_response","sustained_response",""
"516","HPC 0203-5.npz","data/raw/hpc/HPC 0203-5.npz","2315","861","0203-5-B5003","0203-5-B5003","-0.03796356648609812","1.4151393345538181","-0.09074248752076441","1.4151393345538181","hpc_mlp_round4","review_rounds/hpc_mlp_round4_reviewed_labels.csv","second_peak","complex",""
"517","HPC 0203-5.npz","data/raw/hpc/HPC 0203-5.npz","2316","874","0203-5-B5003","0203-5-B5003","-0.03257181135682717","1.1818688640096136","-0.44501894761446625","1.1818688640096136","hpc_random100","review_rounds/hpc_random100_reviewed_labels.csv","strong_first_peak","sustained_response",""
"518","HPC 0203-5.npz","data/raw/hpc/HPC 0203-5.npz","2317","884","0203-5-B5003","0203-5-B5003","0.12154348567649984","7.105455408307904","-0.17346779964527131","7.105455408307904","hpc_model_round2","review_rounds/hpc_model_round2_reviewed_labels.csv","second_peak","complex",""
"519","HPC 0203-5.npz","data/raw/hpc/HPC 0203-5.npz","2319","889","0203-5-B5003","0203-5-B5003","-0.009641906962856139","0.1110973228679089","-0.9414604179518588","0.9414604179518588","hpc_random100","review_rounds/hpc_random100_reviewed_labels.csv","inhibition","inhibition",""
"520","HPC 0203-5.npz","data/raw/hpc/HPC 0203-5.npz","2334","1317","0203-5-B5003","0203-5-B5003","0.001246705302368804","0.5810358070957911","-0.14142056909735026","0.5810358070957911","hpc_random_forest_second_dual_round6","review_rounds/hpc_random_forest_second_dual_round6_reviewed_labels.csv","dual_peak","dual_peak",""
"521","HPC 0203-5.npz","data/raw/hpc/HPC 0203-5.npz","2337","1375","0203-5-B5003","0203-5-B5003","-0.03081576506045968","1.808621344949216","-0.020526588725049096","1.808621344949216","hpc_model_round2","review_rounds/hpc_model_round2_reviewed_labels.csv","sustained_response","sustained_response",""
"522","HPC 0203-5.npz","data/raw/hpc/HPC 0203-5.npz","2344","1568","0203-5-B5003","0203-5-B5003","0.08449436312276412","13.194220995282794","-0.19565244723176556","13.194220995282794","hpc_random_forest_second_dual_round6","review_rounds/hpc_random_forest_second_dual_round6_reviewed_labels.csv","dual_peak","dual_peak",""
"523","HPC 0203-5.npz","data/raw/hpc/HPC 0203-5.npz","2347","1646","0203-5-B5003","0203-5-B5003","0.004778886613727342","0.849583067382926","-0.07695130882201258","0.849583067382926","hpc_random100","review_rounds/hpc_random100_reviewed_labels.csv","sustained_response","sustained_response",""
"524","HPC 0203-5.npz","data/raw/hpc/HPC 0203-5.npz","2352","1783","0203-5-B5003","0203-5-B5003","0.0010968408637688542","2.261231433441812","-0.04681253467972876","2.261231433441812","hpc_model_round2","review_rounds/hpc_model_round2_reviewed_labels.csv","sustained_response","sustained_response",""
"525","HPC 0203-5.npz","data/raw/hpc/HPC 0203-5.npz","2378","2309","0203-5-B5003","0203-5-B5003","-0.005171119195361158","0.21233269374425856","-0.0034602761522507797","0.21233269374425856","hpc_model_round2","review_rounds/hpc_model_round2_reviewed_labels.csv","sustained_response","sustained_response",""
"526","HPC 0203-5.npz","data/raw/hpc/HPC 0203-5.npz","2391","2630","0203-5-B5003","0203-5-B5003","-0.05554087213542895","1.0178660972278226","-0.04592327857709835","1.0178660972278226","hpc_random_forest_second_dual_round6","review_rounds/hpc_random_forest_second_dual_round6_reviewed_labels.csv","sustained_response","sustained_response",""
"527","HPC 0203-5.npz","data/raw/hpc/HPC 0203-5.npz","2392","2632","0203-5-B5003","0203-5-B5003","0.0010084083147822193","0.027428155799846605","-0.641752868916245","0.641752868916245","hpc_random100","review_rounds/hpc_random100_reviewed_labels.csv","inhibition","inhibition",""
"528","HPC 0203-5.npz","data/raw/hpc/HPC 0203-5.npz","2415","154","0203-5-C5001","0203-5-C5001","-0.012810629764478318","0.21531364384967266","-0.06746795708458089","0.21531364384967266","hpc_model_round1","review_rounds/hpc_model_round1_reviewed_labels.csv","no_response","no_response",""
"529","HPC 0203-5.npz","data/raw/hpc/HPC 0203-5.npz","2450","1057","0203-5-C5001","0203-5-C5001","-0.05077138975605371","0.4618711755419373","-0.6251146519718819","0.6251146519718819","hpc_mlp_round4","review_rounds/hpc_mlp_round4_reviewed_labels.csv","weak_first_peak","weak_first_peak",""
"530","HPC 0203-5.npz","data/raw/hpc/HPC 0203-5.npz","2454","1189","0203-5-C5001","0203-5-C5001","-0.010848652327297932","3.1984753722396286","-0.026137368185104176","3.1984753722396286","hpc_model_round2","review_rounds/hpc_model_round2_reviewed_labels.csv","second_peak","complex",""
"531","HPC 0203-5.npz","data/raw/hpc/HPC 0203-5.npz","2473","1597","0203-5-C5001","0203-5-C5001","-0.11549907698092876","4.350739459992484","-0.026513176553512124","4.350739459992484","hpc_random100","review_rounds/hpc_random100_reviewed_labels.csv","sustained_response","sustained_response",""
"532","HPC 0203-5.npz","data/raw/hpc/HPC 0203-5.npz","2477","1709","0203-5-C5001","0203-5-C5001","0.04117057310940343","0.0839833765821782","-0.22564094159355774","0.22564094159355774","hpc_random100","review_rounds/hpc_random100_reviewed_labels.csv","inhibition","inhibition",""
"533","HPC 0203-5.npz","data/raw/hpc/HPC 0203-5.npz","2482","1894","0203-5-C5001","0203-5-C5001","-0.04460866585162493","1.5676430087359188","-0.01886764320549235","1.5676430087359188","hpc_model_round1","review_rounds/hpc_model_round1_reviewed_labels.csv","sustained_response","sustained_response",""
"534","HPC 0203-5.npz","data/raw/hpc/HPC 0203-5.npz","2495","2238","0203-5-C5001","0203-5-C5001","0.002617886760689109","2.6300022572810047","-0.02747925469623432","2.6300022572810047","hpc_model_round1","review_rounds/hpc_model_round1_reviewed_labels.csv","sustained_response","sustained_response",""
"535","HPC 0203-5.npz","data/raw/hpc/HPC 0203-5.npz","2498","2317","0203-5-C5001","0203-5-C5001","-0.03298778477403753","2.589482870000427","-0.028476643501207065","2.589482870000427","hpc_model_round2","review_rounds/hpc_model_round2_reviewed_labels.csv","sustained_response","sustained_response",""
"536","HPC 0203-5.npz","data/raw/hpc/HPC 0203-5.npz","2506","2441","0203-5-C5001","0203-5-C5001","-0.010019372147874243","0.14179203692874712","-0.39710369718749566","0.39710369718749566","hpc_targeted_round3","review_rounds/hpc_targeted_round3_reviewed_labels.csv","weak_first_peak","weak_first_peak",""
"537","HPC 0203-5.npz","data/raw/hpc/HPC 0203-5.npz","2526","148","0203-5-C5002","0203-5-C5002","-0.02226251981104146","1.2156805619780628","-0.4741144088764693","1.2156805619780628","hpc_model_round2","review_rounds/hpc_model_round2_reviewed_labels.csv","sustained_response","sustained_response",""
"538","HPC 0203-5.npz","data/raw/hpc/HPC 0203-5.npz","2533","192","0203-5-C5002","0203-5-C5002","0.023802053344362587","0.009708699783203472","-0.5976213905518842","0.5976213905518842","hpc_model_round2","review_rounds/hpc_model_round2_reviewed_labels.csv","inhibition","inhibition",""
"539","HPC 0203-5.npz","data/raw/hpc/HPC 0203-5.npz","2537","284","0203-5-C5002","0203-5-C5002","0.06694757168953723","0.2849388940099948","-0.11549346466346551","0.2849388940099948","hpc_model_round2","review_rounds/hpc_model_round2_reviewed_labels.csv","sustained_response","sustained_response",""
"540","HPC 0203-5.npz","data/raw/hpc/HPC 0203-5.npz","2538","298","0203-5-C5002","0203-5-C5002","-0.05119736772402402","0.4199380750535412","-0.023619573384307972","0.4199380750535412","hpc_random_forest_second_dual_round6","review_rounds/hpc_random_forest_second_dual_round6_reviewed_labels.csv","sustained_response","sustained_response",""
"541","HPC 0203-5.npz","data/raw/hpc/HPC 0203-5.npz","2572","1697","0203-5-C5002","0203-5-C5002","0.008785099960403246","3.9654677183021434","-0.05735694440232907","3.9654677183021434","hpc_model_round2","review_rounds/hpc_model_round2_reviewed_labels.csv","second_peak","complex",""
"542","HPC 0203-5.npz","data/raw/hpc/HPC 0203-5.npz","2578","1877","0203-5-C5002","0203-5-C5002","-0.19695290444434113","8.02346023855959","-0.0955707753179075","8.02346023855959","hpc_targeted_round3","review_rounds/hpc_targeted_round3_reviewed_labels.csv","sustained_response","sustained_response",""
"543","HPC 0203-5.npz","data/raw/hpc/HPC 0203-5.npz","2599","2571","0203-5-C5002","0203-5-C5002","0.006689610662218742","2.81428473603977","-0.08648987721018009","2.81428473603977","hpc_targeted_round3","review_rounds/hpc_targeted_round3_reviewed_labels.csv","sustained_response","sustained_response",""
"544","HPC 0203-5.npz","data/raw/hpc/HPC 0203-5.npz","2616","208","0203-5-C5003","0203-5-C5003","0.874931342280695","13.41648023010377","-1.1647624807823485","13.41648023010377","hpc_mlp_round4","review_rounds/hpc_mlp_round4_reviewed_labels.csv","strong_first_peak","strong_first_peak",""
"545","HPC 0203-5.npz","data/raw/hpc/HPC 0203-5.npz","2617","264","0203-5-C5003","0203-5-C5003","0.007264621415630269","0.01430488684491018","-0.6006959345552139","0.6006959345552139","hpc_model_round2","review_rounds/hpc_model_round2_reviewed_labels.csv","inhibition","inhibition",""
"546","HPC 0203-5.npz","data/raw/hpc/HPC 0203-5.npz","2677","1862","0203-5-C5003","0203-5-C5003","-0.023020424232004608","1.4132230707694768","-0.2858461955735123","1.4132230707694768","hpc_model_round1","review_rounds/hpc_model_round1_reviewed_labels.csv","strong_first_peak","sustained_response",""
"547","HPC 0203-5.npz","data/raw/hpc/HPC 0203-5.npz","2727","94","0203-5-C5004","0203-5-C5004","-0.01643179002509413","0.03302790131386127","-0.20789110371924086","0.20789110371924086","hpc_targeted_round3","review_rounds/hpc_targeted_round3_reviewed_labels.csv","weak_first_peak","weak_first_peak",""
"548","HPC 0203-5.npz","data/raw/hpc/HPC 0203-5.npz","2743","418","0203-5-C5004","0203-5-C5004","-0.01353829513458699","0.26993720156665424","-0.14303970332351262","0.26993720156665424","hpc_model_round2","review_rounds/hpc_model_round2_reviewed_labels.csv","weak_first_peak","weak_first_peak",""
"549","HPC 0203-5.npz","data/raw/hpc/HPC 0203-5.npz","2766","959","0203-5-C5004","0203-5-C5004","0.013424200647782995","0.4061229103281739","-0.07247813345952459","0.4061229103281739","hpc_targeted_round3","review_rounds/hpc_targeted_round3_reviewed_labels.csv","sustained_response","sustained_response",""
"550","HPC 0203-5.npz","data/raw/hpc/HPC 0203-5.npz","2778","1482","0203-5-C5004","0203-5-C5004","0.033989900517066025","0.6326287312119692","-0.12108358168918895","0.6326287312119692","hpc_mlp_round4","review_rounds/hpc_mlp_round4_reviewed_labels.csv","sustained_response","sustained_response",""
"551","HPC 0203-5.npz","data/raw/hpc/HPC 0203-5.npz","2794","1981","0203-5-C5004","0203-5-C5004","-0.011283395469848446","0.4658050845869908","-0.31844854547205625","0.4658050845869908","hpc_mlp_round4","review_rounds/hpc_mlp_round4_reviewed_labels.csv","no_response","sustained_response",""
"552","HPC 0203-5.npz","data/raw/hpc/HPC 0203-5.npz","2819","2778","0203-5-C5004","0203-5-C5004","0.08304849764247756","0.23008146011161124","-0.17292523031448417","0.23008146011161124","hpc_mlp_round4","review_rounds/hpc_mlp_round4_reviewed_labels.csv","second_peak","complex",""
"553","HPC 0212-1.npz","data/raw/hpc/HPC 0212-1.npz","86","2768","0212-1-B2-DG001","0212-1-B2-DG001","0.027864442837012768","0.1213616415410496","-0.31802716124903946","0.31802716124903946","hpc_random100","review_rounds/hpc_random100_reviewed_labels.csv","no_response","no_response",""
"554","HPC 0212-1.npz","data/raw/hpc/HPC 0212-1.npz","122","4409","0212-1-B2-DG001","0212-1-B2-DG001","0.01043039284404894","2.147475847647191","-0.09162630971951065","2.147475847647191","hpc_targeted_round3","review_rounds/hpc_targeted_round3_reviewed_labels.csv","sustained_response","complex",""
"555","HPC 0212-1.npz","data/raw/hpc/HPC 0212-1.npz","146","5476","0212-1-B2-DG001","0212-1-B2-DG001","-0.04627680856415696","2.332607501121368","-0.031134370885823187","2.332607501121368","hpc_model_round1","review_rounds/hpc_model_round1_reviewed_labels.csv","sustained_response","sustained_response",""
"556","HPC 0212-1.npz","data/raw/hpc/HPC 0212-1.npz","158","5948","0212-1-B2-DG001","0212-1-B2-DG001","0.0011024615415729897","0.32250609731539576","-0.03864540409123866","0.32250609731539576","hpc_model_round2","review_rounds/hpc_model_round2_reviewed_labels.csv","no_response","complex",""
"557","HPC 0212-1.npz","data/raw/hpc/HPC 0212-1.npz","165","6136","0212-1-B2-DG001","0212-1-B2-DG001","-0.02397754424029032","0.404940153947161","-0.36855840091499237","0.404940153947161","hpc_model_round1","review_rounds/hpc_model_round1_reviewed_labels.csv","strong_first_peak","strong_first_peak",""
"558","HPC 0212-1.npz","data/raw/hpc/HPC 0212-1.npz","251","1721","0212-1-B2-DG002","0212-1-B2-DG002","-0.18155856402427803","7.607977127041039","-0.16872337876922097","7.607977127041039","hpc_random_forest_second_dual_round6","review_rounds/hpc_random_forest_second_dual_round6_reviewed_labels.csv","sustained_response","sustained_response",""
"559","HPC 0212-1.npz","data/raw/hpc/HPC 0212-1.npz","288","3878","0212-1-B2-DG002","0212-1-B2-DG002","-0.001330294702834577","0.25220848851153527","-0.03653515043808556","0.25220848851153527","hpc_model_round2","review_rounds/hpc_model_round2_reviewed_labels.csv","sustained_response","sustained_response",""
"560","HPC 0212-1.npz","data/raw/hpc/HPC 0212-1.npz","315","5309","0212-1-B2-DG002","0212-1-B2-DG002","-0.025655203249585173","0.2643187126970433","-0.07313753609140623","0.2643187126970433","hpc_random100","review_rounds/hpc_random100_reviewed_labels.csv","no_response","no_response",""
"561","HPC 0212-1.npz","data/raw/hpc/HPC 0212-1.npz","342","6467","0212-1-B2-DG002","0212-1-B2-DG002","0.02726318081425419","0.3990420470429086","-0.05353905095450069","0.3990420470429086","hpc_targeted_round3","review_rounds/hpc_targeted_round3_reviewed_labels.csv","sustained_response","sustained_response",""
"562","HPC 0212-1.npz","data/raw/hpc/HPC 0212-1.npz","394","871","0212-1-B2-DG003","0212-1-B2-DG003","0.027772894768743218","0.14129067647855909","-0.5853822724981315","0.5853822724981315","hpc_model_round1","review_rounds/hpc_model_round1_reviewed_labels.csv","inhibition","inhibition",""
"563","HPC 0212-1.npz","data/raw/hpc/HPC 0212-1.npz","412","1715","0212-1-B2-DG003","0212-1-B2-DG003","0.0001929784349354741","0.2028206668830379","-0.1009042827683069","0.2028206668830379","hpc_mlp_round4","review_rounds/hpc_mlp_round4_reviewed_labels.csv","no_response","no_response",""
"564","HPC 0212-1.npz","data/raw/hpc/HPC 0212-1.npz","495","295","0212-1-B2-DG","0212-1-B2-DG","-0.1132656273009949","1.7754728775478676","-0.030061858777188616","1.7754728775478676","hpc_model_round1","review_rounds/hpc_model_round1_reviewed_labels.csv","sustained_response","sustained_response",""
"565","HPC 0212-1.npz","data/raw/hpc/HPC 0212-1.npz","577","4085","0212-1-B2-DG","0212-1-B2-DG","-0.03218856600044079","0.47631267755332385","-0.05388495988503994","0.47631267755332385","hpc_random_forest_second_dual_round6","review_rounds/hpc_random_forest_second_dual_round6_reviewed_labels.csv","sustained_response","sustained_response",""
"566","HPC 0212-2.npz","data/raw/hpc/HPC 0212-2.npz","12","253","0212-2-B2-CA1001","0212-2-B2-CA1001","0.6995345601195253","27.863018364856945","-0.7511935373068206","27.863018364856945","hpc_mlp_round4","review_rounds/hpc_mlp_round4_reviewed_labels.csv","strong_first_peak","strong_first_peak",""
"567","HPC 0212-2.npz","data/raw/hpc/HPC 0212-2.npz","40","1192","0212-2-B2-CA1001","0212-2-B2-CA1001","-0.0010358644470357032","0.15498060665245417","-0.28605240790122577","0.28605240790122577","hpc_targeted_round3","review_rounds/hpc_targeted_round3_reviewed_labels.csv","weak_first_peak","weak_first_peak",""
"568","HPC 0212-2.npz","data/raw/hpc/HPC 0212-2.npz","44","1297","0212-2-B2-CA1001","0212-2-B2-CA1001","0.12860524425947858","25.162240345564577","-0.06045020808484411","25.162240345564577","hpc_random100","review_rounds/hpc_random100_reviewed_labels.csv","sustained_response","sustained_response",""
"569","HPC 0212-2.npz","data/raw/hpc/HPC 0212-2.npz","65","2057","0212-2-B2-CA1001","0212-2-B2-CA1001","0.011806528537757629","0.02624083588172956","-0.24656354879380046","0.24656354879380046","hpc_model_round2","review_rounds/hpc_model_round2_reviewed_labels.csv","inhibition","inhibition",""
"570","HPC 0212-2.npz","data/raw/hpc/HPC 0212-2.npz","89","2708","0212-2-B2-CA1001","0212-2-B2-CA1001","0.012298161344176427","0.4044802999855442","-0.05300228056646993","0.4044802999855442","hpc_targeted_round3","review_rounds/hpc_targeted_round3_reviewed_labels.csv","sustained_response","sustained_response",""
"571","HPC 0212-2.npz","data/raw/hpc/HPC 0212-2.npz","92","2859","0212-2-B2-CA1001","0212-2-B2-CA1001","-0.04706508453798352","0.4768832977922987","-0.027513870635522707","0.4768832977922987","hpc_mlp_round4","review_rounds/hpc_mlp_round4_reviewed_labels.csv","second_peak","second_peak",""
"572","HPC 0212-2.npz","data/raw/hpc/HPC 0212-2.npz","113","3524","0212-2-B2-CA1001","0212-2-B2-CA1001","-0.011496508365617768","0.20296746982451563","-0.021468469956790324","0.20296746982451563","hpc_model_round1","review_rounds/hpc_model_round1_reviewed_labels.csv","no_response","no_response",""
"573","HPC 0212-2.npz","data/raw/hpc/HPC 0212-2.npz","114","3551","0212-2-B2-CA1001","0212-2-B2-CA1001","0.055968933739680156","0.3175152451373427","-0.12560144952782087","0.3175152451373427","hpc_targeted_round3","review_rounds/hpc_targeted_round3_reviewed_labels.csv","strong_first_peak","strong_first_peak",""
"574","HPC 0212-2.npz","data/raw/hpc/HPC 0212-2.npz","169","1035","0212-2-B2-CA1002","0212-2-B2-CA1002","0.036416868173323305","0.3487515570115434","-0.21276028548048093","0.3487515570115434","hpc_random_forest_second_dual_round6","review_rounds/hpc_random_forest_second_dual_round6_reviewed_labels.csv","second_peak","complex",""
"575","HPC 0212-2.npz","data/raw/hpc/HPC 0212-2.npz","174","1265","0212-2-B2-CA1002","0212-2-B2-CA1002","-0.0005802604023732014","0.6011991366265256","-0.07627697969777121","0.6011991366265256","hpc_random100","review_rounds/hpc_random100_reviewed_labels.csv","strong_first_peak","sustained_response",""
"576","HPC 0212-2.npz","data/raw/hpc/HPC 0212-2.npz","181","1380","0212-2-B2-CA1002","0212-2-B2-CA1002","-0.09041208206074378","2.0840014709074217","-0.08250181189508882","2.0840014709074217","hpc_model_round2","review_rounds/hpc_model_round2_reviewed_labels.csv","sustained_response","sustained_response",""
"577","HPC 0212-2.npz","data/raw/hpc/HPC 0212-2.npz","211","2344","0212-2-B2-CA1002","0212-2-B2-CA1002","0.2476341427970666","4.287727438180033","-0.16283334397675042","4.287727438180033","hpc_model_round1","review_rounds/hpc_model_round1_reviewed_labels.csv","sustained_response","sustained_response",""
"578","HPC 0212-2.npz","data/raw/hpc/HPC 0212-2.npz","217","2763","0212-2-B2-CA1002","0212-2-B2-CA1002","0.07707782717919323","0.32341911984759597","-0.1422303197893209","0.32341911984759597","hpc_mlp_round4","review_rounds/hpc_mlp_round4_reviewed_labels.csv","sustained_response","sustained_response",""
"579","HPC 0212-2.npz","data/raw/hpc/HPC 0212-2.npz","220","2873","0212-2-B2-CA1002","0212-2-B2-CA1002","0.011840048329679838","0.014961124342505822","-0.5640025738004324","0.5640025738004324","hpc_random100","review_rounds/hpc_random100_reviewed_labels.csv","inhibition","inhibition",""
"580","HPC 0212-2.npz","data/raw/hpc/HPC 0212-2.npz","221","2892","0212-2-B2-CA1002","0212-2-B2-CA1002","-0.10866837187471938","1.150556253067966","-0.5467793369556195","1.150556253067966","hpc_mlp_round4","review_rounds/hpc_mlp_round4_reviewed_labels.csv","weak_first_peak","weak_first_peak",""
"581","HPC 0212-2.npz","data/raw/hpc/HPC 0212-2.npz","225","3124","0212-2-B2-CA1002","0212-2-B2-CA1002","-0.02570685619747526","0.4091431421286144","-0.037919746611110874","0.4091431421286144","hpc_model_round1","review_rounds/hpc_model_round1_reviewed_labels.csv","sustained_response","sustained_response",""
"582","HPC 0212-2.npz","data/raw/hpc/HPC 0212-2.npz","329","2731","0212-2-B2-CA1","0212-2-B2-CA1","0.00004291283626836266","0.016313364642371334","-0.44826857139945636","0.44826857139945636","hpc_model_round2","review_rounds/hpc_model_round2_reviewed_labels.csv","inhibition","inhibition",""
"583","HPC 0212-2.npz","data/raw/hpc/HPC 0212-2.npz","340","2911","0212-2-B2-CA1","0212-2-B2-CA1","4.184627069130005","0.5146644325094032","-3.93317409037942","3.93317409037942","hpc_mlp_round4","review_rounds/hpc_mlp_round4_reviewed_labels.csv","inhibition","inhibition",""
"584","HPC 0212-2.npz","data/raw/hpc/HPC 0212-2.npz","354","3523","0212-2-B2-CA1","0212-2-B2-CA1","-0.13767088151960097","1.1787334444895725","-0.3180812844008907","1.1787334444895725","hpc_model_round2","review_rounds/hpc_model_round2_reviewed_labels.csv","sustained_response","sustained_response",""
"585","HPC 0212-2.npz","data/raw/hpc/HPC 0212-2.npz","358","3672","0212-2-B2-CA1","0212-2-B2-CA1","0.1989134173040491","4.571438899479122","-0.27851410386817793","4.571438899479122","hpc_random_forest_second_dual_round6","review_rounds/hpc_random_forest_second_dual_round6_reviewed_labels.csv","dual_peak","dual_peak",""
"586","HPC 0212-4.npz","data/raw/hpc/HPC 0212-4.npz","2","97","0212-4-C2-40X002","0212-4-C2-40X002","-0.013642026801047692","0.09155710031397048","-0.40515602971806197","0.40515602971806197","hpc_targeted_round3","review_rounds/hpc_targeted_round3_reviewed_labels.csv","weak_first_peak","weak_first_peak",""
"587","HPC 0212-4.npz","data/raw/hpc/HPC 0212-4.npz","16","418","0212-4-C2-40X002","0212-4-C2-40X002","-0.002767285833029352","0.3659403561440815","-0.048168532771060264","0.3659403561440815","hpc_targeted_round3","review_rounds/hpc_targeted_round3_reviewed_labels.csv","strong_first_peak","strong_first_peak",""
"588","HPC 0212-4.npz","data/raw/hpc/HPC 0212-4.npz","63","1359","0212-4-C2-40X002","0212-4-C2-40X002","-0.003146430381149579","0.032744032654092786","-0.6668138608170925","0.6668138608170925","hpc_model_round1","review_rounds/hpc_model_round1_reviewed_labels.csv","inhibition","inhibition",""
"589","HPC 0212-4.npz","data/raw/hpc/HPC 0212-4.npz","99","1871","0212-4-C2-40X002","0212-4-C2-40X002","0.003420791145972204","1.924198620430067","-0.12248379345608111","1.924198620430067","hpc_model_round2","review_rounds/hpc_model_round2_reviewed_labels.csv","sustained_response","weak_first_peak",""
"590","HPC 0212-5.npz","data/raw/hpc/HPC 0212-5.npz","33","854","0212-5-B2-40X001","0212-5-B2-40X001","-0.043537624212991156","0.2448232209239431","-0.01766063281817508","0.2448232209239431","hpc_model_round1","review_rounds/hpc_model_round1_reviewed_labels.csv","no_response","second_peak",""
"591","HPC 0212-5.npz","data/raw/hpc/HPC 0212-5.npz","78","2701","0212-5-B2-40X001","0212-5-B2-40X001","0.02917170393682422","0.7767665770918548","-0.0867107557518698","0.7767665770918548","hpc_model_round2","review_rounds/hpc_model_round2_reviewed_labels.csv","strong_first_peak","strong_first_peak",""
"592","HPC 0212-5.npz","data/raw/hpc/HPC 0212-5.npz","122","3841","0212-5-B2-40X001","0212-5-B2-40X001","0.09836571795271866","14.858465305023318","-0.1258300393397954","14.858465305023318","hpc_random_forest_second_dual_round6","review_rounds/hpc_random_forest_second_dual_round6_reviewed_labels.csv","dual_peak","dual_peak",""
"593","HPC 0212-5.npz","data/raw/hpc/HPC 0212-5.npz","135","4205","0212-5-B2-40X001","0212-5-B2-40X001","0.017805770755401795","0.00883452536405058","-0.5391112979915432","0.5391112979915432","hpc_model_round1","review_rounds/hpc_model_round1_reviewed_labels.csv","inhibition","inhibition",""
"594","HPC 0212-5.npz","data/raw/hpc/HPC 0212-5.npz","187","1169","0212-5-B2-40X002","0212-5-B2-40X002","-0.0496560774892344","1.3035820952105666","-0.03146510861527841","1.3035820952105666","hpc_random_forest_second_dual_round6","review_rounds/hpc_random_forest_second_dual_round6_reviewed_labels.csv","sustained_response","dual_peak",""
"595","HPC 0212-5.npz","data/raw/hpc/HPC 0212-5.npz","193","1416","0212-5-B2-40X002","0212-5-B2-40X002","0.04664705331620809","2.240624993162134","-0.137560629692135","2.240624993162134","hpc_random_forest_second_dual_round6","review_rounds/hpc_random_forest_second_dual_round6_reviewed_labels.csv","sustained_response","complex",""
"596","HPC 0212-5.npz","data/raw/hpc/HPC 0212-5.npz","249","2934","0212-5-B2-40X002","0212-5-B2-40X002","-0.02482085849237112","0.04656487056169844","-0.23255296110459542","0.23255296110459542","hpc_model_round2","review_rounds/hpc_model_round2_reviewed_labels.csv","inhibition","inhibition",""
"597","HPC 0212-5.npz","data/raw/hpc/HPC 0212-5.npz","261","3169","0212-5-B2-40X002","0212-5-B2-40X002","0.012293610012532421","0.08819596203337263","-0.2475429818025605","0.2475429818025605","hpc_mlp_round4","review_rounds/hpc_mlp_round4_reviewed_labels.csv","no_response","no_response",""
"598","HPC 0212-5.npz","data/raw/hpc/HPC 0212-5.npz","286","3841","0212-5-B2-40X002","0212-5-B2-40X002","-0.015265081676899845","0.7198733402545643","-0.07073872854286511","0.7198733402545643","hpc_random_forest_second_dual_round6","review_rounds/hpc_random_forest_second_dual_round6_reviewed_labels.csv","second_peak","second_peak",""
"599","HPC 0212-5.npz","data/raw/hpc/HPC 0212-5.npz","320","172","0212-5-B2-40X003","0212-5-B2-40X003","0.06137808101107611","3.1453415372301783","-0.0457873474535488","3.1453415372301783","hpc_model_round2","review_rounds/hpc_model_round2_reviewed_labels.csv","strong_first_peak","strong_first_peak",""
"600","HPC 0212-5.npz","data/raw/hpc/HPC 0212-5.npz","353","1159","0212-5-B2-40X003","0212-5-B2-40X003","-0.011306883341981577","0.26208299020224524","-0.5107270727586988","0.5107270727586988","hpc_targeted_round3","review_rounds/hpc_targeted_round3_reviewed_labels.csv","weak_first_peak","weak_first_peak",""
"601","HPC 0212-5.npz","data/raw/hpc/HPC 0212-5.npz","366","1540","0212-5-B2-40X003","0212-5-B2-40X003","-0.003256072245006961","0.3156628191251545","-0.00885231911626749","0.3156628191251545","hpc_random100","review_rounds/hpc_random100_reviewed_labels.csv","sustained_response","sustained_response",""
"602","HPC 0212-5.npz","data/raw/hpc/HPC 0212-5.npz","369","1631","0212-5-B2-40X003","0212-5-B2-40X003","-0.0027329873994964547","0.48037897319303874","-0.17682790092419629","0.48037897319303874","hpc_mlp_round4","review_rounds/hpc_mlp_round4_reviewed_labels.csv","sustained_response","sustained_response",""
"603","HPC 0212-5.npz","data/raw/hpc/HPC 0212-5.npz","429","3390","0212-5-B2-40X003","0212-5-B2-40X003","0.0059517692323472465","0.34690625256761654","-0.0826174211707009","0.34690625256761654","hpc_model_round2","review_rounds/hpc_model_round2_reviewed_labels.csv","weak_first_peak","weak_first_peak",""
"604","HPC 0212-5.npz","data/raw/hpc/HPC 0212-5.npz","430","3423","0212-5-B2-40X003","0212-5-B2-40X003","0.011103854298849638","0.28283091356129897","-0.058789356677729915","0.28283091356129897","hpc_targeted_round3","review_rounds/hpc_targeted_round3_reviewed_labels.csv","sustained_response","sustained_response",""
"605","HPC 0212-5.npz","data/raw/hpc/HPC 0212-5.npz","458","4284","0212-5-B2-40X003","0212-5-B2-40X003","0.15713273019266027","0.667621266108927","-0.044307992380792804","0.667621266108927","hpc_model_round1","review_rounds/hpc_model_round1_reviewed_labels.csv","sustained_response","sustained_response",""
"606","HPC 0212-5.npz","data/raw/hpc/HPC 0212-5.npz","495","562","0212-5-B2-40X004","0212-5-B2-40X004","-0.04379810576752788","1.692600674884505","-0.13014931074780414","1.692600674884505","hpc_random100","review_rounds/hpc_random100_reviewed_labels.csv","sustained_response","sustained_response",""
"607","HPC 0212-5.npz","data/raw/hpc/HPC 0212-5.npz","498","860","0212-5-B2-40X004","0212-5-B2-40X004","-0.02602766972796808","0.16635591681076153","-0.319160088693428","0.319160088693428","hpc_random100","review_rounds/hpc_random100_reviewed_labels.csv","weak_first_peak","weak_first_peak",""
"608","HPC 0212-5.npz","data/raw/hpc/HPC 0212-5.npz","516","1703","0212-5-B2-40X004","0212-5-B2-40X004","0.015464397590378518","0.30092499868141037","-0.049657013864229244","0.30092499868141037","hpc_targeted_round3","review_rounds/hpc_targeted_round3_reviewed_labels.csv","strong_first_peak","sustained_response",""
"609","HPC 0212-5.npz","data/raw/hpc/HPC 0212-5.npz","567","3480","0212-5-B2-40X004","0212-5-B2-40X004","-0.011137424690446115","0.48630787161012196","-0.045280228375428534","0.48630787161012196","hpc_random_forest_second_dual_round6","review_rounds/hpc_random_forest_second_dual_round6_reviewed_labels.csv","sustained_response","sustained_response",""
"610","HPC 0212-5.npz","data/raw/hpc/HPC 0212-5.npz","572","3546","0212-5-B2-40X004","0212-5-B2-40X004","-0.04608486523638106","0.4719645989464509","-0.03852185552986153","0.4719645989464509","hpc_random_forest_second_dual_round6","review_rounds/hpc_random_forest_second_dual_round6_reviewed_labels.csv","second_peak","second_peak",""
"611","HPC 0212-5.npz","data/raw/hpc/HPC 0212-5.npz","579","3779","0212-5-B2-40X004","0212-5-B2-40X004","-0.010694836660489704","0.3651868928389173","-0.3951028904670571","0.3951028904670571","hpc_model_round1","review_rounds/hpc_model_round1_reviewed_labels.csv","strong_first_peak","strong_first_peak",""
"612","HPC 0212-5.npz","data/raw/hpc/HPC 0212-5.npz","612","10","0212-5-B2-40X005","0212-5-B2-40X005","0.2771288074415325","0.5076862172316146","-0.290004822280568","0.5076862172316146","hpc_model_round2","review_rounds/hpc_model_round2_reviewed_labels.csv","strong_first_peak","strong_first_peak",""
"613","HPC 0212-5.npz","data/raw/hpc/HPC 0212-5.npz","634","490","0212-5-B2-40X005","0212-5-B2-40X005","-0.025613955100635438","0.720890623685675","-0.0418467128460987","0.720890623685675","hpc_random_forest_second_dual_round6","review_rounds/hpc_random_forest_second_dual_round6_reviewed_labels.csv","second_peak","complex",""
"614","HPC 0212-5.npz","data/raw/hpc/HPC 0212-5.npz","651","1072","0212-5-B2-40X005","0212-5-B2-40X005","-0.12656725959402831","0.6332392837476306","-0.14801731445020888","0.6332392837476306","hpc_random_forest_second_dual_round6","review_rounds/hpc_random_forest_second_dual_round6_reviewed_labels.csv","second_peak","complex",""
"615","HPC 0212-5.npz","data/raw/hpc/HPC 0212-5.npz","682","2434","0212-5-B2-40X005","0212-5-B2-40X005","0.016566664838269147","0.5519576979182527","-0.33408363032365146","0.5519576979182527","hpc_mlp_round4","review_rounds/hpc_mlp_round4_reviewed_labels.csv","weak_first_peak","weak_first_peak",""
"616","HPC 0212-5.npz","data/raw/hpc/HPC 0212-5.npz","684","2493","0212-5-B2-40X005","0212-5-B2-40X005","0.0053132728704217164","0.2227777088208052","-0.07827313531999622","0.2227777088208052","hpc_model_round1","review_rounds/hpc_model_round1_reviewed_labels.csv","sustained_response","sustained_response",""
"617","HPC 0212-5.npz","data/raw/hpc/HPC 0212-5.npz","694","2926","0212-5-B2-40X005","0212-5-B2-40X005","-0.01227658049932281","0.10689108224712482","-0.9009144840972536","0.9009144840972536","hpc_mlp_round4","review_rounds/hpc_mlp_round4_reviewed_labels.csv","inhibition","inhibition",""
"618","HPC 0212-5.npz","data/raw/hpc/HPC 0212-5.npz","712","3613","0212-5-B2-40X005","0212-5-B2-40X005","-0.02176543982712211","0.5567246898529229","-0.05124773429851561","0.5567246898529229","hpc_random_forest_second_dual_round6","review_rounds/hpc_random_forest_second_dual_round6_reviewed_labels.csv","second_peak","second_peak",""
"619","HPC 0212-5.npz","data/raw/hpc/HPC 0212-5.npz","715","3759","0212-5-B2-40X005","0212-5-B2-40X005","0.07656001562289907","1.6868208505939617","-0.10586481219425317","1.6868208505939617","hpc_model_round1","review_rounds/hpc_model_round1_reviewed_labels.csv","strong_first_peak","strong_first_peak",""
"620","HPC 0212-5.npz","data/raw/hpc/HPC 0212-5.npz","776","211","0212-5-B2-40X","0212-5-B2-40X","-0.044686469284429375","0.19739947311467332","-0.3071092046911107","0.3071092046911107","hpc_model_round1","review_rounds/hpc_model_round1_reviewed_labels.csv","weak_first_peak","weak_first_peak",""
"621","HPC 0212-5.npz","data/raw/hpc/HPC 0212-5.npz","787","527","0212-5-B2-40X","0212-5-B2-40X","-0.0017153134335061743","0.24233522142291627","-0.020109346169292393","0.24233522142291627","hpc_model_round1","review_rounds/hpc_model_round1_reviewed_labels.csv","no_response","no_response",""
"622","HPC 0212-5.npz","data/raw/hpc/HPC 0212-5.npz","803","963","0212-5-B2-40X","0212-5-B2-40X","0.013031765912223207","0.382197019894538","-0.04216406922138055","0.382197019894538","hpc_targeted_round3","review_rounds/hpc_targeted_round3_reviewed_labels.csv","sustained_response","sustained_response",""
"623","HPC 0212-5.npz","data/raw/hpc/HPC 0212-5.npz","824","1516","0212-5-B2-40X","0212-5-B2-40X","-0.012349325975986425","2.2693505671022693","-0.027073862001298514","2.2693505671022693","hpc_model_round1","review_rounds/hpc_model_round1_reviewed_labels.csv","sustained_response","sustained_response",""
"624","HPC 0212-5.npz","data/raw/hpc/HPC 0212-5.npz","828","1613","0212-5-B2-40X","0212-5-B2-40X","0.000008852593525623007","0.019227890092288376","-0.580753573165872","0.580753573165872","hpc_random100","review_rounds/hpc_random100_reviewed_labels.csv","inhibition","inhibition",""
"625","HPC 0212-5.npz","data/raw/hpc/HPC 0212-5.npz","846","1915","0212-5-B2-40X","0212-5-B2-40X","0.009086928239362623","0.3023406910959384","-0.12509428764948896","0.3023406910959384","hpc_model_round2","review_rounds/hpc_model_round2_reviewed_labels.csv","strong_first_peak","strong_first_peak",""
"626","HPC 0212-5.npz","data/raw/hpc/HPC 0212-5.npz","849","2039","0212-5-B2-40X","0212-5-B2-40X","-0.05406630404363619","0.1820433360155537","-0.33252884372160973","0.33252884372160973","hpc_model_round2","review_rounds/hpc_model_round2_reviewed_labels.csv","strong_first_peak","strong_first_peak",""
"627","HPC 0212-5.npz","data/raw/hpc/HPC 0212-5.npz","861","2311","0212-5-B2-40X","0212-5-B2-40X","-0.006869824720244648","0.07857908623890479","-0.3246003379799861","0.3246003379799861","hpc_model_round1","review_rounds/hpc_model_round1_reviewed_labels.csv","weak_first_peak","weak_first_peak",""
"628","HPC 0212-5.npz","data/raw/hpc/HPC 0212-5.npz","863","2322","0212-5-B2-40X","0212-5-B2-40X","-0.0014967404624377895","0.07825782776924917","-0.2132800327131979","0.2132800327131979","hpc_targeted_round3","review_rounds/hpc_targeted_round3_reviewed_labels.csv","no_response","no_response",""
"629","HPC 0212-5.npz","data/raw/hpc/HPC 0212-5.npz","871","2544","0212-5-B2-40X","0212-5-B2-40X","0.044346905013682374","0.35029135523163724","-0.041745772402662695","0.35029135523163724","hpc_targeted_round3","review_rounds/hpc_targeted_round3_reviewed_labels.csv","sustained_response","sustained_response",""
"630","HPC 0212-5.npz","data/raw/hpc/HPC 0212-5.npz","884","2765","0212-5-B2-40X","0212-5-B2-40X","0.001210629365181625","0.04265207258240878","-0.3433885761421238","0.3433885761421238","hpc_random100","review_rounds/hpc_random100_reviewed_labels.csv","inhibition","inhibition",""
"631","HPC 0212-5.npz","data/raw/hpc/HPC 0212-5.npz","910","268","0212-5-B5-40X001","0212-5-B5-40X001","0.022851963015620893","0.20560390445714147","-0.07052312808239858","0.20560390445714147","hpc_mlp_round4","review_rounds/hpc_mlp_round4_reviewed_labels.csv","no_response","no_response",""
"632","HPC 0212-5.npz","data/raw/hpc/HPC 0212-5.npz","930","1146","0212-5-B5-40X001","0212-5-B5-40X001","-0.05133453979718574","0.23627214935247626","-0.006062279544566014","0.23627214935247626","hpc_model_round2","review_rounds/hpc_model_round2_reviewed_labels.csv","no_response","no_response",""
"633","HPC 0212-5.npz","data/raw/hpc/HPC 0212-5.npz","931","1149","0212-5-B5-40X001","0212-5-B5-40X001","-0.026497065034313653","0.15682814305329779","-0.41001345701726494","0.41001345701726494","hpc_model_round1","review_rounds/hpc_model_round1_reviewed_labels.csv","weak_first_peak","no_response",""
"634","HPC 0212-5.npz","data/raw/hpc/HPC 0212-5.npz","936","1384","0212-5-B5-40X001","0212-5-B5-40X001","-0.06100638858295506","0.771734508300094","-0.04106981853015094","0.771734508300094","hpc_random_forest_second_dual_round6","review_rounds/hpc_random_forest_second_dual_round6_reviewed_labels.csv","second_peak","complex",""
"635","HPC 0212-5.npz","data/raw/hpc/HPC 0212-5.npz","949","1734","0212-5-B5-40X001","0212-5-B5-40X001","0.013521465514816821","0.09441523285927883","-0.36304193389017037","0.36304193389017037","hpc_model_round1","review_rounds/hpc_model_round1_reviewed_labels.csv","inhibition","inhibition",""
"636","HPC 0212-5.npz","data/raw/hpc/HPC 0212-5.npz","1032","22","0212-5-B5-40X002","0212-5-B5-40X002","-0.018403966473120655","0.25626722984727685","-0.314273930162138","0.314273930162138","hpc_targeted_round3","review_rounds/hpc_targeted_round3_reviewed_labels.csv","weak_first_peak","weak_first_peak",""
"637","HPC 0212-5.npz","data/raw/hpc/HPC 0212-5.npz","1054","292","0212-5-B5-40X002","0212-5-B5-40X002","-0.00704547913819563","0.3951747209387673","-0.07465928249435887","0.3951747209387673","hpc_model_round1","review_rounds/hpc_model_round1_reviewed_labels.csv","weak_first_peak","weak_first_peak",""
"638","HPC 0212-5.npz","data/raw/hpc/HPC 0212-5.npz","1080","1217","0212-5-B5-40X002","0212-5-B5-40X002","0.05207450848995427","0.8836697254115171","-0.15466564166631963","0.8836697254115171","hpc_random_forest_second_dual_round6","review_rounds/hpc_random_forest_second_dual_round6_reviewed_labels.csv","second_peak","complex",""
"639","HPC 0212-5.npz","data/raw/hpc/HPC 0212-5.npz","1081","1240","0212-5-B5-40X002","0212-5-B5-40X002","-0.0019458082127991679","0.23348244016436745","-0.05650357336307701","0.23348244016436745","hpc_model_round1","review_rounds/hpc_model_round1_reviewed_labels.csv","no_response","weak_first_peak",""
"640","HPC 0212-5.npz","data/raw/hpc/HPC 0212-5.npz","1113","1978","0212-5-B5-40X002","0212-5-B5-40X002","0.009093585672524659","0.012885129788067586","-0.7257027990680968","0.7257027990680968","hpc_model_round2","review_rounds/hpc_model_round2_reviewed_labels.csv","inhibition","inhibition",""
"641","HPC 0212-5.npz","data/raw/hpc/HPC 0212-5.npz","1120","2127","0212-5-B5-40X002","0212-5-B5-40X002","-0.010905095859746106","0.03405067771936345","-0.38842664994091813","0.38842664994091813","hpc_random100","review_rounds/hpc_random100_reviewed_labels.csv","inhibition","inhibition",""
"642","HPC 0212-5.npz","data/raw/hpc/HPC 0212-5.npz","1124","2233","0212-5-B5-40X002","0212-5-B5-40X002","0.029349069588237544","0.5096895518367804","-0.080357316281908","0.5096895518367804","hpc_random_forest_second_dual_round6","review_rounds/hpc_random_forest_second_dual_round6_reviewed_labels.csv","dual_peak","dual_peak",""
"643","HPC 0212-5.npz","data/raw/hpc/HPC 0212-5.npz","1129","2356","0212-5-B5-40X002","0212-5-B5-40X002","-0.07397103535067664","1.0846097886630899","-0.2574509833668158","1.0846097886630899","hpc_random100","review_rounds/hpc_random100_reviewed_labels.csv","strong_first_peak","strong_first_peak",""
"644","HPC 0212-5.npz","data/raw/hpc/HPC 0212-5.npz","1149","2691","0212-5-B5-40X002","0212-5-B5-40X002","-0.017029277317269113","0.2629642858908246","-0.4879755365026949","0.4879755365026949","hpc_targeted_round3","review_rounds/hpc_targeted_round3_reviewed_labels.csv","weak_first_peak","weak_first_peak",""
"645","HPC 0212-5.npz","data/raw/hpc/HPC 0212-5.npz","1171","3228","0212-5-B5-40X002","0212-5-B5-40X002","0.05463264636031099","0.4517299015103167","-0.22834141925695603","0.4517299015103167","hpc_mlp_round4","review_rounds/hpc_mlp_round4_reviewed_labels.csv","weak_first_peak","weak_first_peak",""
"646","HPC 0212-5.npz","data/raw/hpc/HPC 0212-5.npz","1210","1150","0212-5-B5-40X003","0212-5-B5-40X003","-0.056993133953394524","0.18705164925146045","-0.48745730708930285","0.48745730708930285","hpc_targeted_round3","review_rounds/hpc_targeted_round3_reviewed_labels.csv","weak_first_peak","weak_first_peak",""
"647","HPC 0212-5.npz","data/raw/hpc/HPC 0212-5.npz","1211","1194","0212-5-B5-40X003","0212-5-B5-40X003","0.0346704525187398","0.7937217997369236","-0.1672489964118645","0.7937217997369236","hpc_mlp_round4","review_rounds/hpc_mlp_round4_reviewed_labels.csv","weak_first_peak","weak_first_peak",""
"648","HPC 0212-5.npz","data/raw/hpc/HPC 0212-5.npz","1217","1317","0212-5-B5-40X003","0212-5-B5-40X003","-0.058993699745993645","1.1041691883872131","-0.022443460115079812","1.1041691883872131","hpc_random_forest_second_dual_round6","review_rounds/hpc_random_forest_second_dual_round6_reviewed_labels.csv","sustained_response","sustained_response",""
"649","HPC 0212-5.npz","data/raw/hpc/HPC 0212-5.npz","1269","3104","0212-5-B5-40X003","0212-5-B5-40X003","-0.05950538867513448","0.8085782384636298","-0.04779806727713355","0.8085782384636298","hpc_random_forest_second_dual_round6","review_rounds/hpc_random_forest_second_dual_round6_reviewed_labels.csv","dual_peak","dual_peak",""
"650","HPC 0212-5.npz","data/raw/hpc/HPC 0212-5.npz","1298","89","0212-5-B5-40X004","0212-5-B5-40X004","-0.03192119205168122","0.5821449961944086","-0.008392183829944076","0.5821449961944086","hpc_model_round1","review_rounds/hpc_model_round1_reviewed_labels.csv","sustained_response","sustained_response",""
"651","HPC 0212-5.npz","data/raw/hpc/HPC 0212-5.npz","1301","122","0212-5-B5-40X004","0212-5-B5-40X004","-0.33376382949946426","6.650510026513814","-0.1459377637971339","6.650510026513814","hpc_random_forest_second_dual_round6","review_rounds/hpc_random_forest_second_dual_round6_reviewed_labels.csv","sustained_response","sustained_response",""
"652","HPC 0212-5.npz","data/raw/hpc/HPC 0212-5.npz","1310","387","0212-5-B5-40X004","0212-5-B5-40X004","-0.09270013986117907","1.5141613384234396","-0.1462574375819114","1.5141613384234396","hpc_targeted_round3","review_rounds/hpc_targeted_round3_reviewed_labels.csv","sustained_response","sustained_response",""
"653","HPC 0212-5.npz","data/raw/hpc/HPC 0212-5.npz","1435","26","0212-5-B5-40X005","0212-5-B5-40X005","-0.029876109693053553","1.491855655053953","-0.0485920915048985","1.491855655053953","hpc_random_forest_second_dual_round6","review_rounds/hpc_random_forest_second_dual_round6_reviewed_labels.csv","dual_peak","dual_peak",""
"654","HPC 0212-5.npz","data/raw/hpc/HPC 0212-5.npz","1443","62","0212-5-B5-40X005","0212-5-B5-40X005","0.012954851071135507","0.0034880315155358874","-0.8146251936949527","0.8146251936949527","hpc_random100","review_rounds/hpc_random100_reviewed_labels.csv","inhibition","inhibition",""
"655","HPC 0212-5.npz","data/raw/hpc/HPC 0212-5.npz","1462","707","0212-5-B5-40X005","0212-5-B5-40X005","-0.009335432968126896","0.05472937122104118","-0.24992845429583066","0.24992845429583066","hpc_mlp_round4","review_rounds/hpc_mlp_round4_reviewed_labels.csv","no_response","no_response",""
"656","HPC 0212-5.npz","data/raw/hpc/HPC 0212-5.npz","1479","1290","0212-5-B5-40X005","0212-5-B5-40X005","-0.010679198992615511","0.1345892033038564","-0.44679087078434787","0.44679087078434787","hpc_model_round2","review_rounds/hpc_model_round2_reviewed_labels.csv","inhibition","inhibition",""
"657","HPC 0212-5.npz","data/raw/hpc/HPC 0212-5.npz","1506","2095","0212-5-B5-40X005","0212-5-B5-40X005","-0.019044414709538823","0.26811947069130815","-0.07181107840286796","0.26811947069130815","hpc_model_round2","review_rounds/hpc_model_round2_reviewed_labels.csv","no_response","complex",""
"658","HPC 0212-5.npz","data/raw/hpc/HPC 0212-5.npz","1525","2671","0212-5-B5-40X005","0212-5-B5-40X005","0.006655597849235279","2.5285612225454583","-0.05744027058116123","2.5285612225454583","hpc_targeted_round3","review_rounds/hpc_targeted_round3_reviewed_labels.csv","sustained_response","sustained_response",""
"659","HPC 0212-5.npz","data/raw/hpc/HPC 0212-5.npz","1574","494","0212-5-B5-40X","0212-5-B5-40X","-0.013051187489391521","2.4298202661941626","-0.022587049946235824","2.4298202661941626","hpc_targeted_round3","review_rounds/hpc_targeted_round3_reviewed_labels.csv","dual_peak","complex",""
"660","HPC 0212-5.npz","data/raw/hpc/HPC 0212-5.npz","1602","1297","0212-5-B5-40X","0212-5-B5-40X","-0.0031641473887717235","0.22266755353490247","-0.04670678636436625","0.22266755353490247","hpc_model_round1","review_rounds/hpc_model_round1_reviewed_labels.csv","no_response","no_response",""
"661","HPC 0212-5.npz","data/raw/hpc/HPC 0212-5.npz","1639","2176","0212-5-B5-40X","0212-5-B5-40X","0.02476282779898267","0.0033901834045212617","-0.3770592902862988","0.3770592902862988","hpc_random100","review_rounds/hpc_random100_reviewed_labels.csv","inhibition","inhibition",""
"662","HPC 0212-5.npz","data/raw/hpc/HPC 0212-5.npz","1656","2684","0212-5-B5-40X","0212-5-B5-40X","-0.031231987592662977","0.2948665497253159","-0.30152725639971534","0.30152725639971534","hpc_model_round2","review_rounds/hpc_model_round2_reviewed_labels.csv","strong_first_peak","strong_first_peak",""
"663","HPC 0212-5.npz","data/raw/hpc/HPC 0212-5.npz","1722","380","0212-5-C2-40X001","0212-5-C2-40X001","-0.11021241266577454","4.4169142227074385","-0.07902007745570437","4.4169142227074385","hpc_random_forest_second_dual_round6","review_rounds/hpc_random_forest_second_dual_round6_reviewed_labels.csv","strong_first_peak","strong_first_peak",""
"664","HPC 0212-5.npz","data/raw/hpc/HPC 0212-5.npz","1765","1706","0212-5-C2-40X001","0212-5-C2-40X001","-0.00723000037404053","0.23127645595918866","-0.0328551681424775","0.23127645595918866","hpc_model_round1","review_rounds/hpc_model_round1_reviewed_labels.csv","no_response","no_response",""
"665","HPC 0212-5.npz","data/raw/hpc/HPC 0212-5.npz","1780","2170","0212-5-C2-40X001","0212-5-C2-40X001","0.012963226091105675","0.21297152805580122","-0.16635114174117227","0.21297152805580122","hpc_model_round2","review_rounds/hpc_model_round2_reviewed_labels.csv","strong_first_peak","strong_first_peak",""
"666","HPC 0212-5.npz","data/raw/hpc/HPC 0212-5.npz","1801","2938","0212-5-C2-40X001","0212-5-C2-40X001","-0.0501054786647174","1.1321881802740537","-0.10018539102260415","1.1321881802740537","hpc_model_round2","review_rounds/hpc_model_round2_reviewed_labels.csv","sustained_response","sustained_response",""
"667","HPC 0212-5.npz","data/raw/hpc/HPC 0212-5.npz","1872","467","0212-5-C2-40X002","0212-5-C2-40X002","-0.048205655038993406","0.5688881916459589","-0.059343130959063406","0.5688881916459589","hpc_targeted_round3","review_rounds/hpc_targeted_round3_reviewed_labels.csv","weak_first_peak","weak_first_peak",""
"668","HPC 0212-5.npz","data/raw/hpc/HPC 0212-5.npz","1890","1218","0212-5-C2-40X002","0212-5-C2-40X002","-0.0285056596194689","0.146570692666622","-0.37953384894788794","0.37953384894788794","hpc_targeted_round3","review_rounds/hpc_targeted_round3_reviewed_labels.csv","weak_first_peak","weak_first_peak",""
"669","HPC 0212-5.npz","data/raw/hpc/HPC 0212-5.npz","1974","1","0212-5-C2-40X003","0212-5-C2-40X003","-0.14090015894064187","1.0180453267088427","-0.14661334091738157","1.0180453267088427","hpc_random_forest_second_dual_round6","review_rounds/hpc_random_forest_second_dual_round6_reviewed_labels.csv","sustained_response","sustained_response",""
"670","HPC 0212-5.npz","data/raw/hpc/HPC 0212-5.npz","1989","135","0212-5-C2-40X003","0212-5-C2-40X003","-0.016519309987880634","0.22152707405568806","-0.7532805106901594","0.7532805106901594","hpc_targeted_round3","review_rounds/hpc_targeted_round3_reviewed_labels.csv","inhibition","inhibition",""
"671","HPC 0212-5.npz","data/raw/hpc/HPC 0212-5.npz","1991","146","0212-5-C2-40X003","0212-5-C2-40X003","0.06047892138535201","0.010012884519326963","-0.7474404046059451","0.7474404046059451","hpc_model_round2","review_rounds/hpc_model_round2_reviewed_labels.csv","inhibition","inhibition",""
"672","HPC 0212-5.npz","data/raw/hpc/HPC 0212-5.npz","2000","377","0212-5-C2-40X003","0212-5-C2-40X003","-0.02698148621178508","0.15436932280270674","-0.4245817885761588","0.4245817885761588","hpc_model_round1","review_rounds/hpc_model_round1_reviewed_labels.csv","weak_first_peak","weak_first_peak",""
"673","HPC 0212-5.npz","data/raw/hpc/HPC 0212-5.npz","2064","2055","0212-5-C2-40X003","0212-5-C2-40X003","-0.10370694655698527","0.2775403477527764","-0.03420702231017465","0.2775403477527764","hpc_model_round1","review_rounds/hpc_model_round1_reviewed_labels.csv","no_response","no_response",""
"674","HPC 0212-5.npz","data/raw/hpc/HPC 0212-5.npz","2084","2582","0212-5-C2-40X003","0212-5-C2-40X003","-0.029135691958842514","0.31262080483891874","-0.44379878935820233","0.44379878935820233","hpc_model_round1","review_rounds/hpc_model_round1_reviewed_labels.csv","strong_first_peak","strong_first_peak",""
"675","HPC 0212-5.npz","data/raw/hpc/HPC 0212-5.npz","2097","2872","0212-5-C2-40X003","0212-5-C2-40X003","0.01327729094974125","0.008430856115573907","-0.6095503308636696","0.6095503308636696","hpc_model_round1","review_rounds/hpc_model_round1_reviewed_labels.csv","inhibition","inhibition",""
"676","HPC 0212-5.npz","data/raw/hpc/HPC 0212-5.npz","2100","2911","0212-5-C2-40X003","0212-5-C2-40X003","0.09486846624409237","0.688131950721914","-0.48835357747415686","0.688131950721914","hpc_mlp_round4","review_rounds/hpc_mlp_round4_reviewed_labels.csv","weak_first_peak","weak_first_peak",""
"677","HPC 0212-5.npz","data/raw/hpc/HPC 0212-5.npz","2154","342","0212-5-C2-40X004","0212-5-C2-40X004","-0.0830325649159776","0.26468597481314204","-0.6975877540118836","0.6975877540118836","hpc_mlp_round4","review_rounds/hpc_mlp_round4_reviewed_labels.csv","weak_first_peak","weak_first_peak",""
"678","HPC 0212-5.npz","data/raw/hpc/HPC 0212-5.npz","2174","878","0212-5-C2-40X004","0212-5-C2-40X004","-0.0005086420734235188","0.09842153067734362","-0.7875062508088262","0.7875062508088262","hpc_random100","review_rounds/hpc_random100_reviewed_labels.csv","inhibition","inhibition",""
"679","HPC 0212-5.npz","data/raw/hpc/HPC 0212-5.npz","2181","1152","0212-5-C2-40X004","0212-5-C2-40X004","0.7934605993121451","0.225073507753357","-1.358570135856666","1.358570135856666","hpc_mlp_round4","review_rounds/hpc_mlp_round4_reviewed_labels.csv","inhibition","inhibition",""
"680","HPC 0212-5.npz","data/raw/hpc/HPC 0212-5.npz","2194","1628","0212-5-C2-40X004","0212-5-C2-40X004","-0.031808988293293726","0.606765418881526","-0.03368524838118169","0.606765418881526","hpc_random_forest_second_dual_round6","review_rounds/hpc_random_forest_second_dual_round6_reviewed_labels.csv","dual_peak","dual_peak",""
"681","HPC 0212-5.npz","data/raw/hpc/HPC 0212-5.npz","2203","1889","0212-5-C2-40X004","0212-5-C2-40X004","0.028289309615580162","0.20859637910536957","-0.4987552518956057","0.4987552518956057","hpc_model_round1","review_rounds/hpc_model_round1_reviewed_labels.csv","weak_first_peak","weak_first_peak",""
"682","HPC 0212-5.npz","data/raw/hpc/HPC 0212-5.npz","2222","2440","0212-5-C2-40X004","0212-5-C2-40X004","0.011851087987673516","0.29049865737283115","-0.0798405112760869","0.29049865737283115","hpc_model_round1","review_rounds/hpc_model_round1_reviewed_labels.csv","sustained_response","sustained_response",""
"683","HPC 0212-5.npz","data/raw/hpc/HPC 0212-5.npz","2225","2519","0212-5-C2-40X004","0212-5-C2-40X004","-0.013581649711377035","0.10618650797910192","-0.6742417913382805","0.6742417913382805","hpc_random100","review_rounds/hpc_random100_reviewed_labels.csv","inhibition","inhibition",""
"684","HPC 0212-5.npz","data/raw/hpc/HPC 0212-5.npz","2230","2613","0212-5-C2-40X004","0212-5-C2-40X004","-0.03547362963650622","0.6157978342420032","-0.656893492321161","0.656893492321161","hpc_mlp_round4","review_rounds/hpc_mlp_round4_reviewed_labels.csv","weak_first_peak","weak_first_peak",""
"685","HPC 0212-5.npz","data/raw/hpc/HPC 0212-5.npz","2257","3240","0212-5-C2-40X004","0212-5-C2-40X004","-0.016428294813774016","0.5389004636739183","-0.04876877647588604","0.5389004636739183","hpc_model_round1","review_rounds/hpc_model_round1_reviewed_labels.csv","sustained_response","sustained_response",""
"686","HPC 0212-5.npz","data/raw/hpc/HPC 0212-5.npz","2261","3531","0212-5-C2-40X004","0212-5-C2-40X004","-0.000936632646091784","0.30829794343958156","-0.4765771005259073","0.4765771005259073","hpc_mlp_round4","review_rounds/hpc_mlp_round4_reviewed_labels.csv","weak_first_peak","weak_first_peak",""
"687","HPC 0212-5.npz","data/raw/hpc/HPC 0212-5.npz","2270","140","0212-5-C2-40X","0212-5-C2-40X","-0.054350590993664856","0.4323550891820531","-0.12740246264928703","0.4323550891820531","hpc_random_forest_second_dual_round6","review_rounds/hpc_random_forest_second_dual_round6_reviewed_labels.csv","second_peak","complex",""
"688","HPC 0212-5.npz","data/raw/hpc/HPC 0212-5.npz","2276","481","0212-5-C2-40X","0212-5-C2-40X","0.01707620701699645","0.16236780623916697","-0.6793233537868303","0.6793233537868303","hpc_model_round2","review_rounds/hpc_model_round2_reviewed_labels.csv","inhibition","inhibition",""
"689","HPC 0212-5.npz","data/raw/hpc/HPC 0212-5.npz","2302","1784","0212-5-C2-40X","0212-5-C2-40X","0.0020998980538395407","0.4879715904698012","-0.3080573232307689","0.4879715904698012","hpc_random100","review_rounds/hpc_random100_reviewed_labels.csv","strong_first_peak","strong_first_peak",""
"690","HPC 0212-5.npz","data/raw/hpc/HPC 0212-5.npz","2304","1818","0212-5-C2-40X","0212-5-C2-40X","-0.10498329715611548","0.24596735064908395","-0.04947362031996139","0.24596735064908395","hpc_targeted_round3","review_rounds/hpc_targeted_round3_reviewed_labels.csv","sustained_response","sustained_response",""
"691","HPC 0212-5.npz","data/raw/hpc/HPC 0212-5.npz","2359","4090","0212-5-C2-40X","0212-5-C2-40X","-0.031582766619750464","0.0305050198864873","-0.38184635828427005","0.38184635828427005","hpc_model_round2","review_rounds/hpc_model_round2_reviewed_labels.csv","inhibition","inhibition",""
"692","HPC 0212-5.npz","data/raw/hpc/HPC 0212-5.npz","2387","28","0212-5-C5-40X001","0212-5-C5-40X001","-0.021523422460814","0.2465362565092345","-0.014819023890616567","0.2465362565092345","hpc_model_round1","review_rounds/hpc_model_round1_reviewed_labels.csv","no_response","sustained_response",""
"693","HPC 0212-5.npz","data/raw/hpc/HPC 0212-5.npz","2393","63","0212-5-C5-40X001","0212-5-C5-40X001","0.006988739895266067","0.6037830719257907","-0.11996319472737824","0.6037830719257907","hpc_random_forest_second_dual_round6","review_rounds/hpc_random_forest_second_dual_round6_reviewed_labels.csv","second_peak","second_peak",""
"694","HPC 0212-5.npz","data/raw/hpc/HPC 0212-5.npz","2403","263","0212-5-C5-40X001","0212-5-C5-40X001","0.028762423028467033","0.0113215405342923","-0.6918875658639404","0.6918875658639404","hpc_model_round1","review_rounds/hpc_model_round1_reviewed_labels.csv","inhibition","inhibition",""
"695","HPC 0212-5.npz","data/raw/hpc/HPC 0212-5.npz","2421","767","0212-5-C5-40X001","0212-5-C5-40X001","-0.06546727473009772","0.23615304721547936","-0.8080470005267404","0.8080470005267404","hpc_mlp_round4","review_rounds/hpc_mlp_round4_reviewed_labels.csv","weak_first_peak","weak_first_peak",""
"696","HPC 0212-5.npz","data/raw/hpc/HPC 0212-5.npz","2449","1873","0212-5-C5-40X001","0212-5-C5-40X001","-0.1719123408969873","2.062636006782619","-0.2965556996916112","2.062636006782619","hpc_model_round2","review_rounds/hpc_model_round2_reviewed_labels.csv","strong_first_peak","strong_first_peak",""
"697","HPC 0212-5.npz","data/raw/hpc/HPC 0212-5.npz","2528","50","0212-5-C5-40X002","0212-5-C5-40X002","0.08516810216436774","0.2203301601655027","-0.13883080040487064","0.2203301601655027","hpc_model_round2","review_rounds/hpc_model_round2_reviewed_labels.csv","no_response","no_response",""
"698","HPC 0212-5.npz","data/raw/hpc/HPC 0212-5.npz","2538","275","0212-5-C5-40X002","0212-5-C5-40X002","-0.03613574185309401","0.16904295886411586","-0.3199737882304933","0.3199737882304933","hpc_model_round1","review_rounds/hpc_model_round1_reviewed_labels.csv","weak_first_peak","weak_first_peak",""
"699","HPC 0212-5.npz","data/raw/hpc/HPC 0212-5.npz","2581","1184","0212-5-C5-40X002","0212-5-C5-40X002","-0.0037863161821166144","0.4703241721654656","-0.027548095931625664","0.4703241721654656","hpc_model_round1","review_rounds/hpc_model_round1_reviewed_labels.csv","weak_first_peak","weak_first_peak",""
"700","HPC 0212-5.npz","data/raw/hpc/HPC 0212-5.npz","2599","1806","0212-5-C5-40X002","0212-5-C5-40X002","-0.013632058851362653","0.2012839647455063","-0.072244406831701","0.2012839647455063","hpc_model_round2","review_rounds/hpc_model_round2_reviewed_labels.csv","no_response","no_response",""
"701","HPC 0212-5.npz","data/raw/hpc/HPC 0212-5.npz","2607","1977","0212-5-C5-40X002","0212-5-C5-40X002","-0.003578831204180257","1.0153218297180302","-0.056913427887731","1.0153218297180302","hpc_model_round2","review_rounds/hpc_model_round2_reviewed_labels.csv","sustained_response","sustained_response",""
"702","HPC 0212-5.npz","data/raw/hpc/HPC 0212-5.npz","2635","2558","0212-5-C5-40X002","0212-5-C5-40X002","-0.08107841893471167","0.2680280777226775","-0.015007959996666806","0.2680280777226775","hpc_model_round2","review_rounds/hpc_model_round2_reviewed_labels.csv","sustained_response","sustained_response",""
"703","HPC 0212-5.npz","data/raw/hpc/HPC 0212-5.npz","2706","951","0212-5-C5-40X003","0212-5-C5-40X003","0.09159541735632598","1.3639652245056157","-0.08663688734152393","1.3639652245056157","hpc_targeted_round3","review_rounds/hpc_targeted_round3_reviewed_labels.csv","strong_first_peak","strong_first_peak",""
"704","HPC 0212-5.npz","data/raw/hpc/HPC 0212-5.npz","2707","956","0212-5-C5-40X003","0212-5-C5-40X003","-0.026284842623966718","1.4713971702664095","-0.3405093921766206","1.4713971702664095","hpc_model_round1","review_rounds/hpc_model_round1_reviewed_labels.csv","strong_first_peak","strong_first_peak",""
"705","HPC 0212-5.npz","data/raw/hpc/HPC 0212-5.npz","2710","999","0212-5-C5-40X003","0212-5-C5-40X003","0.12943021606565613","1.5176498469262603","-0.11214640331985144","1.5176498469262603","hpc_random_forest_second_dual_round6","review_rounds/hpc_random_forest_second_dual_round6_reviewed_labels.csv","second_peak","second_peak",""
"706","HPC 0212-5.npz","data/raw/hpc/HPC 0212-5.npz","2833","226","0212-5-C5-40X004","0212-5-C5-40X004","-0.08143342498872563","0.30158303569278566","-0.005389523521035722","0.30158303569278566","hpc_random100","review_rounds/hpc_random100_reviewed_labels.csv","sustained_response","sustained_response",""
"707","HPC 0212-5.npz","data/raw/hpc/HPC 0212-5.npz","2852","616","0212-5-C5-40X004","0212-5-C5-40X004","0.03600165279974667","0.015702681606185112","-0.452576919858917","0.452576919858917","hpc_targeted_round3","review_rounds/hpc_targeted_round3_reviewed_labels.csv","inhibition","inhibition",""
"708","HPC 0212-5.npz","data/raw/hpc/HPC 0212-5.npz","2895","1619","0212-5-C5-40X004","0212-5-C5-40X004","0.012749584963283794","1.9076775561290118","-0.08063986415009787","1.9076775561290118","hpc_model_round2","review_rounds/hpc_model_round2_reviewed_labels.csv","sustained_response","sustained_response",""
"709","HPC 0212-5.npz","data/raw/hpc/HPC 0212-5.npz","2969","238","0212-5-C5-40X005","0212-5-C5-40X005","0.022861333756106373","2.657918897460135","-0.05000546137825014","2.657918897460135","hpc_targeted_round3","review_rounds/hpc_targeted_round3_reviewed_labels.csv","sustained_response","complex",""
"710","HPC 0212-5.npz","data/raw/hpc/HPC 0212-5.npz","2972","309","0212-5-C5-40X005","0212-5-C5-40X005","-0.1226694028229379","0.32528800919517664","-0.15685669970427077","0.32528800919517664","hpc_targeted_round3","review_rounds/hpc_targeted_round3_reviewed_labels.csv","weak_first_peak","weak_first_peak",""
"711","HPC 0212-5.npz","data/raw/hpc/HPC 0212-5.npz","2982","657","0212-5-C5-40X005","0212-5-C5-40X005","-0.23884970829771848","0.04055585436893183","-0.3316531363701033","0.3316531363701033","hpc_random100","review_rounds/hpc_random100_reviewed_labels.csv","inhibition","inhibition",""
"712","HPC 0212-5.npz","data/raw/hpc/HPC 0212-5.npz","2989","835","0212-5-C5-40X005","0212-5-C5-40X005","0.059832039304033115","0.07493603938767471","-0.5712250002594859","0.5712250002594859","hpc_model_round2","review_rounds/hpc_model_round2_reviewed_labels.csv","inhibition","inhibition",""
"713","HPC 0212-5.npz","data/raw/hpc/HPC 0212-5.npz","3083","1592","0212-5-C5-40X","0212-5-C5-40X","0.08829758872542903","0.05100035404954337","-0.9776968690374451","0.9776968690374451","hpc_mlp_round4","review_rounds/hpc_mlp_round4_reviewed_labels.csv","inhibition","inhibition",""
"714","HPC 0212-5.npz","data/raw/hpc/HPC 0212-5.npz","3105","2488","0212-5-C5-40X","0212-5-C5-40X","0.0244400282582779","0.5345575091516486","-0.0952641997515143","0.5345575091516486","hpc_model_round2","review_rounds/hpc_model_round2_reviewed_labels.csv","sustained_response","sustained_response",""
"715","HPC 0212-5.npz","data/raw/hpc/HPC 0212-5.npz","3108","2511","0212-5-C5-40X","0212-5-C5-40X","-0.0430822358832883","1.0607945180219147","-0.3745004989186086","1.0607945180219147","hpc_targeted_round3","review_rounds/hpc_targeted_round3_reviewed_labels.csv","strong_first_peak","strong_first_peak",""
"716","HPC 0212-5.npz","data/raw/hpc/HPC 0212-5.npz","3124","3018","0212-5-C5-40X","0212-5-C5-40X","-0.05073289547480095","0.08867191267013827","-0.3471247277940154","0.3471247277940154","hpc_targeted_round3","review_rounds/hpc_targeted_round3_reviewed_labels.csv","weak_first_peak","inhibition",""
"717","HPC 0212-5.npz","data/raw/hpc/HPC 0212-5.npz","3127","3113","0212-5-C5-40X","0212-5-C5-40X","-0.006759921139569955","0.24305795178638012","-0.03210138246380847","0.24305795178638012","hpc_targeted_round3","review_rounds/hpc_targeted_round3_reviewed_labels.csv","sustained_response","sustained_response",""
"718","HPC 0212-5.npz","data/raw/hpc/HPC 0212-5.npz","3141","3486","0212-5-C5-40X","0212-5-C5-40X","-0.012422770872583382","0.09256220482808698","-0.3983156127538689","0.3983156127538689","hpc_model_round2","review_rounds/hpc_model_round2_reviewed_labels.csv","weak_first_peak","weak_first_peak",""
"719","HPC 0212-5.npz","data/raw/hpc/HPC 0212-5.npz","3147","3715","0212-5-C5-40X","0212-5-C5-40X","0.014622852765191395","0.09490060408598955","-0.2628588951584494","0.2628588951584494","hpc_model_round1","review_rounds/hpc_model_round1_reviewed_labels.csv","inhibition","inhibition",""
"720","HPC 0212-5.npz","data/raw/hpc/HPC 0212-5.npz","3153","3851","0212-5-C5-40X","0212-5-C5-40X","-0.026601255291833784","0.07432232181994905","-0.6984860138356632","0.6984860138356632","hpc_random100","review_rounds/hpc_random100_reviewed_labels.csv","inhibition","inhibition",""
