source_file,source_path,trace_index,fiber_id,nd2_name,tile_name,baseline_9p5_10d,shifted_max,shifted_min,shifted_amplitude,reviewed_label,notes,label_round_id,label_file
HPC 0112-5.npz,data/raw/hpc/HPC 0112-5.npz,8,244,0112-5-CA1001,0112-5-CA1001,0.03137642747205348,0.022303960866025187,-0.8540966486352143,0.8540966486352143,inhibition,,hpc_random_forest_all_classes_round8,review_rounds/hpc_random_forest_all_classes_round8_reviewed_labels.csv
HPC 0112-5.npz,data/raw/hpc/HPC 0112-5.npz,11,331,0112-5-CA1001,0112-5-CA1001,0.04157233660280129,0.282761249909599,-0.011973543836125235,0.282761249909599,sustained_response,,hpc_random_forest_all_classes_round8,review_rounds/hpc_random_forest_all_classes_round8_reviewed_labels.csv
HPC 0112-5.npz,data/raw/hpc/HPC 0112-5.npz,22,905,0112-5-CA1001,0112-5-CA1001,-0.02922508470172169,1.018041286759761,-0.05842759791726805,1.018041286759761,dual_peak,,hpc_doublecheck_round7,review_rounds/hpc_doublecheck_round7_reviewed_labels.csv
HPC 0112-5.npz,data/raw/hpc/HPC 0112-5.npz,64,2089,0112-5-CA1001,0112-5-CA1001,0.018512837647084866,1.342020357683581,-0.054477213913997805,1.342020357683581,sustained_response,,hpc_doublecheck_round7,review_rounds/hpc_doublecheck_round7_reviewed_labels.csv
HPC 0112-5.npz,data/raw/hpc/HPC 0112-5.npz,76,2502,0112-5-CA1001,0112-5-CA1001,-0.0108799112085077,0.04405145958933494,-0.838869773926168,0.838869773926168,inhibition,,hpc_random_forest_all_classes_round8,review_rounds/hpc_random_forest_all_classes_round8_reviewed_labels.csv
HPC 0112-5.npz,data/raw/hpc/HPC 0112-5.npz,83,2950,0112-5-CA1001,0112-5-CA1001,-0.008677354838615045,0.3385960577120711,-0.05210487010306613,0.3385960577120711,no_response,,hpc_doublecheck_round7,review_rounds/hpc_doublecheck_round7_reviewed_labels.csv
HPC 0112-5.npz,data/raw/hpc/HPC 0112-5.npz,95,3402,0112-5-CA1001,0112-5-CA1001,-0.00027979238483315423,1.6098505323220555,-0.06455649813605505,1.6098505323220555,second_peak,,hpc_doublecheck_round7,review_rounds/hpc_doublecheck_round7_reviewed_labels.csv
HPC 0112-5.npz,data/raw/hpc/HPC 0112-5.npz,143,354,0112-5-CA1002,0112-5-CA1002,-0.02519773646754859,0.3684653401569343,-0.5462977263238549,0.5462977263238549,weak_first_peak,,hpc_random_forest_targeted_wds_round9,review_rounds/hpc_random_forest_targeted_wds_round9_reviewed_labels.csv
HPC 0112-5.npz,data/raw/hpc/HPC 0112-5.npz,147,418,0112-5-CA1002,0112-5-CA1002,-0.09392412390008963,17.106809602878773,-0.07655830295883169,17.106809602878773,sustained_response,,hpc_doublecheck_round7,review_rounds/hpc_doublecheck_round7_reviewed_labels.csv
HPC 0112-5.npz,data/raw/hpc/HPC 0112-5.npz,153,457,0112-5-CA1002,0112-5-CA1002,-0.076785621445096,0.12023166853177293,-0.8545894620393854,0.8545894620393854,inhibition,,hpc_doublecheck_round7,review_rounds/hpc_doublecheck_round7_reviewed_labels.csv
HPC 0112-5.npz,data/raw/hpc/HPC 0112-5.npz,157,626,0112-5-CA1002,0112-5-CA1002,-0.027013768898415676,0.20696790576337318,-0.5098558228639494,0.5098558228639494,weak_first_peak,,hpc_doublecheck_round7,review_rounds/hpc_doublecheck_round7_reviewed_labels.csv
HPC 0112-5.npz,data/raw/hpc/HPC 0112-5.npz,169,899,0112-5-CA1002,0112-5-CA1002,-0.008516538390947346,0.2176507104063173,-0.3314084648520815,0.3314084648520815,weak_first_peak,,hpc_doublecheck_round7,review_rounds/hpc_doublecheck_round7_reviewed_labels.csv
HPC 0112-5.npz,data/raw/hpc/HPC 0112-5.npz,178,1047,0112-5-CA1002,0112-5-CA1002,-0.03280818412286007,0.2586599095118901,-0.7069058847544882,0.7069058847544882,weak_first_peak,,hpc_doublecheck_round7,review_rounds/hpc_doublecheck_round7_reviewed_labels.csv
HPC 0112-5.npz,data/raw/hpc/HPC 0112-5.npz,187,1238,0112-5-CA1002,0112-5-CA1002,-0.013642421811436392,0.3744212242994558,-0.07143639505616346,0.3744212242994558,sustained_response,,hpc_doublecheck_round7,review_rounds/hpc_doublecheck_round7_reviewed_labels.csv
HPC 0112-5.npz,data/raw/hpc/HPC 0112-5.npz,192,1326,0112-5-CA1002,0112-5-CA1002,-0.044527645027798546,2.5253774673098146,-0.06351320214973569,2.5253774673098146,sustained_response,,hpc_doublecheck_round7,review_rounds/hpc_doublecheck_round7_reviewed_labels.csv
HPC 0112-5.npz,data/raw/hpc/HPC 0112-5.npz,202,1603,0112-5-CA1002,0112-5-CA1002,-0.04253345301737787,0.47901695984430775,-0.15983593171090013,0.47901695984430775,dual_peak,,hpc_doublecheck_round7,review_rounds/hpc_doublecheck_round7_reviewed_labels.csv
HPC 0112-5.npz,data/raw/hpc/HPC 0112-5.npz,289,1612,0112-5-CA1003,0112-5-CA1003,0.0048965305013999065,0.2882248029741039,-0.07662902595039918,0.2882248029741039,no_response,,hpc_doublecheck_round7,review_rounds/hpc_doublecheck_round7_reviewed_labels.csv
HPC 0112-5.npz,data/raw/hpc/HPC 0112-5.npz,310,2264,0112-5-CA1003,0112-5-CA1003,-0.014114061415418572,15.137250231578985,-0.13573616865499372,15.137250231578985,sustained_response,,hpc_doublecheck_round7,review_rounds/hpc_doublecheck_round7_reviewed_labels.csv
HPC 0112-5.npz,data/raw/hpc/HPC 0112-5.npz,318,2351,0112-5-CA1003,0112-5-CA1003,-0.010871256688281613,0.21768786910920476,-0.062216129448647996,0.21768786910920476,no_response,,hpc_doublecheck_round7,review_rounds/hpc_doublecheck_round7_reviewed_labels.csv
HPC 0112-5.npz,data/raw/hpc/HPC 0112-5.npz,327,2588,0112-5-CA1003,0112-5-CA1003,-0.011846295958407194,0.23165899276073193,-0.020875577480238265,0.23165899276073193,no_response,,hpc_doublecheck_round7,review_rounds/hpc_doublecheck_round7_reviewed_labels.csv
HPC 0112-5.npz,data/raw/hpc/HPC 0112-5.npz,345,2954,0112-5-CA1003,0112-5-CA1003,-0.0395454868671664,0.23722684940711702,-0.3092428053390346,0.3092428053390346,weak_first_peak,,hpc_random_forest_targeted_wds_round9,review_rounds/hpc_random_forest_targeted_wds_round9_reviewed_labels.csv
HPC 0112-5.npz,data/raw/hpc/HPC 0112-5.npz,346,2958,0112-5-CA1003,0112-5-CA1003,0.012478094643740976,0.47987316072558744,-0.08221228878299336,0.47987316072558744,sustained_response,,hpc_random_forest_targeted_wds_round9,review_rounds/hpc_random_forest_targeted_wds_round9_reviewed_labels.csv
HPC 0112-5.npz,data/raw/hpc/HPC 0112-5.npz,353,3333,0112-5-CA1003,0112-5-CA1003,-0.028222080815363624,2.4186640557339936,-0.055595604401310866,2.4186640557339936,strong_first_peak,,hpc_doublecheck_round7,review_rounds/hpc_doublecheck_round7_reviewed_labels.csv
HPC 0112-5.npz,data/raw/hpc/HPC 0112-5.npz,354,3338,0112-5-CA1003,0112-5-CA1003,-0.004524528841893097,0.3173034666431485,-0.40747679863522973,0.40747679863522973,weak_first_peak,,hpc_random_forest_all_classes_round8,review_rounds/hpc_random_forest_all_classes_round8_reviewed_labels.csv
HPC 0112-5.npz,data/raw/hpc/HPC 0112-5.npz,357,3448,0112-5-CA1003,0112-5-CA1003,0.010216895202897383,0.9364459228330836,-0.12641380640234542,0.9364459228330836,sustained_response,,hpc_doublecheck_round7,review_rounds/hpc_doublecheck_round7_reviewed_labels.csv
HPC 0112-5.npz,data/raw/hpc/HPC 0112-5.npz,372,269,0112-5-CA1004,0112-5-CA1004,-0.10936728543256419,0.7009862629287851,-0.265266551891603,0.7009862629287851,dual_peak,,hpc_random_forest_targeted_wds_round9,review_rounds/hpc_random_forest_targeted_wds_round9_reviewed_labels.csv
HPC 0112-5.npz,data/raw/hpc/HPC 0112-5.npz,379,528,0112-5-CA1004,0112-5-CA1004,0.24359051455658387,20.049489983310426,-0.18990608160591452,20.049489983310426,sustained_response,,hpc_doublecheck_round7,review_rounds/hpc_doublecheck_round7_reviewed_labels.csv
HPC 0112-5.npz,data/raw/hpc/HPC 0112-5.npz,380,604,0112-5-CA1004,0112-5-CA1004,-0.15868190523996575,1.2467257811230403,-0.06368877853630861,1.2467257811230403,sustained_response,,hpc_doublecheck_round7,review_rounds/hpc_doublecheck_round7_reviewed_labels.csv
HPC 0112-5.npz,data/raw/hpc/HPC 0112-5.npz,392,1060,0112-5-CA1004,0112-5-CA1004,-0.00008889751358152183,0.6507952403232768,-0.012007627779050019,0.6507952403232768,complex,,hpc_random_forest_all_classes_round8,review_rounds/hpc_random_forest_all_classes_round8_reviewed_labels.csv
HPC 0112-5.npz,data/raw/hpc/HPC 0112-5.npz,393,1061,0112-5-CA1004,0112-5-CA1004,-0.047897599741424386,4.167462786647196,-0.05358204777877532,4.167462786647196,complex,,hpc_doublecheck_round7,review_rounds/hpc_doublecheck_round7_reviewed_labels.csv
HPC 0112-5.npz,data/raw/hpc/HPC 0112-5.npz,401,1576,0112-5-CA1004,0112-5-CA1004,0.030398772627673893,0.7970771535867422,-0.09016188453665963,0.7970771535867422,sustained_response,,hpc_doublecheck_round7,review_rounds/hpc_doublecheck_round7_reviewed_labels.csv
HPC 0112-5.npz,data/raw/hpc/HPC 0112-5.npz,407,1742,0112-5-CA1004,0112-5-CA1004,0.05131066437584192,2.2951011158410304,-0.11299856719788348,2.2951011158410304,complex,,hpc_doublecheck_round7,review_rounds/hpc_doublecheck_round7_reviewed_labels.csv
HPC 0112-5.npz,data/raw/hpc/HPC 0112-5.npz,412,1980,0112-5-CA1004,0112-5-CA1004,-0.05262608299551236,0.1955651070696538,-0.38612078612519085,0.38612078612519085,weak_first_peak,,hpc_random_forest_targeted_wds_round9,review_rounds/hpc_random_forest_targeted_wds_round9_reviewed_labels.csv
HPC 0112-5.npz,data/raw/hpc/HPC 0112-5.npz,417,2127,0112-5-CA1004,0112-5-CA1004,-0.028326756074130783,2.3100231816947017,-0.016554788868601854,2.3100231816947017,sustained_response,,hpc_doublecheck_round7,review_rounds/hpc_doublecheck_round7_reviewed_labels.csv
HPC 0112-5.npz,data/raw/hpc/HPC 0112-5.npz,419,2213,0112-5-CA1004,0112-5-CA1004,0.009713851000228155,0.004750246797975479,-0.7532516358184409,0.7532516358184409,inhibition,,hpc_random_forest_all_classes_round8,review_rounds/hpc_random_forest_all_classes_round8_reviewed_labels.csv
HPC 0112-5.npz,data/raw/hpc/HPC 0112-5.npz,433,2745,0112-5-CA1004,0112-5-CA1004,-0.02769559119973942,0.21787429293971614,-0.34079937377283587,0.34079937377283587,strong_first_peak,,hpc_doublecheck_round7,review_rounds/hpc_doublecheck_round7_reviewed_labels.csv
HPC 0112-5.npz,data/raw/hpc/HPC 0112-5.npz,488,4342,0112-5-CA1004,0112-5-CA1004,-0.0024680988231559646,0.0151712329981499,-0.6778776457360904,0.6778776457360904,inhibition,,hpc_doublecheck_round7,review_rounds/hpc_doublecheck_round7_reviewed_labels.csv
HPC 0112-5.npz,data/raw/hpc/HPC 0112-5.npz,493,4468,0112-5-CA1004,0112-5-CA1004,-0.03172220221985445,0.28784551953485565,-0.003689351541718046,0.28784551953485565,sustained_response,,hpc_random_forest_all_classes_round8,review_rounds/hpc_random_forest_all_classes_round8_reviewed_labels.csv
HPC 0112-5.npz,data/raw/hpc/HPC 0112-5.npz,505,4977,0112-5-CA1004,0112-5-CA1004,-0.02042350198856883,0.26214715118064835,-0.011144531157415278,0.26214715118064835,dual_peak,,hpc_random_forest_all_classes_round8,review_rounds/hpc_random_forest_all_classes_round8_reviewed_labels.csv
HPC 0112-5.npz,data/raw/hpc/HPC 0112-5.npz,519,657,0112-5-CA1005,0112-5-CA1005,0.00010577033700858109,0.23126150453081415,-0.029964336137056676,0.23126150453081415,no_response,,hpc_random_forest_all_classes_round8,review_rounds/hpc_random_forest_all_classes_round8_reviewed_labels.csv
HPC 0112-5.npz,data/raw/hpc/HPC 0112-5.npz,533,941,0112-5-CA1005,0112-5-CA1005,0.28573220155827134,1.0244643564426197,-0.5039803322136011,1.0244643564426197,weak_first_peak,,hpc_doublecheck_round7,review_rounds/hpc_doublecheck_round7_reviewed_labels.csv
HPC 0112-5.npz,data/raw/hpc/HPC 0112-5.npz,534,955,0112-5-CA1005,0112-5-CA1005,-0.02051257001216833,0.22559963618149595,-0.08039450540352033,0.22559963618149595,no_response,,hpc_doublecheck_round7,review_rounds/hpc_doublecheck_round7_reviewed_labels.csv
HPC 0112-5.npz,data/raw/hpc/HPC 0112-5.npz,552,2016,0112-5-CA1005,0112-5-CA1005,-0.07514224841074474,0.5756786120093829,-0.0729710791682803,0.5756786120093829,complex,,hpc_doublecheck_round7,review_rounds/hpc_doublecheck_round7_reviewed_labels.csv
HPC 0112-5.npz,data/raw/hpc/HPC 0112-5.npz,635,1319,0112-5-CA1,0112-5-CA1,0.09904865607965024,1.7055364522274874,-0.4744551849263713,1.7055364522274874,strong_first_peak,,hpc_doublecheck_round7,review_rounds/hpc_doublecheck_round7_reviewed_labels.csv
HPC 0112-5.npz,data/raw/hpc/HPC 0112-5.npz,649,1851,0112-5-CA1,0112-5-CA1,0.023320047431375588,2.3750288368268717,-0.20760700624350073,2.3750288368268717,second_peak,,hpc_doublecheck_round7,review_rounds/hpc_doublecheck_round7_reviewed_labels.csv
HPC 0112-5.npz,data/raw/hpc/HPC 0112-5.npz,650,1852,0112-5-CA1,0112-5-CA1,-0.06837560380957093,0.25734478174395775,-0.3338633081851247,0.3338633081851247,weak_first_peak,,hpc_doublecheck_round7,review_rounds/hpc_doublecheck_round7_reviewed_labels.csv
HPC 0112-5.npz,data/raw/hpc/HPC 0112-5.npz,656,1985,0112-5-CA1,0112-5-CA1,0.7547506629147805,17.494547527648724,-0.4595799303184066,17.494547527648724,sustained_response,,hpc_doublecheck_round7,review_rounds/hpc_doublecheck_round7_reviewed_labels.csv
HPC 0112-5.npz,data/raw/hpc/HPC 0112-5.npz,661,2208,0112-5-CA1,0112-5-CA1,0.002630110402422787,0.4109815678454254,-0.030833631114566246,0.4109815678454254,no_response,,hpc_random_forest_all_classes_round8,review_rounds/hpc_random_forest_all_classes_round8_reviewed_labels.csv
HPC 0112-5.npz,data/raw/hpc/HPC 0112-5.npz,679,3111,0112-5-CA1,0112-5-CA1,0.14590859302447953,2.201522400041832,-0.5263806622848498,2.201522400041832,strong_first_peak,,hpc_doublecheck_round7,review_rounds/hpc_doublecheck_round7_reviewed_labels.csv
HPC 0112-5.npz,data/raw/hpc/HPC 0112-5.npz,685,3326,0112-5-CA1,0112-5-CA1,-0.21901804587208923,0.03630653128113373,-0.3013687096784951,0.3013687096784951,inhibition,,hpc_doublecheck_round7,review_rounds/hpc_doublecheck_round7_reviewed_labels.csv
HPC 0112-5.npz,data/raw/hpc/HPC 0112-5.npz,696,3685,0112-5-CA1,0112-5-CA1,0.038814936946264963,0.27497084780157766,-0.26386204854616363,0.27497084780157766,strong_first_peak,,hpc_doublecheck_round7,review_rounds/hpc_doublecheck_round7_reviewed_labels.csv
HPC 0112-5.npz,data/raw/hpc/HPC 0112-5.npz,699,3741,0112-5-CA1,0112-5-CA1,-0.014006881110276205,0.15535670110190983,-0.4222250425169123,0.4222250425169123,weak_first_peak,,hpc_doublecheck_round7,review_rounds/hpc_doublecheck_round7_reviewed_labels.csv
HPC 0112-5.npz,data/raw/hpc/HPC 0112-5.npz,709,4200,0112-5-CA1,0112-5-CA1,0.04505948642098184,1.4935931440385641,-0.11690875935862273,1.4935931440385641,complex,,hpc_random_forest_all_classes_round8,review_rounds/hpc_random_forest_all_classes_round8_reviewed_labels.csv
HPC 0112-5.npz,data/raw/hpc/HPC 0112-5.npz,714,4297,0112-5-CA1,0112-5-CA1,-0.007293689498681939,0.25768808363722484,-0.02122450407992678,0.25768808363722484,no_response,,hpc_doublecheck_round7,review_rounds/hpc_doublecheck_round7_reviewed_labels.csv
HPC 0112-5.npz,data/raw/hpc/HPC 0112-5.npz,719,4431,0112-5-CA1,0112-5-CA1,-0.0053253270713989175,1.5308265911739736,-0.06319439609493617,1.5308265911739736,second_peak,,hpc_doublecheck_round7,review_rounds/hpc_doublecheck_round7_reviewed_labels.csv
HPC 0112-5.npz,data/raw/hpc/HPC 0112-5.npz,722,4516,0112-5-CA1,0112-5-CA1,0.03661467290625044,0.7923574277213394,-0.03993682659599963,0.7923574277213394,complex,,hpc_random_forest_all_classes_round8,review_rounds/hpc_random_forest_all_classes_round8_reviewed_labels.csv
HPC 0120-3.npz,data/raw/hpc/HPC 0120-3.npz,0,3,0120-3-CA1001,0120-3-CA1001,-0.01526816248402005,0.26889074094714527,-0.3398138934584112,0.3398138934584112,weak_first_peak,,hpc_doublecheck_round7,review_rounds/hpc_doublecheck_round7_reviewed_labels.csv
HPC 0120-3.npz,data/raw/hpc/HPC 0120-3.npz,2,25,0120-3-CA1001,0120-3-CA1001,-0.323598504850928,2.427563957288865,-0.04366237153045244,2.427563957288865,sustained_response,,hpc_doublecheck_round7,review_rounds/hpc_doublecheck_round7_reviewed_labels.csv
HPC 0120-3.npz,data/raw/hpc/HPC 0120-3.npz,10,341,0120-3-CA1001,0120-3-CA1001,0.011304869578744513,0.3059944188166236,-0.08724412370272364,0.3059944188166236,no_response,,hpc_doublecheck_round7,review_rounds/hpc_doublecheck_round7_reviewed_labels.csv
HPC 0120-3.npz,data/raw/hpc/HPC 0120-3.npz,20,773,0120-3-CA1001,0120-3-CA1001,-0.0032773299821011186,0.019484572799054602,-0.897718793740344,0.897718793740344,inhibition,,hpc_random_forest_all_classes_round8,review_rounds/hpc_random_forest_all_classes_round8_reviewed_labels.csv
HPC 0120-3.npz,data/raw/hpc/HPC 0120-3.npz,32,1286,0120-3-CA1001,0120-3-CA1001,-0.006530146351304274,0.29892914598084297,-0.07286576861951786,0.29892914598084297,sustained_response,,hpc_doublecheck_round7,review_rounds/hpc_doublecheck_round7_reviewed_labels.csv
HPC 0120-3.npz,data/raw/hpc/HPC 0120-3.npz,34,1355,0120-3-CA1001,0120-3-CA1001,0.6273912576694386,20.784848862322676,-0.9030519393742099,20.784848862322676,strong_first_peak,,hpc_doublecheck_round7,review_rounds/hpc_doublecheck_round7_reviewed_labels.csv
HPC 0120-3.npz,data/raw/hpc/HPC 0120-3.npz,35,1373,0120-3-CA1001,0120-3-CA1001,0.02324235154350417,3.7969086711313276,-0.2062703216437948,3.7969086711313276,complex,,hpc_doublecheck_round7,review_rounds/hpc_doublecheck_round7_reviewed_labels.csv
HPC 0120-3.npz,data/raw/hpc/HPC 0120-3.npz,48,2076,0120-3-CA1001,0120-3-CA1001,-0.04372384417292374,0.5439221764578174,-0.043002875021608475,0.5439221764578174,weak_first_peak,,hpc_doublecheck_round7,review_rounds/hpc_doublecheck_round7_reviewed_labels.csv
HPC 0120-3.npz,data/raw/hpc/HPC 0120-3.npz,51,2449,0120-3-CA1001,0120-3-CA1001,-0.010826604864662298,0.03334989677335933,-0.7959685569075144,0.7959685569075144,inhibition,,hpc_random_forest_all_classes_round8,review_rounds/hpc_random_forest_all_classes_round8_reviewed_labels.csv
HPC 0120-3.npz,data/raw/hpc/HPC 0120-3.npz,53,2503,0120-3-CA1001,0120-3-CA1001,-0.012946999016249771,2.1757142879334364,-0.04210683402298467,2.1757142879334364,strong_first_peak,,hpc_doublecheck_round7,review_rounds/hpc_doublecheck_round7_reviewed_labels.csv
HPC 0120-3.npz,data/raw/hpc/HPC 0120-3.npz,62,3016,0120-3-CA1001,0120-3-CA1001,-0.008747964396138624,3.4140178387871134,-0.05136052630182877,3.4140178387871134,sustained_response,,hpc_random_forest_all_classes_round8,review_rounds/hpc_random_forest_all_classes_round8_reviewed_labels.csv
HPC 0120-3.npz,data/raw/hpc/HPC 0120-3.npz,71,3607,0120-3-CA1001,0120-3-CA1001,0.028428036003036113,0.013056732568699183,-0.9430107083814813,0.9430107083814813,inhibition,,hpc_random_forest_all_classes_round8,review_rounds/hpc_random_forest_all_classes_round8_reviewed_labels.csv
HPC 0120-3.npz,data/raw/hpc/HPC 0120-3.npz,74,3877,0120-3-CA1001,0120-3-CA1001,0.2045557366780703,4.077926230091688,-0.9166967101249577,4.077926230091688,weak_first_peak,,hpc_doublecheck_round7,review_rounds/hpc_doublecheck_round7_reviewed_labels.csv
HPC 0120-3.npz,data/raw/hpc/HPC 0120-3.npz,77,4161,0120-3-CA1001,0120-3-CA1001,0.01853859662453469,0.019435187892071455,-0.9579973782257821,0.9579973782257821,inhibition,,hpc_random_forest_all_classes_round8,review_rounds/hpc_random_forest_all_classes_round8_reviewed_labels.csv
HPC 0120-3.npz,data/raw/hpc/HPC 0120-3.npz,82,4375,0120-3-CA1001,0120-3-CA1001,-0.013351858257809003,0.07923631153328584,-0.32126580830873674,0.32126580830873674,inhibition,,hpc_doublecheck_round7,review_rounds/hpc_doublecheck_round7_reviewed_labels.csv
HPC 0120-3.npz,data/raw/hpc/HPC 0120-3.npz,95,5279,0120-3-CA1001,0120-3-CA1001,-0.031019409531333603,0.049114561854746885,-0.8213803385858724,0.8213803385858724,inhibition,,hpc_random_forest_all_classes_round8,review_rounds/hpc_random_forest_all_classes_round8_reviewed_labels.csv
HPC 0120-3.npz,data/raw/hpc/HPC 0120-3.npz,101,5783,0120-3-CA1001,0120-3-CA1001,1.1877271108564023,0.20590723347830764,-1.4657979091980562,1.4657979091980562,inhibition,,hpc_doublecheck_round7,review_rounds/hpc_doublecheck_round7_reviewed_labels.csv
HPC 0120-3.npz,data/raw/hpc/HPC 0120-3.npz,107,6136,0120-3-CA1001,0120-3-CA1001,0.021546574884860427,0.015367114230766067,-0.9352428143626444,0.9352428143626444,inhibition,,hpc_random_forest_all_classes_round8,review_rounds/hpc_random_forest_all_classes_round8_reviewed_labels.csv
HPC 0120-3.npz,data/raw/hpc/HPC 0120-3.npz,118,910,0120-3-CA1,0120-3-CA1,-0.006784109115217481,0.5646708100711166,-0.5361894981999407,0.5646708100711166,strong_first_peak,,hpc_random_forest_all_classes_round8,review_rounds/hpc_random_forest_all_classes_round8_reviewed_labels.csv
HPC 0120-3.npz,data/raw/hpc/HPC 0120-3.npz,122,1080,0120-3-CA1,0120-3-CA1,-0.02778976632238472,0.22433067201971124,-0.5669016997769669,0.5669016997769669,weak_first_peak,,hpc_random_forest_all_classes_round8,review_rounds/hpc_random_forest_all_classes_round8_reviewed_labels.csv
HPC 0120-3.npz,data/raw/hpc/HPC 0120-3.npz,131,1577,0120-3-CA1,0120-3-CA1,-0.03011449714473415,3.2775107836710684,-0.04952260007473146,3.2775107836710684,sustained_response,,hpc_doublecheck_round7,review_rounds/hpc_doublecheck_round7_reviewed_labels.csv
HPC 0120-3.npz,data/raw/hpc/HPC 0120-3.npz,135,1737,0120-3-CA1,0120-3-CA1,0.015102804202258823,0.22407197248165345,-0.04454278222631233,0.22407197248165345,no_response,,hpc_random_forest_all_classes_round8,review_rounds/hpc_random_forest_all_classes_round8_reviewed_labels.csv
HPC 0120-3.npz,data/raw/hpc/HPC 0120-3.npz,174,4139,0120-3-CA1,0120-3-CA1,0.8300015961039463,20.81991396463371,-0.7481963154282716,20.81991396463371,strong_first_peak,,hpc_doublecheck_round7,review_rounds/hpc_doublecheck_round7_reviewed_labels.csv
HPC 0120-3.npz,data/raw/hpc/HPC 0120-3.npz,193,5026,0120-3-CA1,0120-3-CA1,-0.029710323439256787,0.23490064909419553,-0.051608440426614784,0.23490064909419553,no_response,,hpc_random_forest_all_classes_round8,review_rounds/hpc_random_forest_all_classes_round8_reviewed_labels.csv
HPC 0120-3.npz,data/raw/hpc/HPC 0120-3.npz,195,5123,0120-3-CA1,0120-3-CA1,0.015874450928876113,0.3099920735460801,-0.10065243372791591,0.3099920735460801,second_peak,,hpc_random_forest_all_classes_round8,review_rounds/hpc_random_forest_all_classes_round8_reviewed_labels.csv
HPC 0120-3.npz,data/raw/hpc/HPC 0120-3.npz,209,6208,0120-3-CA1,0120-3-CA1,-0.052669914028197394,0.38288240021780784,-0.017110868581133788,0.38288240021780784,no_response,,hpc_random_forest_targeted_wds_round9,review_rounds/hpc_random_forest_targeted_wds_round9_reviewed_labels.csv
HPC 0120-5.npz,data/raw/hpc/HPC 0120-5.npz,2,203,0120-5-CA1000,0120-5-CA1000,-0.046447503430961615,0.7317960465446983,-0.05416828984291036,0.7317960465446983,second_peak,,hpc_random_forest_all_classes_round8,review_rounds/hpc_random_forest_all_classes_round8_reviewed_labels.csv
HPC 0120-5.npz,data/raw/hpc/HPC 0120-5.npz,38,2030,0120-5-CA1000,0120-5-CA1000,-0.0035596620159058807,0.7698185817237118,-0.020673164383994302,0.7698185817237118,complex,,hpc_random_forest_all_classes_round8,review_rounds/hpc_random_forest_all_classes_round8_reviewed_labels.csv
HPC 0120-5.npz,data/raw/hpc/HPC 0120-5.npz,69,3208,0120-5-CA1000,0120-5-CA1000,0.02939089289199591,0.060435143028337454,-0.838463146232299,0.838463146232299,inhibition,,hpc_random_forest_all_classes_round8,review_rounds/hpc_random_forest_all_classes_round8_reviewed_labels.csv
HPC 0120-5.npz,data/raw/hpc/HPC 0120-5.npz,71,3415,0120-5-CA1000,0120-5-CA1000,0.10120329756377938,0.4545022882781376,-0.09263461476131175,0.4545022882781376,sustained_response,,hpc_doublecheck_round7,review_rounds/hpc_doublecheck_round7_reviewed_labels.csv
HPC 0120-5.npz,data/raw/hpc/HPC 0120-5.npz,74,3524,0120-5-CA1000,0120-5-CA1000,-0.03416773873014654,0.47368271607623286,-0.011278134270331072,0.47368271607623286,sustained_response,,hpc_doublecheck_round7,review_rounds/hpc_doublecheck_round7_reviewed_labels.csv
HPC 0120-5.npz,data/raw/hpc/HPC 0120-5.npz,111,1178,0120-5-CA1001,0120-5-CA1001,0.024332929693393388,0.4480178269990529,-0.08151325705101647,0.4480178269990529,complex,,hpc_doublecheck_round7,review_rounds/hpc_doublecheck_round7_reviewed_labels.csv
HPC 0120-5.npz,data/raw/hpc/HPC 0120-5.npz,115,1263,0120-5-CA1001,0120-5-CA1001,-0.011643756290535085,0.13335694569856987,-0.20689194696964572,0.20689194696964572,no_response,,hpc_doublecheck_round7,review_rounds/hpc_doublecheck_round7_reviewed_labels.csv
HPC 0120-5.npz,data/raw/hpc/HPC 0120-5.npz,124,1637,0120-5-CA1001,0120-5-CA1001,0.04039621835807822,0.044809490135665056,-0.20453307181977085,0.20453307181977085,no_response,,hpc_doublecheck_round7,review_rounds/hpc_doublecheck_round7_reviewed_labels.csv
HPC 0120-5.npz,data/raw/hpc/HPC 0120-5.npz,131,1922,0120-5-CA1001,0120-5-CA1001,0.059246575786234934,0.052662306835824554,-0.21961952758236733,0.21961952758236733,inhibition,,hpc_doublecheck_round7,review_rounds/hpc_doublecheck_round7_reviewed_labels.csv
HPC 0120-5.npz,data/raw/hpc/HPC 0120-5.npz,150,2960,0120-5-CA1001,0120-5-CA1001,0.003283064763060251,0.26988756694175386,-0.07735425814800856,0.26988756694175386,no_response,,hpc_doublecheck_round7,review_rounds/hpc_doublecheck_round7_reviewed_labels.csv
HPC 0120-5.npz,data/raw/hpc/HPC 0120-5.npz,158,3364,0120-5-CA1001,0120-5-CA1001,-0.03785512569158859,0.5276889641781374,-0.0299999623772998,0.5276889641781374,weak_first_peak,,hpc_random_forest_all_classes_round8,review_rounds/hpc_random_forest_all_classes_round8_reviewed_labels.csv
HPC 0120-5.npz,data/raw/hpc/HPC 0120-5.npz,168,3655,0120-5-CA1001,0120-5-CA1001,0.03136164826943025,0.3409429211067634,-0.07035484684620101,0.3409429211067634,sustained_response,,hpc_doublecheck_round7,review_rounds/hpc_doublecheck_round7_reviewed_labels.csv
HPC 0120-5.npz,data/raw/hpc/HPC 0120-5.npz,181,4499,0120-5-CA1001,0120-5-CA1001,0.0027809345262510164,1.4451419994057153,-0.05551377586070439,1.4451419994057153,sustained_response,,hpc_random_forest_targeted_wds_round9,review_rounds/hpc_random_forest_targeted_wds_round9_reviewed_labels.csv
HPC 0120-5.npz,data/raw/hpc/HPC 0120-5.npz,196,4955,0120-5-CA1001,0120-5-CA1001,0.0009650581103574043,0.15386087476675192,-0.22429617329871304,0.22429617329871304,no_response,,hpc_doublecheck_round7,review_rounds/hpc_doublecheck_round7_reviewed_labels.csv
HPC 0120-5.npz,data/raw/hpc/HPC 0120-5.npz,217,600,0120-5-CA1002,0120-5-CA1002,-0.010218039969512779,0.31926975677612185,-0.052090314575958245,0.31926975677612185,second_peak,,hpc_random_forest_all_classes_round8,review_rounds/hpc_random_forest_all_classes_round8_reviewed_labels.csv
HPC 0120-5.npz,data/raw/hpc/HPC 0120-5.npz,232,1465,0120-5-CA1002,0120-5-CA1002,0.0006494029624480695,0.4393194915769398,-0.26527359465098044,0.4393194915769398,weak_first_peak,,hpc_random_forest_targeted_wds_round9,review_rounds/hpc_random_forest_targeted_wds_round9_reviewed_labels.csv
HPC 0120-5.npz,data/raw/hpc/HPC 0120-5.npz,236,1597,0120-5-CA1002,0120-5-CA1002,-0.03184714104514593,0.553025023370837,-0.03076760787377108,0.553025023370837,strong_first_peak,,hpc_random_forest_all_classes_round8,review_rounds/hpc_random_forest_all_classes_round8_reviewed_labels.csv
HPC 0120-5.npz,data/raw/hpc/HPC 0120-5.npz,237,1659,0120-5-CA1002,0120-5-CA1002,0.11268670654045931,0.6117631635539207,-0.5008855094768465,0.6117631635539207,complex,,hpc_doublecheck_round7,review_rounds/hpc_doublecheck_round7_reviewed_labels.csv
HPC 0120-5.npz,data/raw/hpc/HPC 0120-5.npz,253,2272,0120-5-CA1002,0120-5-CA1002,-0.00918805671431867,0.16508975402800966,-0.35903047123551834,0.35903047123551834,no_response,,hpc_doublecheck_round7,review_rounds/hpc_doublecheck_round7_reviewed_labels.csv
HPC 0120-5.npz,data/raw/hpc/HPC 0120-5.npz,268,3044,0120-5-CA1002,0120-5-CA1002,0.019080040435721368,0.015056989380819445,-0.9536462557847576,0.9536462557847576,inhibition,,hpc_random_forest_all_classes_round8,review_rounds/hpc_random_forest_all_classes_round8_reviewed_labels.csv
HPC 0120-5.npz,data/raw/hpc/HPC 0120-5.npz,293,3813,0120-5-CA1002,0120-5-CA1002,-0.01633195653927171,0.49110582775093287,-0.17369462095722737,0.49110582775093287,no_response,,hpc_doublecheck_round7,review_rounds/hpc_doublecheck_round7_reviewed_labels.csv
HPC 0120-5.npz,data/raw/hpc/HPC 0120-5.npz,296,3885,0120-5-CA1002,0120-5-CA1002,0.05867677487829513,0.40435668627749916,-0.3959427719444419,0.40435668627749916,weak_first_peak,,hpc_doublecheck_round7,review_rounds/hpc_doublecheck_round7_reviewed_labels.csv
HPC 0120-5.npz,data/raw/hpc/HPC 0120-5.npz,298,3925,0120-5-CA1002,0120-5-CA1002,0.013990162813865255,0.011143717713976242,-0.8760170009856786,0.8760170009856786,inhibition,,hpc_random_forest_all_classes_round8,review_rounds/hpc_random_forest_all_classes_round8_reviewed_labels.csv
HPC 0120-5.npz,data/raw/hpc/HPC 0120-5.npz,299,3938,0120-5-CA1002,0120-5-CA1002,0.004369403188646556,0.18111505573067063,-0.653651996355991,0.653651996355991,weak_first_peak,,hpc_random_forest_targeted_wds_round9,review_rounds/hpc_random_forest_targeted_wds_round9_reviewed_labels.csv
HPC 0120-5.npz,data/raw/hpc/HPC 0120-5.npz,300,3940,0120-5-CA1002,0120-5-CA1002,0.021390458481282577,4.230147520025593,-0.07331645793725389,4.230147520025593,sustained_response,,hpc_doublecheck_round7,review_rounds/hpc_doublecheck_round7_reviewed_labels.csv
HPC 0120-5.npz,data/raw/hpc/HPC 0120-5.npz,319,564,0120-5-CA1003,0120-5-CA1003,0.054895549827992066,0.6437675403759071,-0.18076993197190594,0.6437675403759071,weak_first_peak,,hpc_doublecheck_round7,review_rounds/hpc_doublecheck_round7_reviewed_labels.csv
HPC 0120-5.npz,data/raw/hpc/HPC 0120-5.npz,322,644,0120-5-CA1003,0120-5-CA1003,-0.02840935823208223,0.357261782517696,-0.38595521222465573,0.38595521222465573,strong_first_peak,,hpc_doublecheck_round7,review_rounds/hpc_doublecheck_round7_reviewed_labels.csv
HPC 0120-5.npz,data/raw/hpc/HPC 0120-5.npz,325,761,0120-5-CA1003,0120-5-CA1003,-0.04212302402614562,0.21905838156487697,-0.05130505571336347,0.21905838156487697,no_response,,hpc_random_forest_all_classes_round8,review_rounds/hpc_random_forest_all_classes_round8_reviewed_labels.csv
HPC 0120-5.npz,data/raw/hpc/HPC 0120-5.npz,329,960,0120-5-CA1003,0120-5-CA1003,0.001985506573859817,1.1992799366438798,-0.10663555631758742,1.1992799366438798,strong_first_peak,,hpc_doublecheck_round7,review_rounds/hpc_doublecheck_round7_reviewed_labels.csv
HPC 0120-5.npz,data/raw/hpc/HPC 0120-5.npz,334,1230,0120-5-CA1003,0120-5-CA1003,-0.009333055432465528,0.6832896008812227,-0.04423628819536737,0.6832896008812227,strong_first_peak,,hpc_random_forest_all_classes_round8,review_rounds/hpc_random_forest_all_classes_round8_reviewed_labels.csv
HPC 0120-5.npz,data/raw/hpc/HPC 0120-5.npz,357,1740,0120-5-CA1003,0120-5-CA1003,-0.01282656234449757,0.339133080127031,-0.046211697614139555,0.339133080127031,no_response,,hpc_random_forest_targeted_wds_round9,review_rounds/hpc_random_forest_targeted_wds_round9_reviewed_labels.csv
HPC 0120-5.npz,data/raw/hpc/HPC 0120-5.npz,363,2099,0120-5-CA1003,0120-5-CA1003,-0.04898044862426992,0.2182078267825808,-0.033647781284383727,0.2182078267825808,no_response,,hpc_random_forest_all_classes_round8,review_rounds/hpc_random_forest_all_classes_round8_reviewed_labels.csv
HPC 0120-5.npz,data/raw/hpc/HPC 0120-5.npz,371,2435,0120-5-CA1003,0120-5-CA1003,0.011856717053609711,0.5079117518915476,-0.043874212860974905,0.5079117518915476,dual_peak,,hpc_random_forest_targeted_wds_round9,review_rounds/hpc_random_forest_targeted_wds_round9_reviewed_labels.csv
HPC 0120-5.npz,data/raw/hpc/HPC 0120-5.npz,394,3851,0120-5-CA1003,0120-5-CA1003,-0.021907112903825104,0.2699645992219649,-0.48364816074649797,0.48364816074649797,weak_first_peak,,hpc_doublecheck_round7,review_rounds/hpc_doublecheck_round7_reviewed_labels.csv
HPC 0120-5.npz,data/raw/hpc/HPC 0120-5.npz,422,340,0120-5-CA1004,0120-5-CA1004,-0.003180710949034849,0.43363413286869656,-0.08089207986755284,0.43363413286869656,second_peak,,hpc_doublecheck_round7,review_rounds/hpc_doublecheck_round7_reviewed_labels.csv
HPC 0120-5.npz,data/raw/hpc/HPC 0120-5.npz,424,354,0120-5-CA1004,0120-5-CA1004,0.00464788785030519,0.34230955829706394,-0.03022187209094637,0.34230955829706394,sustained_response,,hpc_doublecheck_round7,review_rounds/hpc_doublecheck_round7_reviewed_labels.csv
HPC 0120-5.npz,data/raw/hpc/HPC 0120-5.npz,431,656,0120-5-CA1004,0120-5-CA1004,0.02620788626410122,0.43306414442118435,-0.2720036373232553,0.43306414442118435,second_peak,,hpc_random_forest_all_classes_round8,review_rounds/hpc_random_forest_all_classes_round8_reviewed_labels.csv
HPC 0120-5.npz,data/raw/hpc/HPC 0120-5.npz,437,836,0120-5-CA1004,0120-5-CA1004,0.07158245750999352,0.25082806559240656,-0.05230154704593523,0.25082806559240656,no_response,,hpc_doublecheck_round7,review_rounds/hpc_doublecheck_round7_reviewed_labels.csv
HPC 0120-5.npz,data/raw/hpc/HPC 0120-5.npz,447,1224,0120-5-CA1004,0120-5-CA1004,0.23320923829216608,11.099987102186786,-0.907072926823863,11.099987102186786,strong_first_peak,,hpc_doublecheck_round7,review_rounds/hpc_doublecheck_round7_reviewed_labels.csv
HPC 0120-5.npz,data/raw/hpc/HPC 0120-5.npz,468,1940,0120-5-CA1004,0120-5-CA1004,-0.07055937571757663,0.34424633984407,-0.06344133330002429,0.34424633984407,no_response,,hpc_random_forest_targeted_wds_round9,review_rounds/hpc_random_forest_targeted_wds_round9_reviewed_labels.csv
HPC 0120-5.npz,data/raw/hpc/HPC 0120-5.npz,510,3545,0120-5-CA1004,0120-5-CA1004,-0.025757796780431608,2.759135029689599,-0.07165861004896071,2.759135029689599,second_peak,,hpc_doublecheck_round7,review_rounds/hpc_doublecheck_round7_reviewed_labels.csv
HPC 0120-5.npz,data/raw/hpc/HPC 0120-5.npz,525,4077,0120-5-CA1004,0120-5-CA1004,-0.005820587422189265,0.12657292631504705,-0.4823327668347089,0.4823327668347089,weak_first_peak,,hpc_doublecheck_round7,review_rounds/hpc_doublecheck_round7_reviewed_labels.csv
HPC 0120-5.npz,data/raw/hpc/HPC 0120-5.npz,533,4444,0120-5-CA1004,0120-5-CA1004,0.020498856965841073,0.20474339866539182,-0.04028419124768933,0.20474339866539182,strong_first_peak,,hpc_doublecheck_round7,review_rounds/hpc_doublecheck_round7_reviewed_labels.csv
HPC 0120-5.npz,data/raw/hpc/HPC 0120-5.npz,542,5,0120-5-CA1005,0120-5-CA1005,-0.03452241389405855,0.32431011556297407,-0.04021133153655748,0.32431011556297407,complex,,hpc_random_forest_all_classes_round8,review_rounds/hpc_random_forest_all_classes_round8_reviewed_labels.csv
HPC 0120-5.npz,data/raw/hpc/HPC 0120-5.npz,553,104,0120-5-CA1005,0120-5-CA1005,-0.025235490990532922,0.2699608758185028,-0.43068996913440777,0.43068996913440777,weak_first_peak,,hpc_doublecheck_round7,review_rounds/hpc_doublecheck_round7_reviewed_labels.csv
HPC 0120-5.npz,data/raw/hpc/HPC 0120-5.npz,573,457,0120-5-CA1005,0120-5-CA1005,-0.03311282036094007,0.5694811501895597,-0.021192490337673307,0.5694811501895597,sustained_response,,hpc_doublecheck_round7,review_rounds/hpc_doublecheck_round7_reviewed_labels.csv
HPC 0120-5.npz,data/raw/hpc/HPC 0120-5.npz,588,664,0120-5-CA1005,0120-5-CA1005,0.032946780729158104,0.05554714896146168,-0.9385530940593387,0.9385530940593387,inhibition,,hpc_doublecheck_round7,review_rounds/hpc_doublecheck_round7_reviewed_labels.csv
HPC 0120-5.npz,data/raw/hpc/HPC 0120-5.npz,650,2496,0120-5-CA1005,0120-5-CA1005,-0.007056037997044381,0.033183465605311165,-0.7012057710842305,0.7012057710842305,inhibition,,hpc_doublecheck_round7,review_rounds/hpc_doublecheck_round7_reviewed_labels.csv
HPC 0120-5.npz,data/raw/hpc/HPC 0120-5.npz,663,2906,0120-5-CA1005,0120-5-CA1005,-0.02481866272536955,2.2735189091342267,-0.08017188664030575,2.2735189091342267,second_peak,,hpc_random_forest_all_classes_round8,review_rounds/hpc_random_forest_all_classes_round8_reviewed_labels.csv
HPC 0120-5.npz,data/raw/hpc/HPC 0120-5.npz,680,3289,0120-5-CA1005,0120-5-CA1005,0.024284950885851295,0.3385293143574608,-0.06470870233848686,0.3385293143574608,sustained_response,,hpc_doublecheck_round7,review_rounds/hpc_doublecheck_round7_reviewed_labels.csv
HPC 0120-5.npz,data/raw/hpc/HPC 0120-5.npz,697,3926,0120-5-CA1005,0120-5-CA1005,0.0030230216221657663,0.23765498710523014,-0.09150640542870324,0.23765498710523014,no_response,,hpc_random_forest_targeted_wds_round9,review_rounds/hpc_random_forest_targeted_wds_round9_reviewed_labels.csv
HPC 0120-5.npz,data/raw/hpc/HPC 0120-5.npz,703,4088,0120-5-CA1005,0120-5-CA1005,0.014120604465697172,0.22841664450165605,-0.051351967961055234,0.22841664450165605,complex,,hpc_random_forest_targeted_wds_round9,review_rounds/hpc_random_forest_targeted_wds_round9_reviewed_labels.csv
HPC 0120-5.npz,data/raw/hpc/HPC 0120-5.npz,705,4161,0120-5-CA1005,0120-5-CA1005,0.024380800490416247,0.3426465134941148,-0.14558279712848982,0.3426465134941148,second_peak,,hpc_random_forest_all_classes_round8,review_rounds/hpc_random_forest_all_classes_round8_reviewed_labels.csv
HPC 0120-5.npz,data/raw/hpc/HPC 0120-5.npz,707,4205,0120-5-CA1005,0120-5-CA1005,-0.03291533853552306,0.24166863805993538,-0.068103459699766,0.24166863805993538,no_response,,hpc_doublecheck_round7,review_rounds/hpc_doublecheck_round7_reviewed_labels.csv
HPC 0120-5.npz,data/raw/hpc/HPC 0120-5.npz,712,4275,0120-5-CA1005,0120-5-CA1005,-0.05339289636122279,4.929655034021393,-0.05968426402096475,4.929655034021393,sustained_response,,hpc_doublecheck_round7,review_rounds/hpc_doublecheck_round7_reviewed_labels.csv
HPC 0120-5.npz,data/raw/hpc/HPC 0120-5.npz,716,4515,0120-5-CA1005,0120-5-CA1005,-0.03719477158628261,4.520287034640943,-0.034553506112844454,4.520287034640943,second_peak,,hpc_doublecheck_round7,review_rounds/hpc_doublecheck_round7_reviewed_labels.csv
HPC 0120-5.npz,data/raw/hpc/HPC 0120-5.npz,745,126,0120-5-CA1006,0120-5-CA1006,0.03567408639363956,0.7528745083066667,-0.11533570857169496,0.7528745083066667,complex,,hpc_doublecheck_round7,review_rounds/hpc_doublecheck_round7_reviewed_labels.csv
HPC 0120-5.npz,data/raw/hpc/HPC 0120-5.npz,756,385,0120-5-CA1006,0120-5-CA1006,-0.01565465844665856,4.3833843475035765,-0.27522258770028807,4.3833843475035765,sustained_response,,hpc_doublecheck_round7,review_rounds/hpc_doublecheck_round7_reviewed_labels.csv
HPC 0120-5.npz,data/raw/hpc/HPC 0120-5.npz,765,700,0120-5-CA1006,0120-5-CA1006,-0.0018175701592242645,0.07785965529352495,-0.20633854755569295,0.20633854755569295,no_response,,hpc_doublecheck_round7,review_rounds/hpc_doublecheck_round7_reviewed_labels.csv
HPC 0120-5.npz,data/raw/hpc/HPC 0120-5.npz,766,708,0120-5-CA1006,0120-5-CA1006,0.007490981698115122,0.5959839499310172,-0.595752554289357,0.5959839499310172,second_peak,,hpc_doublecheck_round7,review_rounds/hpc_doublecheck_round7_reviewed_labels.csv
HPC 0120-5.npz,data/raw/hpc/HPC 0120-5.npz,768,909,0120-5-CA1006,0120-5-CA1006,-0.023543060678723287,0.23279545483253802,-0.472666848509024,0.472666848509024,strong_first_peak,,hpc_doublecheck_round7,review_rounds/hpc_doublecheck_round7_reviewed_labels.csv
HPC 0120-5.npz,data/raw/hpc/HPC 0120-5.npz,772,1059,0120-5-CA1006,0120-5-CA1006,0.04631218693411375,0.4062839570050218,-0.04197413344490011,0.4062839570050218,second_peak,,hpc_random_forest_all_classes_round8,review_rounds/hpc_random_forest_all_classes_round8_reviewed_labels.csv
HPC 0120-5.npz,data/raw/hpc/HPC 0120-5.npz,798,2019,0120-5-CA1006,0120-5-CA1006,-0.030099545265609887,0.11306824460681694,-0.4592357862277301,0.4592357862277301,no_response,,hpc_doublecheck_round7,review_rounds/hpc_doublecheck_round7_reviewed_labels.csv
HPC 0120-5.npz,data/raw/hpc/HPC 0120-5.npz,804,2182,0120-5-CA1006,0120-5-CA1006,-0.025556982587866886,1.009213575554427,-0.04336668812594707,1.009213575554427,sustained_response,,hpc_doublecheck_round7,review_rounds/hpc_doublecheck_round7_reviewed_labels.csv
HPC 0120-5.npz,data/raw/hpc/HPC 0120-5.npz,832,3156,0120-5-CA1006,0120-5-CA1006,-0.027572863104713134,0.5827162465001989,-0.031883747413170876,0.5827162465001989,complex,,hpc_doublecheck_round7,review_rounds/hpc_doublecheck_round7_reviewed_labels.csv
HPC 0120-5.npz,data/raw/hpc/HPC 0120-5.npz,835,3252,0120-5-CA1006,0120-5-CA1006,-0.036214318434395036,1.034918934938283,-0.28059087616314954,1.034918934938283,sustained_response,,hpc_doublecheck_round7,review_rounds/hpc_doublecheck_round7_reviewed_labels.csv
HPC 0120-5.npz,data/raw/hpc/HPC 0120-5.npz,836,3258,0120-5-CA1006,0120-5-CA1006,-0.020203503754905445,0.20136453409744992,-0.010748872794865208,0.20136453409744992,no_response,,hpc_random_forest_all_classes_round8,review_rounds/hpc_random_forest_all_classes_round8_reviewed_labels.csv
HPC 0120-5.npz,data/raw/hpc/HPC 0120-5.npz,853,3548,0120-5-CA1006,0120-5-CA1006,0.06337417015569188,0.31774799807336773,-0.08691646291171368,0.31774799807336773,no_response,,hpc_random_forest_targeted_wds_round9,review_rounds/hpc_random_forest_targeted_wds_round9_reviewed_labels.csv
HPC 0120-5.npz,data/raw/hpc/HPC 0120-5.npz,864,3951,0120-5-CA1006,0120-5-CA1006,-0.015871296991809454,0.16847486719682386,-0.523608041246955,0.523608041246955,weak_first_peak,,hpc_doublecheck_round7,review_rounds/hpc_doublecheck_round7_reviewed_labels.csv
HPC 0120-5.npz,data/raw/hpc/HPC 0120-5.npz,884,139,0120-5-CA1,0120-5-CA1,-0.03342555221193198,1.0767821463374545,-0.18239353798195518,1.0767821463374545,sustained_response,,hpc_doublecheck_round7,review_rounds/hpc_doublecheck_round7_reviewed_labels.csv
HPC 0120-5.npz,data/raw/hpc/HPC 0120-5.npz,905,1411,0120-5-CA1,0120-5-CA1,-0.014437970954868425,0.32631803510664453,-0.07803507280780818,0.32631803510664453,no_response,,hpc_doublecheck_round7,review_rounds/hpc_doublecheck_round7_reviewed_labels.csv
HPC 0120-5.npz,data/raw/hpc/HPC 0120-5.npz,910,1631,0120-5-CA1,0120-5-CA1,-0.054851868949657295,0.2645773483544096,-0.4095719116975607,0.4095719116975607,weak_first_peak,,hpc_random_forest_targeted_wds_round9,review_rounds/hpc_random_forest_targeted_wds_round9_reviewed_labels.csv
HPC 0120-5.npz,data/raw/hpc/HPC 0120-5.npz,919,1936,0120-5-CA1,0120-5-CA1,0.20767404440768603,26.76605887245219,-0.24303378910148715,26.76605887245219,sustained_response,,hpc_doublecheck_round7,review_rounds/hpc_doublecheck_round7_reviewed_labels.csv
HPC 0120-5.npz,data/raw/hpc/HPC 0120-5.npz,921,2044,0120-5-CA1,0120-5-CA1,0.057825802765288405,1.5529341764969034,-0.12923054756691185,1.5529341764969034,sustained_response,,hpc_random_forest_targeted_wds_round9,review_rounds/hpc_random_forest_targeted_wds_round9_reviewed_labels.csv
HPC 0203-2.npz,data/raw/hpc/HPC 0203-2.npz,2,77,0203-2-A5-40X001,0203-2-A5-40X001,-0.009537985493724671,0.26923699908645005,-0.011160205374946434,0.26923699908645005,sustained_response,,hpc_doublecheck_round7,review_rounds/hpc_doublecheck_round7_reviewed_labels.csv
HPC 0203-2.npz,data/raw/hpc/HPC 0203-2.npz,4,155,0203-2-A5-40X001,0203-2-A5-40X001,0.11438396333122292,0.021677803645601568,-0.36992883214505,0.36992883214505,inhibition,,hpc_doublecheck_round7,review_rounds/hpc_doublecheck_round7_reviewed_labels.csv
HPC 0203-2.npz,data/raw/hpc/HPC 0203-2.npz,33,1021,0203-2-A5-40X001,0203-2-A5-40X001,-0.004153009735961268,0.14017890134001934,-0.2815397442524948,0.2815397442524948,inhibition,,hpc_doublecheck_round7,review_rounds/hpc_doublecheck_round7_reviewed_labels.csv
HPC 0203-2.npz,data/raw/hpc/HPC 0203-2.npz,38,1425,0203-2-A5-40X001,0203-2-A5-40X001,-0.00036414899793883905,23.64800714247864,-0.06240127246622293,23.64800714247864,sustained_response,,hpc_doublecheck_round7,review_rounds/hpc_doublecheck_round7_reviewed_labels.csv
HPC 0203-2.npz,data/raw/hpc/HPC 0203-2.npz,43,1680,0203-2-A5-40X001,0203-2-A5-40X001,0.007284951657540307,1.374809364237414,-0.25787138195775394,1.374809364237414,strong_first_peak,,hpc_doublecheck_round7,review_rounds/hpc_doublecheck_round7_reviewed_labels.csv
HPC 0203-2.npz,data/raw/hpc/HPC 0203-2.npz,50,1988,0203-2-A5-40X001,0203-2-A5-40X001,-0.02273031094671554,0.26092881422212155,-0.5553214420568766,0.5553214420568766,weak_first_peak,,hpc_doublecheck_round7,review_rounds/hpc_doublecheck_round7_reviewed_labels.csv
HPC 0203-2.npz,data/raw/hpc/HPC 0203-2.npz,62,2579,0203-2-A5-40X001,0203-2-A5-40X001,0.030694905382371924,0.2332234274673586,-0.09309537705289338,0.2332234274673586,sustained_response,,hpc_doublecheck_round7,review_rounds/hpc_doublecheck_round7_reviewed_labels.csv
HPC 0203-2.npz,data/raw/hpc/HPC 0203-2.npz,64,2604,0203-2-A5-40X001,0203-2-A5-40X001,-0.01850928999781153,0.3932976119355439,-0.4969111852765752,0.4969111852765752,weak_first_peak,,hpc_doublecheck_round7,review_rounds/hpc_doublecheck_round7_reviewed_labels.csv
HPC 0203-2.npz,data/raw/hpc/HPC 0203-2.npz,90,3613,0203-2-A5-40X001,0203-2-A5-40X001,-0.0021015309227760174,0.023479582445631295,-0.9091667500560542,0.9091667500560542,inhibition,,hpc_random_forest_all_classes_round8,review_rounds/hpc_random_forest_all_classes_round8_reviewed_labels.csv
HPC 0203-2.npz,data/raw/hpc/HPC 0203-2.npz,114,4760,0203-2-A5-40X001,0203-2-A5-40X001,0.011124953940012325,0.21126511863859215,-0.18294362458568575,0.21126511863859215,no_response,,hpc_doublecheck_round7,review_rounds/hpc_doublecheck_round7_reviewed_labels.csv
HPC 0203-2.npz,data/raw/hpc/HPC 0203-2.npz,131,477,0203-2-A5-40X002,0203-2-A5-40X002,0.03503051402713983,0.4537237512332343,-0.11167818797413206,0.4537237512332343,sustained_response,,hpc_doublecheck_round7,review_rounds/hpc_doublecheck_round7_reviewed_labels.csv
HPC 0203-2.npz,data/raw/hpc/HPC 0203-2.npz,148,1112,0203-2-A5-40X002,0203-2-A5-40X002,-0.011933245995437405,1.4629126192887743,-0.23257813404149166,1.4629126192887743,strong_first_peak,,hpc_doublecheck_round7,review_rounds/hpc_doublecheck_round7_reviewed_labels.csv
HPC 0203-2.npz,data/raw/hpc/HPC 0203-2.npz,149,1115,0203-2-A5-40X002,0203-2-A5-40X002,-0.017711709539850747,3.6079192861989697,-0.08657772634045444,3.6079192861989697,complex,,hpc_doublecheck_round7,review_rounds/hpc_doublecheck_round7_reviewed_labels.csv
HPC 0203-2.npz,data/raw/hpc/HPC 0203-2.npz,164,1468,0203-2-A5-40X002,0203-2-A5-40X002,-0.00480929072985787,0.2707798171084284,-0.03473860754057595,0.2707798171084284,no_response,,hpc_random_forest_targeted_wds_round9,review_rounds/hpc_random_forest_targeted_wds_round9_reviewed_labels.csv
HPC 0203-2.npz,data/raw/hpc/HPC 0203-2.npz,170,1659,0203-2-A5-40X002,0203-2-A5-40X002,0.0332719244967092,0.8107037787854899,-0.10390179919503575,0.8107037787854899,complex,,hpc_doublecheck_round7,review_rounds/hpc_doublecheck_round7_reviewed_labels.csv
HPC 0203-2.npz,data/raw/hpc/HPC 0203-2.npz,171,1680,0203-2-A5-40X002,0203-2-A5-40X002,-0.006879000252426592,0.7148195552175872,-0.524882473397422,0.7148195552175872,strong_first_peak,,hpc_random_forest_all_classes_round8,review_rounds/hpc_random_forest_all_classes_round8_reviewed_labels.csv
HPC 0203-2.npz,data/raw/hpc/HPC 0203-2.npz,179,1912,0203-2-A5-40X002,0203-2-A5-40X002,-0.010242125957734433,2.3400783646290373,-0.03163985591750611,2.3400783646290373,second_peak,,hpc_doublecheck_round7,review_rounds/hpc_doublecheck_round7_reviewed_labels.csv
HPC 0203-2.npz,data/raw/hpc/HPC 0203-2.npz,184,2067,0203-2-A5-40X002,0203-2-A5-40X002,0.026277749497443575,0.2545439999298428,-0.10856096057480655,0.2545439999298428,no_response,,hpc_doublecheck_round7,review_rounds/hpc_doublecheck_round7_reviewed_labels.csv
HPC 0203-2.npz,data/raw/hpc/HPC 0203-2.npz,192,2226,0203-2-A5-40X002,0203-2-A5-40X002,-0.054111336506563065,1.5045210476029645,-0.09187231490242397,1.5045210476029645,strong_first_peak,,hpc_doublecheck_round7,review_rounds/hpc_doublecheck_round7_reviewed_labels.csv
HPC 0203-2.npz,data/raw/hpc/HPC 0203-2.npz,194,2311,0203-2-A5-40X002,0203-2-A5-40X002,-0.02919681150163364,0.5629463585077998,-0.012957002758695706,0.5629463585077998,sustained_response,,hpc_doublecheck_round7,review_rounds/hpc_doublecheck_round7_reviewed_labels.csv
HPC 0203-2.npz,data/raw/hpc/HPC 0203-2.npz,219,3074,0203-2-A5-40X002,0203-2-A5-40X002,0.021886256012914006,0.23467409308510206,-0.04922166981346186,0.23467409308510206,sustained_response,,hpc_random_forest_all_classes_round8,review_rounds/hpc_random_forest_all_classes_round8_reviewed_labels.csv
HPC 0203-2.npz,data/raw/hpc/HPC 0203-2.npz,225,3215,0203-2-A5-40X002,0203-2-A5-40X002,-0.011208240967153773,0.32868130771314163,-0.017349005927542578,0.32868130771314163,no_response,,hpc_random_forest_targeted_wds_round9,review_rounds/hpc_random_forest_targeted_wds_round9_reviewed_labels.csv
HPC 0203-2.npz,data/raw/hpc/HPC 0203-2.npz,266,1716,0203-2-B2-40X001,0203-2-B2-40X001,0.09192104948785292,1.9212259730489942,-0.1818039988595982,1.9212259730489942,complex,,hpc_doublecheck_round7,review_rounds/hpc_doublecheck_round7_reviewed_labels.csv
HPC 0203-2.npz,data/raw/hpc/HPC 0203-2.npz,267,1765,0203-2-B2-40X001,0203-2-B2-40X001,-0.048716164258377034,0.1117235489190109,-0.8833213665034051,0.8833213665034051,inhibition,,hpc_doublecheck_round7,review_rounds/hpc_doublecheck_round7_reviewed_labels.csv
HPC 0203-2.npz,data/raw/hpc/HPC 0203-2.npz,301,2988,0203-2-B2-40X001,0203-2-B2-40X001,-0.07807347460829504,1.0030389530788508,-0.08795671168859438,1.0030389530788508,second_peak,,hpc_doublecheck_round7,review_rounds/hpc_doublecheck_round7_reviewed_labels.csv
HPC 0203-2.npz,data/raw/hpc/HPC 0203-2.npz,306,3372,0203-2-B2-40X001,0203-2-B2-40X001,0.008593608791858404,1.0446388025342412,-0.05463017877112991,1.0446388025342412,sustained_response,,hpc_doublecheck_round7,review_rounds/hpc_doublecheck_round7_reviewed_labels.csv
HPC 0203-2.npz,data/raw/hpc/HPC 0203-2.npz,308,3417,0203-2-B2-40X001,0203-2-B2-40X001,-0.022468761860429103,0.4574887664395213,-0.05971955705442353,0.4574887664395213,sustained_response,,hpc_doublecheck_round7,review_rounds/hpc_doublecheck_round7_reviewed_labels.csv
HPC 0203-2.npz,data/raw/hpc/HPC 0203-2.npz,330,3986,0203-2-B2-40X001,0203-2-B2-40X001,0.008907093765887877,0.32619747729499143,-0.06267982134116022,0.32619747729499143,dual_peak,,hpc_doublecheck_round7,review_rounds/hpc_doublecheck_round7_reviewed_labels.csv
HPC 0203-2.npz,data/raw/hpc/HPC 0203-2.npz,332,4049,0203-2-B2-40X001,0203-2-B2-40X001,-0.4094922604491781,2.1925759879730884,-0.04607787414528508,2.1925759879730884,strong_first_peak,,hpc_doublecheck_round7,review_rounds/hpc_doublecheck_round7_reviewed_labels.csv
HPC 0203-2.npz,data/raw/hpc/HPC 0203-2.npz,336,4181,0203-2-B2-40X001,0203-2-B2-40X001,-0.17245213050357128,0.06878579945503972,-0.6690989343763762,0.6690989343763762,inhibition,,hpc_random_forest_all_classes_round8,review_rounds/hpc_random_forest_all_classes_round8_reviewed_labels.csv
HPC 0203-2.npz,data/raw/hpc/HPC 0203-2.npz,344,4456,0203-2-B2-40X001,0203-2-B2-40X001,-0.0039382775240071315,2.19652752385849,-0.03208261291424113,2.19652752385849,sustained_response,,hpc_doublecheck_round7,review_rounds/hpc_doublecheck_round7_reviewed_labels.csv
HPC 0203-2.npz,data/raw/hpc/HPC 0203-2.npz,355,4959,0203-2-B2-40X001,0203-2-B2-40X001,-0.05378659824623495,0.49521819696061226,-0.011160570451412104,0.49521819696061226,dual_peak,,hpc_doublecheck_round7,review_rounds/hpc_doublecheck_round7_reviewed_labels.csv
HPC 0203-2.npz,data/raw/hpc/HPC 0203-2.npz,358,5193,0203-2-B2-40X001,0203-2-B2-40X001,-0.004323888249224544,0.32435788659599746,-0.04562103333282884,0.32435788659599746,sustained_response,,hpc_random_forest_targeted_wds_round9,review_rounds/hpc_random_forest_targeted_wds_round9_reviewed_labels.csv
HPC 0203-2.npz,data/raw/hpc/HPC 0203-2.npz,362,108,0203-2-B2-40X002,0203-2-B2-40X002,-0.04528560051401285,1.698487452874346,-0.2983581240678434,1.698487452874346,strong_first_peak,,hpc_doublecheck_round7,review_rounds/hpc_doublecheck_round7_reviewed_labels.csv
HPC 0203-2.npz,data/raw/hpc/HPC 0203-2.npz,375,417,0203-2-B2-40X002,0203-2-B2-40X002,0.6286075020539212,43.36801467691625,-0.2820516224570087,43.36801467691625,strong_first_peak,,hpc_doublecheck_round7,review_rounds/hpc_doublecheck_round7_reviewed_labels.csv
HPC 0203-2.npz,data/raw/hpc/HPC 0203-2.npz,395,1120,0203-2-B2-40X002,0203-2-B2-40X002,0.016415411656081697,0.6215414094998981,-0.0760871105234574,0.6215414094998981,second_peak,,hpc_doublecheck_round7,review_rounds/hpc_doublecheck_round7_reviewed_labels.csv
HPC 0203-2.npz,data/raw/hpc/HPC 0203-2.npz,396,1122,0203-2-B2-40X002,0203-2-B2-40X002,-0.04139642325243297,2.9778936088835364,-0.0790255923130824,2.9778936088835364,sustained_response,,hpc_doublecheck_round7,review_rounds/hpc_doublecheck_round7_reviewed_labels.csv
HPC 0203-2.npz,data/raw/hpc/HPC 0203-2.npz,412,1534,0203-2-B2-40X002,0203-2-B2-40X002,0.02203779286681566,0.2956513063170058,-0.08146086737479755,0.2956513063170058,sustained_response,,hpc_doublecheck_round7,review_rounds/hpc_doublecheck_round7_reviewed_labels.csv
HPC 0203-2.npz,data/raw/hpc/HPC 0203-2.npz,416,1705,0203-2-B2-40X002,0203-2-B2-40X002,-0.02990038084868064,2.314553118010112,-0.010037955010680801,2.314553118010112,sustained_response,,hpc_doublecheck_round7,review_rounds/hpc_doublecheck_round7_reviewed_labels.csv
HPC 0203-2.npz,data/raw/hpc/HPC 0203-2.npz,417,1741,0203-2-B2-40X002,0203-2-B2-40X002,0.006222131712511219,0.2622592605551217,-0.035799368869886536,0.2622592605551217,no_response,,hpc_random_forest_targeted_wds_round9,review_rounds/hpc_random_forest_targeted_wds_round9_reviewed_labels.csv
HPC 0203-2.npz,data/raw/hpc/HPC 0203-2.npz,433,2103,0203-2-B2-40X002,0203-2-B2-40X002,0.007520871995799037,0.8441843811050548,-0.3435746811195089,0.8441843811050548,sustained_response,,hpc_doublecheck_round7,review_rounds/hpc_doublecheck_round7_reviewed_labels.csv
HPC 0203-2.npz,data/raw/hpc/HPC 0203-2.npz,437,2193,0203-2-B2-40X002,0203-2-B2-40X002,-0.01632773411324938,1.9987092753337619,-0.03917649287952915,1.9987092753337619,sustained_response,,hpc_doublecheck_round7,review_rounds/hpc_doublecheck_round7_reviewed_labels.csv
HPC 0203-2.npz,data/raw/hpc/HPC 0203-2.npz,442,2336,0203-2-B2-40X002,0203-2-B2-40X002,-0.023125914162483854,1.408420742027028,-0.32277970112821763,1.408420742027028,strong_first_peak,,hpc_doublecheck_round7,review_rounds/hpc_doublecheck_round7_reviewed_labels.csv
HPC 0203-2.npz,data/raw/hpc/HPC 0203-2.npz,446,2370,0203-2-B2-40X002,0203-2-B2-40X002,-0.034516998682827454,0.5870090101387014,-0.035121587094919804,0.5870090101387014,sustained_response,,hpc_doublecheck_round7,review_rounds/hpc_doublecheck_round7_reviewed_labels.csv
HPC 0203-2.npz,data/raw/hpc/HPC 0203-2.npz,459,2661,0203-2-B2-40X002,0203-2-B2-40X002,0.0257817969059735,0.2657758517909193,-0.6730310132936881,0.6730310132936881,inhibition,,hpc_doublecheck_round7,review_rounds/hpc_doublecheck_round7_reviewed_labels.csv
HPC 0203-2.npz,data/raw/hpc/HPC 0203-2.npz,461,2706,0203-2-B2-40X002,0203-2-B2-40X002,0.006967569718602396,2.259664983350962,-0.036432770083446815,2.259664983350962,sustained_response,,hpc_doublecheck_round7,review_rounds/hpc_doublecheck_round7_reviewed_labels.csv
HPC 0203-2.npz,data/raw/hpc/HPC 0203-2.npz,463,2761,0203-2-B2-40X002,0203-2-B2-40X002,0.0839614818511949,1.7198448771129526,-0.0482151055687625,1.7198448771129526,sustained_response,,hpc_doublecheck_round7,review_rounds/hpc_doublecheck_round7_reviewed_labels.csv
HPC 0203-2.npz,data/raw/hpc/HPC 0203-2.npz,470,2998,0203-2-B2-40X002,0203-2-B2-40X002,-0.03413589342846308,12.57625275929202,-0.038881587115616144,12.57625275929202,sustained_response,,hpc_doublecheck_round7,review_rounds/hpc_doublecheck_round7_reviewed_labels.csv
HPC 0203-2.npz,data/raw/hpc/HPC 0203-2.npz,476,3123,0203-2-B2-40X002,0203-2-B2-40X002,0.008107403617022377,0.7118108963040827,-0.09685368399489977,0.7118108963040827,strong_first_peak,,hpc_doublecheck_round7,review_rounds/hpc_doublecheck_round7_reviewed_labels.csv
HPC 0203-2.npz,data/raw/hpc/HPC 0203-2.npz,481,3366,0203-2-B2-40X002,0203-2-B2-40X002,-0.01136826324711821,0.31615720798330454,-0.046585554257232674,0.31615720798330454,no_response,,hpc_random_forest_targeted_wds_round9,review_rounds/hpc_random_forest_targeted_wds_round9_reviewed_labels.csv
HPC 0203-2.npz,data/raw/hpc/HPC 0203-2.npz,487,3587,0203-2-B2-40X002,0203-2-B2-40X002,0.01154620461203752,0.2109751533737901,-0.07246170526881963,0.2109751533737901,sustained_response,,hpc_doublecheck_round7,review_rounds/hpc_doublecheck_round7_reviewed_labels.csv
HPC 0203-2.npz,data/raw/hpc/HPC 0203-2.npz,510,4274,0203-2-B2-40X002,0203-2-B2-40X002,0.013882927948789897,0.35198260893873123,-0.04782176651149185,0.35198260893873123,complex,,hpc_random_forest_all_classes_round8,review_rounds/hpc_random_forest_all_classes_round8_reviewed_labels.csv
HPC 0203-2.npz,data/raw/hpc/HPC 0203-2.npz,532,163,0203-2-B2-40X003,0203-2-B2-40X003,0.00785262446898907,10.454329895700345,-0.06980874928095691,10.454329895700345,sustained_response,,hpc_doublecheck_round7,review_rounds/hpc_doublecheck_round7_reviewed_labels.csv
HPC 0203-2.npz,data/raw/hpc/HPC 0203-2.npz,548,533,0203-2-B2-40X003,0203-2-B2-40X003,0.024960667374773902,0.760323247240256,-0.09110852573305536,0.760323247240256,sustained_response,,hpc_doublecheck_round7,review_rounds/hpc_doublecheck_round7_reviewed_labels.csv
HPC 0203-2.npz,data/raw/hpc/HPC 0203-2.npz,567,1054,0203-2-B2-40X003,0203-2-B2-40X003,0.007400950185377035,0.003392254545213424,-0.707112441194007,0.707112441194007,inhibition,,hpc_random_forest_all_classes_round8,review_rounds/hpc_random_forest_all_classes_round8_reviewed_labels.csv
HPC 0203-2.npz,data/raw/hpc/HPC 0203-2.npz,572,1149,0203-2-B2-40X003,0203-2-B2-40X003,0.002532174476359255,0.3282760968274182,-0.3044871878711758,0.3282760968274182,weak_first_peak,,hpc_random_forest_targeted_wds_round9,review_rounds/hpc_random_forest_targeted_wds_round9_reviewed_labels.csv
HPC 0203-2.npz,data/raw/hpc/HPC 0203-2.npz,576,1312,0203-2-B2-40X003,0203-2-B2-40X003,0.007186770774694921,0.019838343655094383,-0.9087672139557033,0.9087672139557033,inhibition,,hpc_random_forest_all_classes_round8,review_rounds/hpc_random_forest_all_classes_round8_reviewed_labels.csv
HPC 0203-2.npz,data/raw/hpc/HPC 0203-2.npz,582,1494,0203-2-B2-40X003,0203-2-B2-40X003,-0.01581200230641387,0.6928534976229099,-0.05570300437806361,0.6928534976229099,complex,,hpc_random_forest_all_classes_round8,review_rounds/hpc_random_forest_all_classes_round8_reviewed_labels.csv
HPC 0203-2.npz,data/raw/hpc/HPC 0203-2.npz,597,1864,0203-2-B2-40X003,0203-2-B2-40X003,-0.011722446243098962,7.724232954155002,-0.009450277282529111,7.724232954155002,second_peak,,hpc_doublecheck_round7,review_rounds/hpc_doublecheck_round7_reviewed_labels.csv
HPC 0203-2.npz,data/raw/hpc/HPC 0203-2.npz,598,1923,0203-2-B2-40X003,0203-2-B2-40X003,-0.0013915176096104473,0.3870017703233923,-0.14395569425159718,0.3870017703233923,second_peak,,hpc_doublecheck_round7,review_rounds/hpc_doublecheck_round7_reviewed_labels.csv
HPC 0203-2.npz,data/raw/hpc/HPC 0203-2.npz,612,2318,0203-2-B2-40X003,0203-2-B2-40X003,-0.016241536430481793,0.037621310398631036,-0.3726489108824745,0.3726489108824745,inhibition,,hpc_doublecheck_round7,review_rounds/hpc_doublecheck_round7_reviewed_labels.csv
HPC 0203-2.npz,data/raw/hpc/HPC 0203-2.npz,627,2657,0203-2-B2-40X003,0203-2-B2-40X003,0.008452568773712517,0.039050360511965615,-0.8060488477115111,0.8060488477115111,inhibition,,hpc_doublecheck_round7,review_rounds/hpc_doublecheck_round7_reviewed_labels.csv
HPC 0203-2.npz,data/raw/hpc/HPC 0203-2.npz,628,2664,0203-2-B2-40X003,0203-2-B2-40X003,0.03172405190600117,0.06278829164606481,-0.775489349745389,0.775489349745389,inhibition,,hpc_random_forest_all_classes_round8,review_rounds/hpc_random_forest_all_classes_round8_reviewed_labels.csv
HPC 0203-2.npz,data/raw/hpc/HPC 0203-2.npz,632,2769,0203-2-B2-40X003,0203-2-B2-40X003,-0.0038339985457144054,0.013904794392067312,-0.24364275949651332,0.24364275949651332,inhibition,,hpc_doublecheck_round7,review_rounds/hpc_doublecheck_round7_reviewed_labels.csv
HPC 0203-2.npz,data/raw/hpc/HPC 0203-2.npz,642,3051,0203-2-B2-40X003,0203-2-B2-40X003,-0.03756129568753164,1.4577868562354253,-0.3861910716823961,1.4577868562354253,strong_first_peak,,hpc_doublecheck_round7,review_rounds/hpc_doublecheck_round7_reviewed_labels.csv
HPC 0203-2.npz,data/raw/hpc/HPC 0203-2.npz,668,3655,0203-2-B2-40X003,0203-2-B2-40X003,-0.07429955083674594,1.1124562881684563,-0.058722687515980615,1.1124562881684563,sustained_response,,hpc_doublecheck_round7,review_rounds/hpc_doublecheck_round7_reviewed_labels.csv
HPC 0203-2.npz,data/raw/hpc/HPC 0203-2.npz,701,566,0203-2-B2-40X,0203-2-B2-40X,-0.008051114261743342,0.1022263260873611,-0.8859013903027294,0.8859013903027294,inhibition,,hpc_doublecheck_round7,review_rounds/hpc_doublecheck_round7_reviewed_labels.csv
HPC 0203-2.npz,data/raw/hpc/HPC 0203-2.npz,702,622,0203-2-B2-40X,0203-2-B2-40X,0.01836048848040315,8.447925904911601,-0.08430999024063943,8.447925904911601,sustained_response,,hpc_doublecheck_round7,review_rounds/hpc_doublecheck_round7_reviewed_labels.csv
HPC 0203-2.npz,data/raw/hpc/HPC 0203-2.npz,719,1979,0203-2-B2-40X,0203-2-B2-40X,-0.3891047819707859,0.4319693447584118,-0.015075532984151041,0.4319693447584118,sustained_response,,hpc_random_forest_all_classes_round8,review_rounds/hpc_random_forest_all_classes_round8_reviewed_labels.csv
HPC 0203-2.npz,data/raw/hpc/HPC 0203-2.npz,730,2372,0203-2-B2-40X,0203-2-B2-40X,0.024588442575916806,1.8659167911153625,-0.062155039776301366,1.8659167911153625,sustained_response,,hpc_doublecheck_round7,review_rounds/hpc_doublecheck_round7_reviewed_labels.csv
HPC 0203-2.npz,data/raw/hpc/HPC 0203-2.npz,748,3626,0203-2-B2-40X,0203-2-B2-40X,0.010577362367249316,0.015191505878202212,-0.6825868079314946,0.6825868079314946,inhibition,,hpc_doublecheck_round7,review_rounds/hpc_doublecheck_round7_reviewed_labels.csv
HPC 0203-2.npz,data/raw/hpc/HPC 0203-2.npz,755,3934,0203-2-B2-40X,0203-2-B2-40X,0.0013854654907076403,0.00862717682429945,-0.779128210436402,0.779128210436402,inhibition,,hpc_random_forest_all_classes_round8,review_rounds/hpc_random_forest_all_classes_round8_reviewed_labels.csv
HPC 0203-2.npz,data/raw/hpc/HPC 0203-2.npz,756,3953,0203-2-B2-40X,0203-2-B2-40X,0.0011088882670817147,0.5306158720621796,-0.06778525217443161,0.5306158720621796,sustained_response,,hpc_doublecheck_round7,review_rounds/hpc_doublecheck_round7_reviewed_labels.csv
HPC 0203-2.npz,data/raw/hpc/HPC 0203-2.npz,772,4479,0203-2-B2-40X,0203-2-B2-40X,-0.0008375085907273981,0.11835216753047459,-0.8931621898643337,0.8931621898643337,inhibition,,hpc_doublecheck_round7,review_rounds/hpc_doublecheck_round7_reviewed_labels.csv
HPC 0203-2.npz,data/raw/hpc/HPC 0203-2.npz,789,5161,0203-2-B2-40X,0203-2-B2-40X,0.16246579694942911,2.751426447414008,-0.21656927227993183,2.751426447414008,sustained_response,,hpc_random_forest_targeted_wds_round9,review_rounds/hpc_random_forest_targeted_wds_round9_reviewed_labels.csv
HPC 0203-3.npz,data/raw/hpc/HPC 0203-3.npz,0,25,0203-3-B5001,0203-3-B5001,-0.1664291572526295,6.925322022973119,-0.062380003996191646,6.925322022973119,sustained_response,,hpc_doublecheck_round7,review_rounds/hpc_doublecheck_round7_reviewed_labels.csv
HPC 0203-3.npz,data/raw/hpc/HPC 0203-3.npz,20,529,0203-3-B5001,0203-3-B5001,-0.002723350191833752,0.23804084458639835,-0.07124648568076127,0.23804084458639835,no_response,,hpc_doublecheck_round7,review_rounds/hpc_doublecheck_round7_reviewed_labels.csv
HPC 0203-3.npz,data/raw/hpc/HPC 0203-3.npz,42,1240,0203-3-B5001,0203-3-B5001,0.04424122748128751,0.26130302919670223,-0.12903792504364478,0.26130302919670223,no_response,,hpc_random_forest_targeted_wds_round9,review_rounds/hpc_random_forest_targeted_wds_round9_reviewed_labels.csv
HPC 0203-3.npz,data/raw/hpc/HPC 0203-3.npz,51,1464,0203-3-B5001,0203-3-B5001,0.16169852523699804,13.926904742469093,-0.16363541610411964,13.926904742469093,dual_peak,,hpc_doublecheck_round7,review_rounds/hpc_doublecheck_round7_reviewed_labels.csv
HPC 0203-3.npz,data/raw/hpc/HPC 0203-3.npz,54,1531,0203-3-B5001,0203-3-B5001,0.024472075259499543,4.722578123673001,-0.06226151579057779,4.722578123673001,complex,,hpc_doublecheck_round7,review_rounds/hpc_doublecheck_round7_reviewed_labels.csv
HPC 0203-3.npz,data/raw/hpc/HPC 0203-3.npz,56,1635,0203-3-B5001,0203-3-B5001,-0.009760895889668041,0.03206730052795703,-0.8940002705208179,0.8940002705208179,inhibition,,hpc_random_forest_all_classes_round8,review_rounds/hpc_random_forest_all_classes_round8_reviewed_labels.csv
HPC 0203-3.npz,data/raw/hpc/HPC 0203-3.npz,60,1704,0203-3-B5001,0203-3-B5001,-0.02286402146591405,0.046210991847938455,-0.7308717668610732,0.7308717668610732,inhibition,,hpc_random_forest_all_classes_round8,review_rounds/hpc_random_forest_all_classes_round8_reviewed_labels.csv
HPC 0203-3.npz,data/raw/hpc/HPC 0203-3.npz,68,1863,0203-3-B5001,0203-3-B5001,-0.12231484773592656,1.0377472196769117,-0.30107447412515514,1.0377472196769117,strong_first_peak,,hpc_doublecheck_round7,review_rounds/hpc_doublecheck_round7_reviewed_labels.csv
HPC 0203-3.npz,data/raw/hpc/HPC 0203-3.npz,84,2267,0203-3-B5001,0203-3-B5001,0.39544664264288965,43.628660807610494,-0.4756501712763369,43.628660807610494,sustained_response,,hpc_doublecheck_round7,review_rounds/hpc_doublecheck_round7_reviewed_labels.csv
HPC 0203-3.npz,data/raw/hpc/HPC 0203-3.npz,87,2339,0203-3-B5001,0203-3-B5001,0.02010824060878846,0.017877151567288686,-0.9050115006090054,0.9050115006090054,inhibition,,hpc_doublecheck_round7,review_rounds/hpc_doublecheck_round7_reviewed_labels.csv
HPC 0203-3.npz,data/raw/hpc/HPC 0203-3.npz,98,2713,0203-3-B5001,0203-3-B5001,0.06521268665736046,0.4600225278191008,-0.06560698585512376,0.4600225278191008,dual_peak,,hpc_doublecheck_round7,review_rounds/hpc_doublecheck_round7_reviewed_labels.csv
HPC 0203-3.npz,data/raw/hpc/HPC 0203-3.npz,137,231,0203-3-B5002,0203-3-B5002,-0.11498155990406261,45.378171613727666,-0.05615922548336147,45.378171613727666,strong_first_peak,,hpc_doublecheck_round7,review_rounds/hpc_doublecheck_round7_reviewed_labels.csv
HPC 0203-3.npz,data/raw/hpc/HPC 0203-3.npz,155,713,0203-3-B5002,0203-3-B5002,0.020451721856099742,1.5098783920212162,-0.0848423625287492,1.5098783920212162,sustained_response,,hpc_doublecheck_round7,review_rounds/hpc_doublecheck_round7_reviewed_labels.csv
HPC 0203-3.npz,data/raw/hpc/HPC 0203-3.npz,160,793,0203-3-B5002,0203-3-B5002,-0.01160004597181707,0.11392522417437059,-0.3758872316033831,0.3758872316033831,weak_first_peak,,hpc_doublecheck_round7,review_rounds/hpc_doublecheck_round7_reviewed_labels.csv
HPC 0203-3.npz,data/raw/hpc/HPC 0203-3.npz,167,1121,0203-3-B5002,0203-3-B5002,-0.010098318154842889,0.22802413428396587,-0.0612505787729166,0.22802413428396587,no_response,,hpc_doublecheck_round7,review_rounds/hpc_doublecheck_round7_reviewed_labels.csv
HPC 0203-3.npz,data/raw/hpc/HPC 0203-3.npz,180,1477,0203-3-B5002,0203-3-B5002,-0.028187974711753844,0.15124804287407612,-0.4204248575705565,0.4204248575705565,weak_first_peak,,hpc_doublecheck_round7,review_rounds/hpc_doublecheck_round7_reviewed_labels.csv
HPC 0203-3.npz,data/raw/hpc/HPC 0203-3.npz,198,1993,0203-3-B5002,0203-3-B5002,0.046570667452729766,4.679068843709564,-0.16939110917158084,4.679068843709564,sustained_response,,hpc_doublecheck_round7,review_rounds/hpc_doublecheck_round7_reviewed_labels.csv
HPC 0203-3.npz,data/raw/hpc/HPC 0203-3.npz,206,2134,0203-3-B5002,0203-3-B5002,-0.016622263974210193,0.21190366742340713,-0.41075877676189826,0.41075877676189826,weak_first_peak,,hpc_doublecheck_round7,review_rounds/hpc_doublecheck_round7_reviewed_labels.csv
HPC 0203-3.npz,data/raw/hpc/HPC 0203-3.npz,207,2177,0203-3-B5002,0203-3-B5002,0.017566467242887948,0.04543193923325167,-0.94696342519615,0.94696342519615,inhibition,,hpc_doublecheck_round7,review_rounds/hpc_doublecheck_round7_reviewed_labels.csv
HPC 0203-3.npz,data/raw/hpc/HPC 0203-3.npz,230,2755,0203-3-B5002,0203-3-B5002,-0.03583635956971886,3.172949653628372,-0.022557507513627832,3.172949653628372,second_peak,,hpc_doublecheck_round7,review_rounds/hpc_doublecheck_round7_reviewed_labels.csv
HPC 0203-3.npz,data/raw/hpc/HPC 0203-3.npz,241,2960,0203-3-B5002,0203-3-B5002,0.010239607563762075,5.27103599223595,-0.6392151207608769,5.27103599223595,strong_first_peak,,hpc_doublecheck_round7,review_rounds/hpc_doublecheck_round7_reviewed_labels.csv
HPC 0203-3.npz,data/raw/hpc/HPC 0203-3.npz,259,3371,0203-3-B5002,0203-3-B5002,0.03382228387835921,0.09637194479492654,-0.22348648455964182,0.22348648455964182,no_response,,hpc_doublecheck_round7,review_rounds/hpc_doublecheck_round7_reviewed_labels.csv
HPC 0203-3.npz,data/raw/hpc/HPC 0203-3.npz,261,3495,0203-3-B5002,0203-3-B5002,-0.0327402743686502,0.3345798214910924,-0.0887305740026596,0.3345798214910924,sustained_response,,hpc_doublecheck_round7,review_rounds/hpc_doublecheck_round7_reviewed_labels.csv
HPC 0203-3.npz,data/raw/hpc/HPC 0203-3.npz,262,3502,0203-3-B5002,0203-3-B5002,0.019556691622604903,4.140353117522586,-0.2363151706709148,4.140353117522586,complex,,hpc_doublecheck_round7,review_rounds/hpc_doublecheck_round7_reviewed_labels.csv
HPC 0203-3.npz,data/raw/hpc/HPC 0203-3.npz,274,52,0203-3-B5003,0203-3-B5003,-0.15526689723434767,2.7364071028790486,-0.02139900485481505,2.7364071028790486,sustained_response,,hpc_doublecheck_round7,review_rounds/hpc_doublecheck_round7_reviewed_labels.csv
HPC 0203-3.npz,data/raw/hpc/HPC 0203-3.npz,280,155,0203-3-B5003,0203-3-B5003,-0.1346457724676726,4.6690999658613315,-0.176228293446436,4.6690999658613315,sustained_response,,hpc_doublecheck_round7,review_rounds/hpc_doublecheck_round7_reviewed_labels.csv
HPC 0203-3.npz,data/raw/hpc/HPC 0203-3.npz,286,203,0203-3-B5003,0203-3-B5003,0.00933166138415236,0.0046373636005873735,-0.727476237689475,0.727476237689475,inhibition,,hpc_doublecheck_round7,review_rounds/hpc_doublecheck_round7_reviewed_labels.csv
HPC 0203-3.npz,data/raw/hpc/HPC 0203-3.npz,297,415,0203-3-B5003,0203-3-B5003,0.011194326482339716,0.2403701359489349,-0.042446799553524026,0.2403701359489349,sustained_response,,hpc_doublecheck_round7,review_rounds/hpc_doublecheck_round7_reviewed_labels.csv
HPC 0203-3.npz,data/raw/hpc/HPC 0203-3.npz,309,589,0203-3-B5003,0203-3-B5003,0.0044703145910412155,0.4576628136211037,-0.16251459153180622,0.4576628136211037,complex,,hpc_doublecheck_round7,review_rounds/hpc_doublecheck_round7_reviewed_labels.csv
HPC 0203-3.npz,data/raw/hpc/HPC 0203-3.npz,310,650,0203-3-B5003,0203-3-B5003,-0.03408768669670279,3.3025905361320054,-0.04204964487839633,3.3025905361320054,second_peak,,hpc_doublecheck_round7,review_rounds/hpc_doublecheck_round7_reviewed_labels.csv
HPC 0203-3.npz,data/raw/hpc/HPC 0203-3.npz,312,707,0203-3-B5003,0203-3-B5003,1.2934296209318417,0.15905535852898933,-1.19792790016046,1.19792790016046,inhibition,,hpc_doublecheck_round7,review_rounds/hpc_doublecheck_round7_reviewed_labels.csv
HPC 0203-3.npz,data/raw/hpc/HPC 0203-3.npz,322,993,0203-3-B5003,0203-3-B5003,0.018279481179747602,3.3911926229742306,-0.03691913943182627,3.3911926229742306,sustained_response,,hpc_doublecheck_round7,review_rounds/hpc_doublecheck_round7_reviewed_labels.csv
HPC 0203-3.npz,data/raw/hpc/HPC 0203-3.npz,324,1071,0203-3-B5003,0203-3-B5003,0.009085533798859654,0.5851316043090434,-0.022337735898988364,0.5851316043090434,sustained_response,,hpc_random_forest_all_classes_round8,review_rounds/hpc_random_forest_all_classes_round8_reviewed_labels.csv
HPC 0203-3.npz,data/raw/hpc/HPC 0203-3.npz,372,2492,0203-3-B5003,0203-3-B5003,0.022951638697104808,0.21640588407241051,-0.03290957238794202,0.21640588407241051,no_response,,hpc_random_forest_targeted_wds_round9,review_rounds/hpc_random_forest_targeted_wds_round9_reviewed_labels.csv
HPC 0203-3.npz,data/raw/hpc/HPC 0203-3.npz,376,2601,0203-3-B5003,0203-3-B5003,-0.05614387778057869,0.22382225312367243,-0.03134212323752485,0.22382225312367243,no_response,,hpc_doublecheck_round7,review_rounds/hpc_doublecheck_round7_reviewed_labels.csv
HPC 0203-3.npz,data/raw/hpc/HPC 0203-3.npz,380,2721,0203-3-B5003,0203-3-B5003,0.07191117948560236,0.41816494165073714,-0.13627536839759097,0.41816494165073714,sustained_response,,hpc_doublecheck_round7,review_rounds/hpc_doublecheck_round7_reviewed_labels.csv
HPC 0203-3.npz,data/raw/hpc/HPC 0203-3.npz,398,3035,0203-3-B5003,0203-3-B5003,0.030246583894420496,1.1091155280669478,-0.11497856676831858,1.1091155280669478,complex,,hpc_doublecheck_round7,review_rounds/hpc_doublecheck_round7_reviewed_labels.csv
HPC 0203-3.npz,data/raw/hpc/HPC 0203-3.npz,417,3573,0203-3-B5003,0203-3-B5003,-0.03347531435233357,0.7047556157264322,-0.0066637947854351065,0.7047556157264322,sustained_response,,hpc_doublecheck_round7,review_rounds/hpc_doublecheck_round7_reviewed_labels.csv
HPC 0203-3.npz,data/raw/hpc/HPC 0203-3.npz,424,3866,0203-3-B5003,0203-3-B5003,0.008560337222768069,1.1544875336857596,-0.05386873075671233,1.1544875336857596,complex,,hpc_random_forest_all_classes_round8,review_rounds/hpc_random_forest_all_classes_round8_reviewed_labels.csv
HPC 0203-3.npz,data/raw/hpc/HPC 0203-3.npz,426,16,0203-3-B5004,0203-3-B5004,-0.0006533981581236419,0.6169664191622868,-0.026937325968838573,0.6169664191622868,sustained_response,,hpc_doublecheck_round7,review_rounds/hpc_doublecheck_round7_reviewed_labels.csv
HPC 0203-3.npz,data/raw/hpc/HPC 0203-3.npz,430,110,0203-3-B5004,0203-3-B5004,0.011570736388673038,1.4240380074493209,-0.1681289426919527,1.4240380074493209,complex,,hpc_doublecheck_round7,review_rounds/hpc_doublecheck_round7_reviewed_labels.csv
HPC 0203-3.npz,data/raw/hpc/HPC 0203-3.npz,462,849,0203-3-B5004,0203-3-B5004,0.02186740926224071,0.744527759876729,-0.10673926147510357,0.744527759876729,sustained_response,,hpc_doublecheck_round7,review_rounds/hpc_doublecheck_round7_reviewed_labels.csv
HPC 0203-3.npz,data/raw/hpc/HPC 0203-3.npz,473,1127,0203-3-B5004,0203-3-B5004,0.0044174707693774695,0.3681566450617423,-0.5258520442565572,0.5258520442565572,second_peak,,hpc_random_forest_targeted_wds_round9,review_rounds/hpc_random_forest_targeted_wds_round9_reviewed_labels.csv
HPC 0203-3.npz,data/raw/hpc/HPC 0203-3.npz,484,1317,0203-3-B5004,0203-3-B5004,0.010706111616783096,0.05065874301412074,-0.4329031098933999,0.4329031098933999,inhibition,,hpc_doublecheck_round7,review_rounds/hpc_doublecheck_round7_reviewed_labels.csv
HPC 0203-3.npz,data/raw/hpc/HPC 0203-3.npz,490,1376,0203-3-B5004,0203-3-B5004,-0.010528866120369768,0.24685352376841005,-0.1374783096126774,0.24685352376841005,no_response,,hpc_random_forest_targeted_wds_round9,review_rounds/hpc_random_forest_targeted_wds_round9_reviewed_labels.csv
HPC 0203-3.npz,data/raw/hpc/HPC 0203-3.npz,493,1447,0203-3-B5004,0203-3-B5004,0.006697005542943264,0.04504988394643935,-0.8436752372725428,0.8436752372725428,inhibition,,hpc_doublecheck_round7,review_rounds/hpc_doublecheck_round7_reviewed_labels.csv
HPC 0203-3.npz,data/raw/hpc/HPC 0203-3.npz,500,1682,0203-3-B5004,0203-3-B5004,-0.03732426389856337,5.623322780340687,-0.010622113313874873,5.623322780340687,complex,,hpc_doublecheck_round7,review_rounds/hpc_doublecheck_round7_reviewed_labels.csv
HPC 0203-3.npz,data/raw/hpc/HPC 0203-3.npz,506,1916,0203-3-B5004,0203-3-B5004,-0.0044572937633379885,1.1461475638878373,-0.021144109729000965,1.1461475638878373,second_peak,,hpc_random_forest_all_classes_round8,review_rounds/hpc_random_forest_all_classes_round8_reviewed_labels.csv
HPC 0203-3.npz,data/raw/hpc/HPC 0203-3.npz,512,2047,0203-3-B5004,0203-3-B5004,0.008522003439737037,2.0169279343213073,-0.032157023465727866,2.0169279343213073,sustained_response,,hpc_doublecheck_round7,review_rounds/hpc_doublecheck_round7_reviewed_labels.csv
HPC 0203-3.npz,data/raw/hpc/HPC 0203-3.npz,575,3392,0203-3-B5004,0203-3-B5004,-0.03753460491324442,0.32035955706769825,-0.3745806197083587,0.3745806197083587,weak_first_peak,,hpc_doublecheck_round7,review_rounds/hpc_doublecheck_round7_reviewed_labels.csv
HPC 0203-3.npz,data/raw/hpc/HPC 0203-3.npz,593,3679,0203-3-B5004,0203-3-B5004,-0.004763322254060891,0.2802583834019775,-0.04022582960917493,0.2802583834019775,no_response,,hpc_random_forest_targeted_wds_round9,review_rounds/hpc_random_forest_targeted_wds_round9_reviewed_labels.csv
HPC 0203-3.npz,data/raw/hpc/HPC 0203-3.npz,599,3856,0203-3-B5004,0203-3-B5004,0.02104242050337543,0.015800018700982334,-0.7053713315221755,0.7053713315221755,inhibition,,hpc_doublecheck_round7,review_rounds/hpc_doublecheck_round7_reviewed_labels.csv
HPC 0203-3.npz,data/raw/hpc/HPC 0203-3.npz,610,4254,0203-3-B5004,0203-3-B5004,-0.014596775289809523,0.17641431454202264,-0.6223365545926292,0.6223365545926292,weak_first_peak,,hpc_random_forest_targeted_wds_round9,review_rounds/hpc_random_forest_targeted_wds_round9_reviewed_labels.csv
HPC 0203-3.npz,data/raw/hpc/HPC 0203-3.npz,617,108,0203-3-C2001,0203-3-C2001,-0.03636778452834695,0.7804662867874224,-0.0920975415125627,0.7804662867874224,complex,,hpc_doublecheck_round7,review_rounds/hpc_doublecheck_round7_reviewed_labels.csv
HPC 0203-3.npz,data/raw/hpc/HPC 0203-3.npz,622,187,0203-3-C2001,0203-3-C2001,-0.03786362249888703,0.08857158369105654,-0.36001459405318026,0.36001459405318026,no_response,,hpc_doublecheck_round7,review_rounds/hpc_doublecheck_round7_reviewed_labels.csv
HPC 0203-3.npz,data/raw/hpc/HPC 0203-3.npz,636,435,0203-3-C2001,0203-3-C2001,0.07712263335350181,0.0324197476791432,-0.35120969070104857,0.35120969070104857,inhibition,,hpc_doublecheck_round7,review_rounds/hpc_doublecheck_round7_reviewed_labels.csv
HPC 0203-3.npz,data/raw/hpc/HPC 0203-3.npz,639,457,0203-3-C2001,0203-3-C2001,0.0002642157962451989,0.4087000193659522,-0.08247160351837786,0.4087000193659522,dual_peak,,hpc_random_forest_all_classes_round8,review_rounds/hpc_random_forest_all_classes_round8_reviewed_labels.csv
HPC 0203-3.npz,data/raw/hpc/HPC 0203-3.npz,648,584,0203-3-C2001,0203-3-C2001,0.017047925906050282,0.016499626194104805,-0.6308863817299382,0.6308863817299382,inhibition,,hpc_doublecheck_round7,review_rounds/hpc_doublecheck_round7_reviewed_labels.csv
HPC 0203-3.npz,data/raw/hpc/HPC 0203-3.npz,662,869,0203-3-C2001,0203-3-C2001,0.029516472251737296,0.025617068298262272,-0.251211722987567,0.251211722987567,inhibition,,hpc_doublecheck_round7,review_rounds/hpc_doublecheck_round7_reviewed_labels.csv
HPC 0203-3.npz,data/raw/hpc/HPC 0203-3.npz,670,1047,0203-3-C2001,0203-3-C2001,0.021315592740643128,0.05199470240372728,-0.9400211810968772,0.9400211810968772,inhibition,,hpc_doublecheck_round7,review_rounds/hpc_doublecheck_round7_reviewed_labels.csv
HPC 0203-3.npz,data/raw/hpc/HPC 0203-3.npz,676,1161,0203-3-C2001,0203-3-C2001,0.007671590489659581,1.1460850223063845,-0.05372570153182679,1.1460850223063845,complex,,hpc_doublecheck_round7,review_rounds/hpc_doublecheck_round7_reviewed_labels.csv
HPC 0203-3.npz,data/raw/hpc/HPC 0203-3.npz,698,1771,0203-3-C2001,0203-3-C2001,2.158317122089141,57.58894474289862,-2.2223968546029886,57.58894474289862,strong_first_peak,,hpc_doublecheck_round7,review_rounds/hpc_doublecheck_round7_reviewed_labels.csv
HPC 0203-3.npz,data/raw/hpc/HPC 0203-3.npz,718,2200,0203-3-C2001,0203-3-C2001,0.15825445570200458,4.761629602243263,-0.5928332754156667,4.761629602243263,strong_first_peak,,hpc_doublecheck_round7,review_rounds/hpc_doublecheck_round7_reviewed_labels.csv
HPC 0203-3.npz,data/raw/hpc/HPC 0203-3.npz,727,2372,0203-3-C2001,0203-3-C2001,0.01051900743356164,2.11071446425579,-0.027529897801716073,2.11071446425579,sustained_response,,hpc_doublecheck_round7,review_rounds/hpc_doublecheck_round7_reviewed_labels.csv
HPC 0203-3.npz,data/raw/hpc/HPC 0203-3.npz,732,2560,0203-3-C2001,0203-3-C2001,0.8147301309076325,3.3155959420453494,-1.0059237814087227,3.3155959420453494,weak_first_peak,,hpc_doublecheck_round7,review_rounds/hpc_doublecheck_round7_reviewed_labels.csv
HPC 0203-3.npz,data/raw/hpc/HPC 0203-3.npz,740,3020,0203-3-C2001,0203-3-C2001,-0.03317737841432077,1.3052568043997679,-0.09989842157337686,1.3052568043997679,strong_first_peak,,hpc_doublecheck_round7,review_rounds/hpc_doublecheck_round7_reviewed_labels.csv
HPC 0203-3.npz,data/raw/hpc/HPC 0203-3.npz,757,3563,0203-3-C2001,0203-3-C2001,-0.02376113783241828,0.16318893915774424,-0.39834626430285136,0.39834626430285136,inhibition,,hpc_doublecheck_round7,review_rounds/hpc_doublecheck_round7_reviewed_labels.csv
HPC 0203-3.npz,data/raw/hpc/HPC 0203-3.npz,759,3856,0203-3-C2001,0203-3-C2001,0.0022034277287058418,0.21040064636092848,-0.0650828086196273,0.21040064636092848,no_response,,hpc_doublecheck_round7,review_rounds/hpc_doublecheck_round7_reviewed_labels.csv
HPC 0203-3.npz,data/raw/hpc/HPC 0203-3.npz,765,358,0203-3-C2002,0203-3-C2002,-0.046530905772421464,0.2849451903374581,-0.009585596283858966,0.2849451903374581,sustained_response,,hpc_doublecheck_round7,review_rounds/hpc_doublecheck_round7_reviewed_labels.csv
HPC 0203-3.npz,data/raw/hpc/HPC 0203-3.npz,788,1280,0203-3-C2002,0203-3-C2002,0.06622034954724666,31.90076453776554,-0.0715538424642051,31.90076453776554,sustained_response,,hpc_doublecheck_round7,review_rounds/hpc_doublecheck_round7_reviewed_labels.csv
HPC 0203-3.npz,data/raw/hpc/HPC 0203-3.npz,791,1431,0203-3-C2002,0203-3-C2002,1.998761073781755,67.332401988131,-0.885748813716962,67.332401988131,strong_first_peak,,hpc_doublecheck_round7,review_rounds/hpc_doublecheck_round7_reviewed_labels.csv
HPC 0203-3.npz,data/raw/hpc/HPC 0203-3.npz,808,1866,0203-3-C2002,0203-3-C2002,0.011659541406129749,0.24658840935656157,-0.04477707011967662,0.24658840935656157,no_response,,hpc_doublecheck_round7,review_rounds/hpc_doublecheck_round7_reviewed_labels.csv
HPC 0203-3.npz,data/raw/hpc/HPC 0203-3.npz,819,2318,0203-3-C2002,0203-3-C2002,-0.018739953999105333,0.7499460585514058,-0.0574431174589935,0.7499460585514058,complex,,hpc_doublecheck_round7,review_rounds/hpc_doublecheck_round7_reviewed_labels.csv
HPC 0203-3.npz,data/raw/hpc/HPC 0203-3.npz,837,2757,0203-3-C2002,0203-3-C2002,0.07479573943050893,0.6768977036098853,-0.1315098368886992,0.6768977036098853,complex,,hpc_doublecheck_round7,review_rounds/hpc_doublecheck_round7_reviewed_labels.csv
HPC 0203-3.npz,data/raw/hpc/HPC 0203-3.npz,845,2990,0203-3-C2002,0203-3-C2002,-0.029286783524212535,1.3791441376073519,-0.09595675715426318,1.3791441376073519,sustained_response,,hpc_doublecheck_round7,review_rounds/hpc_doublecheck_round7_reviewed_labels.csv
HPC 0203-3.npz,data/raw/hpc/HPC 0203-3.npz,876,3648,0203-3-C2002,0203-3-C2002,0.040728656756581806,0.712129543325714,-0.22199448738081523,0.712129543325714,complex,,hpc_random_forest_all_classes_round8,review_rounds/hpc_random_forest_all_classes_round8_reviewed_labels.csv
HPC 0203-3.npz,data/raw/hpc/HPC 0203-3.npz,908,18,0203-3-C5001,0203-3-C5001,2.3124941471364475,13.495505170227341,-2.4070050884279746,13.495505170227341,strong_first_peak,,hpc_doublecheck_round7,review_rounds/hpc_doublecheck_round7_reviewed_labels.csv
HPC 0203-3.npz,data/raw/hpc/HPC 0203-3.npz,920,418,0203-3-C5001,0203-3-C5001,0.02651070222118076,4.156810734082773,-0.08102081102309708,4.156810734082773,strong_first_peak,,hpc_doublecheck_round7,review_rounds/hpc_doublecheck_round7_reviewed_labels.csv
HPC 0203-3.npz,data/raw/hpc/HPC 0203-3.npz,931,674,0203-3-C5001,0203-3-C5001,0.02862051053545053,1.2477059319795647,-0.13116474430955485,1.2477059319795647,complex,,hpc_doublecheck_round7,review_rounds/hpc_doublecheck_round7_reviewed_labels.csv
HPC 0203-3.npz,data/raw/hpc/HPC 0203-3.npz,967,1958,0203-3-C5001,0203-3-C5001,0.015231255987185392,0.316572770358664,-0.09713106850311151,0.316572770358664,no_response,,hpc_random_forest_targeted_wds_round9,review_rounds/hpc_random_forest_targeted_wds_round9_reviewed_labels.csv
HPC 0203-3.npz,data/raw/hpc/HPC 0203-3.npz,977,2260,0203-3-C5001,0203-3-C5001,0.007100320388356383,4.921356717163485,-0.0520170576813811,4.921356717163485,complex,,hpc_doublecheck_round7,review_rounds/hpc_doublecheck_round7_reviewed_labels.csv
HPC 0203-3.npz,data/raw/hpc/HPC 0203-3.npz,978,2301,0203-3-C5001,0203-3-C5001,0.031153273007534663,53.35940150176833,-0.13520810374273007,53.35940150176833,sustained_response,,hpc_doublecheck_round7,review_rounds/hpc_doublecheck_round7_reviewed_labels.csv
HPC 0203-3.npz,data/raw/hpc/HPC 0203-3.npz,992,2712,0203-3-C5001,0203-3-C5001,1.4155096143432488,32.16832550809209,-1.6458545960465614,32.16832550809209,strong_first_peak,,hpc_doublecheck_round7,review_rounds/hpc_doublecheck_round7_reviewed_labels.csv
HPC 0203-3.npz,data/raw/hpc/HPC 0203-3.npz,1015,3295,0203-3-C5001,0203-3-C5001,-0.009501841324230022,0.8708334082163894,-0.05716508628483417,0.8708334082163894,dual_peak,,hpc_doublecheck_round7,review_rounds/hpc_doublecheck_round7_reviewed_labels.csv
HPC 0203-4.npz,data/raw/hpc/HPC 0203-4.npz,2,103,0203-4-B2001,0203-4-B2001,-0.1746637042450795,2.594033615318231,-0.06789285970924405,2.594033615318231,sustained_response,,hpc_random_forest_all_classes_round8,review_rounds/hpc_random_forest_all_classes_round8_reviewed_labels.csv
HPC 0203-4.npz,data/raw/hpc/HPC 0203-4.npz,9,210,0203-4-B2001,0203-4-B2001,-0.09948968877435266,0.6120619278458823,-0.035076906959833426,0.6120619278458823,sustained_response,,hpc_doublecheck_round7,review_rounds/hpc_doublecheck_round7_reviewed_labels.csv
HPC 0203-4.npz,data/raw/hpc/HPC 0203-4.npz,10,226,0203-4-B2001,0203-4-B2001,-0.019506804077806916,0.12272349927475001,-0.400252002682325,0.400252002682325,weak_first_peak,,hpc_doublecheck_round7,review_rounds/hpc_doublecheck_round7_reviewed_labels.csv
HPC 0203-4.npz,data/raw/hpc/HPC 0203-4.npz,12,248,0203-4-B2001,0203-4-B2001,0.00907422495851117,1.6678791587914443,-0.03229063595691991,1.6678791587914443,sustained_response,,hpc_doublecheck_round7,review_rounds/hpc_doublecheck_round7_reviewed_labels.csv
HPC 0203-4.npz,data/raw/hpc/HPC 0203-4.npz,16,287,0203-4-B2001,0203-4-B2001,-0.00940619665782659,0.2314460689398084,-0.722400238325381,0.722400238325381,strong_first_peak,,hpc_doublecheck_round7,review_rounds/hpc_doublecheck_round7_reviewed_labels.csv
HPC 0203-4.npz,data/raw/hpc/HPC 0203-4.npz,22,395,0203-4-B2001,0203-4-B2001,-0.012339929488444697,0.05845592928029625,-0.9255222826908283,0.9255222826908283,inhibition,,hpc_doublecheck_round7,review_rounds/hpc_doublecheck_round7_reviewed_labels.csv
HPC 0203-4.npz,data/raw/hpc/HPC 0203-4.npz,23,430,0203-4-B2001,0203-4-B2001,-0.021550791178369128,0.36696169064245127,-0.03196849452907406,0.36696169064245127,no_response,,hpc_random_forest_targeted_wds_round9,review_rounds/hpc_random_forest_targeted_wds_round9_reviewed_labels.csv
HPC 0203-4.npz,data/raw/hpc/HPC 0203-4.npz,24,435,0203-4-B2001,0203-4-B2001,0.05183565453018706,0.2666061859467556,-0.07284396541851632,0.2666061859467556,sustained_response,,hpc_doublecheck_round7,review_rounds/hpc_doublecheck_round7_reviewed_labels.csv
HPC 0203-4.npz,data/raw/hpc/HPC 0203-4.npz,33,757,0203-4-B2001,0203-4-B2001,-0.011156643352055677,2.8374880870713555,-0.05090847175637238,2.8374880870713555,sustained_response,,hpc_doublecheck_round7,review_rounds/hpc_doublecheck_round7_reviewed_labels.csv
HPC 0203-4.npz,data/raw/hpc/HPC 0203-4.npz,59,1261,0203-4-B2001,0203-4-B2001,0.018053260900230697,1.687786400068157,-0.030039557916291183,1.687786400068157,sustained_response,,hpc_doublecheck_round7,review_rounds/hpc_doublecheck_round7_reviewed_labels.csv
HPC 0203-4.npz,data/raw/hpc/HPC 0203-4.npz,89,2100,0203-4-B2001,0203-4-B2001,0.06502815788842377,1.3835396487704439,-0.06576646040172247,1.3835396487704439,sustained_response,,hpc_random_forest_targeted_wds_round9,review_rounds/hpc_random_forest_targeted_wds_round9_reviewed_labels.csv
HPC 0203-4.npz,data/raw/hpc/HPC 0203-4.npz,95,2179,0203-4-B2001,0203-4-B2001,0.013478093996150579,1.5639799631751583,-0.8871053778671806,1.5639799631751583,strong_first_peak,,hpc_doublecheck_round7,review_rounds/hpc_doublecheck_round7_reviewed_labels.csv
HPC 0203-4.npz,data/raw/hpc/HPC 0203-4.npz,118,2907,0203-4-B2001,0203-4-B2001,-0.19420657883902007,2.4182131549220034,-0.013386129501401056,2.4182131549220034,sustained_response,,hpc_doublecheck_round7,review_rounds/hpc_doublecheck_round7_reviewed_labels.csv
HPC 0203-4.npz,data/raw/hpc/HPC 0203-4.npz,137,278,0203-4-B2002,0203-4-B2002,0.03673926768022627,0.29568240376351007,-0.0763064490556995,0.29568240376351007,no_response,,hpc_random_forest_targeted_wds_round9,review_rounds/hpc_random_forest_targeted_wds_round9_reviewed_labels.csv
HPC 0203-4.npz,data/raw/hpc/HPC 0203-4.npz,141,387,0203-4-B2002,0203-4-B2002,0.008839931279955105,0.4608592226733738,-0.11314247388261223,0.4608592226733738,complex,,hpc_doublecheck_round7,review_rounds/hpc_doublecheck_round7_reviewed_labels.csv
HPC 0203-4.npz,data/raw/hpc/HPC 0203-4.npz,155,744,0203-4-B2002,0203-4-B2002,-0.015204469988891446,0.41907153532406494,-0.06931612172809612,0.41907153532406494,no_response,,hpc_random_forest_targeted_wds_round9,review_rounds/hpc_random_forest_targeted_wds_round9_reviewed_labels.csv
HPC 0203-4.npz,data/raw/hpc/HPC 0203-4.npz,161,844,0203-4-B2002,0203-4-B2002,-0.024498065925513957,0.7518840667113011,-0.07028301059498622,0.7518840667113011,second_peak,,hpc_doublecheck_round7,review_rounds/hpc_doublecheck_round7_reviewed_labels.csv
HPC 0203-4.npz,data/raw/hpc/HPC 0203-4.npz,167,1006,0203-4-B2002,0203-4-B2002,0.040993245087583056,0.40413034830083927,-0.09540676438111012,0.40413034830083927,second_peak,,hpc_doublecheck_round7,review_rounds/hpc_doublecheck_round7_reviewed_labels.csv
HPC 0203-4.npz,data/raw/hpc/HPC 0203-4.npz,187,1460,0203-4-B2002,0203-4-B2002,0.12216925647988565,0.3217590291730477,-0.26464197507297554,0.3217590291730477,complex,,hpc_doublecheck_round7,review_rounds/hpc_doublecheck_round7_reviewed_labels.csv
HPC 0203-4.npz,data/raw/hpc/HPC 0203-4.npz,198,1862,0203-4-B2002,0203-4-B2002,0.025085209097603547,1.922626216139812,-0.38873330195783123,1.922626216139812,strong_first_peak,,hpc_doublecheck_round7,review_rounds/hpc_doublecheck_round7_reviewed_labels.csv
HPC 0203-4.npz,data/raw/hpc/HPC 0203-4.npz,213,2349,0203-4-B2002,0203-4-B2002,0.041487102065998066,1.1299369791476055,-0.12663622928091695,1.1299369791476055,dual_peak,,hpc_doublecheck_round7,review_rounds/hpc_doublecheck_round7_reviewed_labels.csv
HPC 0203-4.npz,data/raw/hpc/HPC 0203-4.npz,223,2881,0203-4-B2002,0203-4-B2002,-0.0012422779536711852,0.19196405706944575,-0.3782591640615863,0.3782591640615863,weak_first_peak,,hpc_doublecheck_round7,review_rounds/hpc_doublecheck_round7_reviewed_labels.csv
HPC 0203-4.npz,data/raw/hpc/HPC 0203-4.npz,225,2969,0203-4-B2002,0203-4-B2002,0.007823673289226812,0.01030051826952737,-0.6845553195089141,0.6845553195089141,inhibition,,hpc_doublecheck_round7,review_rounds/hpc_doublecheck_round7_reviewed_labels.csv
HPC 0203-4.npz,data/raw/hpc/HPC 0203-4.npz,239,5,0203-4-B2003,0203-4-B2003,-0.03981446235498777,0.18530038188620118,-0.5413893733220048,0.5413893733220048,weak_first_peak,,hpc_random_forest_targeted_wds_round9,review_rounds/hpc_random_forest_targeted_wds_round9_reviewed_labels.csv
HPC 0203-4.npz,data/raw/hpc/HPC 0203-4.npz,251,161,0203-4-B2003,0203-4-B2003,-0.021353953928564356,0.281032651323756,-0.7602168907149334,0.7602168907149334,strong_first_peak,,hpc_doublecheck_round7,review_rounds/hpc_doublecheck_round7_reviewed_labels.csv
HPC 0203-4.npz,data/raw/hpc/HPC 0203-4.npz,263,238,0203-4-B2003,0203-4-B2003,-0.009151658431887191,0.0519658855025479,-0.39953209450121613,0.39953209450121613,no_response,,hpc_doublecheck_round7,review_rounds/hpc_doublecheck_round7_reviewed_labels.csv
HPC 0203-4.npz,data/raw/hpc/HPC 0203-4.npz,282,580,0203-4-B2003,0203-4-B2003,0.006265047276327109,0.7463420095442084,-0.16986760232986514,0.7463420095442084,sustained_response,,hpc_doublecheck_round7,review_rounds/hpc_doublecheck_round7_reviewed_labels.csv
HPC 0203-4.npz,data/raw/hpc/HPC 0203-4.npz,292,761,0203-4-B2003,0203-4-B2003,0.052510571634927596,1.1679172296896152,-0.22144932226304087,1.1679172296896152,sustained_response,,hpc_doublecheck_round7,review_rounds/hpc_doublecheck_round7_reviewed_labels.csv
HPC 0203-4.npz,data/raw/hpc/HPC 0203-4.npz,313,1166,0203-4-B2003,0203-4-B2003,-0.05462519352224692,1.691399416994258,-0.4441087343600423,1.691399416994258,strong_first_peak,,hpc_doublecheck_round7,review_rounds/hpc_doublecheck_round7_reviewed_labels.csv
HPC 0203-4.npz,data/raw/hpc/HPC 0203-4.npz,330,1433,0203-4-B2003,0203-4-B2003,0.10499312257795192,0.015060511719588804,-0.20935563531841228,0.20935563531841228,inhibition,,hpc_doublecheck_round7,review_rounds/hpc_doublecheck_round7_reviewed_labels.csv
HPC 0203-4.npz,data/raw/hpc/HPC 0203-4.npz,333,1514,0203-4-B2003,0203-4-B2003,-0.005131505228792758,0.2299994161833929,-0.027929946738151766,0.2299994161833929,no_response,,hpc_doublecheck_round7,review_rounds/hpc_doublecheck_round7_reviewed_labels.csv
HPC 0203-4.npz,data/raw/hpc/HPC 0203-4.npz,337,1587,0203-4-B2003,0203-4-B2003,-0.03817228141695867,1.7588922508518376,-0.0971795698877975,1.7588922508518376,dual_peak,,hpc_doublecheck_round7,review_rounds/hpc_doublecheck_round7_reviewed_labels.csv
HPC 0203-4.npz,data/raw/hpc/HPC 0203-4.npz,340,1698,0203-4-B2003,0203-4-B2003,-0.014991999623237951,0.3140320716037283,-0.08835335536669425,0.3140320716037283,no_response,,hpc_random_forest_targeted_wds_round9,review_rounds/hpc_random_forest_targeted_wds_round9_reviewed_labels.csv
HPC 0203-4.npz,data/raw/hpc/HPC 0203-4.npz,343,1819,0203-4-B2003,0203-4-B2003,-0.12694619184597722,0.8730260802101547,-0.10828205323147147,0.8730260802101547,sustained_response,,hpc_doublecheck_round7,review_rounds/hpc_doublecheck_round7_reviewed_labels.csv
HPC 0203-4.npz,data/raw/hpc/HPC 0203-4.npz,345,1900,0203-4-B2003,0203-4-B2003,-0.004273670029400147,0.3595482227521344,-0.059291940419502566,0.3595482227521344,complex,,hpc_random_forest_all_classes_round8,review_rounds/hpc_random_forest_all_classes_round8_reviewed_labels.csv
HPC 0203-4.npz,data/raw/hpc/HPC 0203-4.npz,358,2214,0203-4-B2003,0203-4-B2003,0.01981215378163504,4.061524718985842,-0.6041947400832297,4.061524718985842,strong_first_peak,,hpc_doublecheck_round7,review_rounds/hpc_doublecheck_round7_reviewed_labels.csv
HPC 0203-4.npz,data/raw/hpc/HPC 0203-4.npz,361,2338,0203-4-B2003,0203-4-B2003,-0.001303361916155103,0.28838055271104585,-0.09546458195196732,0.28838055271104585,sustained_response,,hpc_random_forest_targeted_wds_round9,review_rounds/hpc_random_forest_targeted_wds_round9_reviewed_labels.csv
HPC 0203-4.npz,data/raw/hpc/HPC 0203-4.npz,362,2341,0203-4-B2003,0203-4-B2003,0.031876231699215225,0.30709448353964813,-0.047340861442339385,0.30709448353964813,sustained_response,,hpc_doublecheck_round7,review_rounds/hpc_doublecheck_round7_reviewed_labels.csv
HPC 0203-4.npz,data/raw/hpc/HPC 0203-4.npz,373,2544,0203-4-B2003,0203-4-B2003,0.038168567954009205,0.4014451952117617,-0.09235334873425588,0.4014451952117617,sustained_response,,hpc_doublecheck_round7,review_rounds/hpc_doublecheck_round7_reviewed_labels.csv
HPC 0203-4.npz,data/raw/hpc/HPC 0203-4.npz,385,2806,0203-4-B2003,0203-4-B2003,0.02227787744882303,0.20677100665164772,-0.09887250680828555,0.20677100665164772,strong_first_peak,,hpc_doublecheck_round7,review_rounds/hpc_doublecheck_round7_reviewed_labels.csv
HPC 0203-4.npz,data/raw/hpc/HPC 0203-4.npz,412,974,0203-4-B5001,0203-4-B5001,0.07204522732137683,15.804799771360715,-0.06396733432544563,15.804799771360715,sustained_response,,hpc_doublecheck_round7,review_rounds/hpc_doublecheck_round7_reviewed_labels.csv
HPC 0203-4.npz,data/raw/hpc/HPC 0203-4.npz,422,1378,0203-4-B5001,0203-4-B5001,-0.023278920501044353,13.876625197376569,-0.1255767184448561,13.876625197376569,sustained_response,,hpc_doublecheck_round7,review_rounds/hpc_doublecheck_round7_reviewed_labels.csv
HPC 0203-4.npz,data/raw/hpc/HPC 0203-4.npz,424,1389,0203-4-B5001,0203-4-B5001,0.02805662664453403,6.905217526724472,-0.07639496598839438,6.905217526724472,complex,,hpc_doublecheck_round7,review_rounds/hpc_doublecheck_round7_reviewed_labels.csv
HPC 0203-4.npz,data/raw/hpc/HPC 0203-4.npz,441,1827,0203-4-B5001,0203-4-B5001,-0.021825235802083984,2.6695314654887046,-0.09786783915561524,2.6695314654887046,second_peak,,hpc_doublecheck_round7,review_rounds/hpc_doublecheck_round7_reviewed_labels.csv
HPC 0203-4.npz,data/raw/hpc/HPC 0203-4.npz,442,1833,0203-4-B5001,0203-4-B5001,-0.007882074746648772,2.454110151659487,-0.020504714859677795,2.454110151659487,sustained_response,,hpc_doublecheck_round7,review_rounds/hpc_doublecheck_round7_reviewed_labels.csv
HPC 0203-4.npz,data/raw/hpc/HPC 0203-4.npz,460,2443,0203-4-B5001,0203-4-B5001,-0.0031617550868229217,0.11202823014543319,-0.7693406341920507,0.7693406341920507,inhibition,,hpc_doublecheck_round7,review_rounds/hpc_doublecheck_round7_reviewed_labels.csv
HPC 0203-4.npz,data/raw/hpc/HPC 0203-4.npz,466,2646,0203-4-B5001,0203-4-B5001,-0.06676471870646677,21.57076670689396,-0.22441961136202843,21.57076670689396,sustained_response,,hpc_doublecheck_round7,review_rounds/hpc_doublecheck_round7_reviewed_labels.csv
HPC 0203-4.npz,data/raw/hpc/HPC 0203-4.npz,468,2693,0203-4-B5001,0203-4-B5001,0.027523709485256505,0.07070346175957311,-0.7616489492849126,0.7616489492849126,inhibition,,hpc_doublecheck_round7,review_rounds/hpc_doublecheck_round7_reviewed_labels.csv
HPC 0203-4.npz,data/raw/hpc/HPC 0203-4.npz,476,2984,0203-4-B5001,0203-4-B5001,-0.003811911029737241,37.84561035276984,-0.06892035933678062,37.84561035276984,complex,,hpc_doublecheck_round7,review_rounds/hpc_doublecheck_round7_reviewed_labels.csv
HPC 0203-4.npz,data/raw/hpc/HPC 0203-4.npz,498,3605,0203-4-B5001,0203-4-B5001,-0.01561642835022594,1.1309911838090632,-0.046808926654961246,1.1309911838090632,complex,,hpc_random_forest_all_classes_round8,review_rounds/hpc_random_forest_all_classes_round8_reviewed_labels.csv
HPC 0203-4.npz,data/raw/hpc/HPC 0203-4.npz,502,3652,0203-4-B5001,0203-4-B5001,0.05638239060825027,1.065469486350785,-0.09156467943015788,1.065469486350785,strong_first_peak,,hpc_doublecheck_round7,review_rounds/hpc_doublecheck_round7_reviewed_labels.csv
HPC 0203-4.npz,data/raw/hpc/HPC 0203-4.npz,511,3883,0203-4-B5001,0203-4-B5001,-0.043879605487820994,18.123849789211494,-0.0963570797315724,18.123849789211494,sustained_response,,hpc_doublecheck_round7,review_rounds/hpc_doublecheck_round7_reviewed_labels.csv
HPC 0203-4.npz,data/raw/hpc/HPC 0203-4.npz,547,270,0203-4-B5002,0203-4-B5002,-0.08980678537958481,10.37779848240245,-0.040334507041894535,10.37779848240245,sustained_response,,hpc_doublecheck_round7,review_rounds/hpc_doublecheck_round7_reviewed_labels.csv
HPC 0203-4.npz,data/raw/hpc/HPC 0203-4.npz,550,489,0203-4-B5002,0203-4-B5002,-0.054869080569238095,10.337107480450467,-0.09353728332513708,10.337107480450467,sustained_response,,hpc_doublecheck_round7,review_rounds/hpc_doublecheck_round7_reviewed_labels.csv
HPC 0203-4.npz,data/raw/hpc/HPC 0203-4.npz,557,602,0203-4-B5002,0203-4-B5002,0.10836256423348324,5.116080892147992,-0.16328104515290656,5.116080892147992,sustained_response,,hpc_doublecheck_round7,review_rounds/hpc_doublecheck_round7_reviewed_labels.csv
HPC 0203-4.npz,data/raw/hpc/HPC 0203-4.npz,558,603,0203-4-B5002,0203-4-B5002,0.040408801960747705,0.25278167444671273,-0.05828216443125202,0.25278167444671273,sustained_response,,hpc_doublecheck_round7,review_rounds/hpc_doublecheck_round7_reviewed_labels.csv
HPC 0203-4.npz,data/raw/hpc/HPC 0203-4.npz,569,787,0203-4-B5002,0203-4-B5002,-0.0310128289050675,0.3233252342702335,-0.028463351098214774,0.3233252342702335,sustained_response,,hpc_random_forest_targeted_wds_round9,review_rounds/hpc_random_forest_targeted_wds_round9_reviewed_labels.csv
HPC 0203-4.npz,data/raw/hpc/HPC 0203-4.npz,571,912,0203-4-B5002,0203-4-B5002,0.3260613121054476,14.233121151532943,-0.41396053198687466,14.233121151532943,sustained_response,,hpc_doublecheck_round7,review_rounds/hpc_doublecheck_round7_reviewed_labels.csv
HPC 0203-4.npz,data/raw/hpc/HPC 0203-4.npz,594,1422,0203-4-B5002,0203-4-B5002,0.00806388120573944,0.004542756681991432,-0.810022631318642,0.810022631318642,inhibition,,hpc_doublecheck_round7,review_rounds/hpc_doublecheck_round7_reviewed_labels.csv
HPC 0203-4.npz,data/raw/hpc/HPC 0203-4.npz,636,2534,0203-4-B5002,0203-4-B5002,0.07065081115015878,0.02857728244144779,-0.9878946218709773,0.9878946218709773,inhibition,,hpc_doublecheck_round7,review_rounds/hpc_doublecheck_round7_reviewed_labels.csv
HPC 0203-4.npz,data/raw/hpc/HPC 0203-4.npz,640,2567,0203-4-B5002,0203-4-B5002,-0.005832958082476396,0.2842607285254064,-0.06729897602513157,0.2842607285254064,no_response,,hpc_doublecheck_round7,review_rounds/hpc_doublecheck_round7_reviewed_labels.csv
HPC 0203-4.npz,data/raw/hpc/HPC 0203-4.npz,644,2753,0203-4-B5002,0203-4-B5002,-0.058868730310642284,0.270895346432021,-0.03324749664239181,0.270895346432021,dual_peak,,hpc_doublecheck_round7,review_rounds/hpc_doublecheck_round7_reviewed_labels.csv
HPC 0203-4.npz,data/raw/hpc/HPC 0203-4.npz,649,2819,0203-4-B5002,0203-4-B5002,0.009785449873372695,0.43422475269136096,-0.0372939183485296,0.43422475269136096,no_response,,hpc_random_forest_targeted_wds_round9,review_rounds/hpc_random_forest_targeted_wds_round9_reviewed_labels.csv
HPC 0203-4.npz,data/raw/hpc/HPC 0203-4.npz,654,2903,0203-4-B5002,0203-4-B5002,-0.0808775788085928,0.9095471295510529,-0.06167712002762114,0.9095471295510529,complex,,hpc_random_forest_all_classes_round8,review_rounds/hpc_random_forest_all_classes_round8_reviewed_labels.csv
HPC 0203-4.npz,data/raw/hpc/HPC 0203-4.npz,656,2945,0203-4-B5002,0203-4-B5002,-0.07209683779732713,5.729064108096592,-0.03282493531590491,5.729064108096592,complex,,hpc_doublecheck_round7,review_rounds/hpc_doublecheck_round7_reviewed_labels.csv
HPC 0203-4.npz,data/raw/hpc/HPC 0203-4.npz,672,3227,0203-4-B5002,0203-4-B5002,0.04619320335677193,0.6819267211215273,-0.057800136442118843,0.6819267211215273,sustained_response,,hpc_doublecheck_round7,review_rounds/hpc_doublecheck_round7_reviewed_labels.csv
HPC 0203-4.npz,data/raw/hpc/HPC 0203-4.npz,693,91,0203-4-B5003,0203-4-B5003,0.03896576572972646,17.464058164022294,-0.08390665766188533,17.464058164022294,sustained_response,,hpc_doublecheck_round7,review_rounds/hpc_doublecheck_round7_reviewed_labels.csv
HPC 0203-4.npz,data/raw/hpc/HPC 0203-4.npz,699,152,0203-4-B5003,0203-4-B5003,0.002191829234257395,0.35574859073976645,-0.11102087033716729,0.35574859073976645,no_response,,hpc_random_forest_targeted_wds_round9,review_rounds/hpc_random_forest_targeted_wds_round9_reviewed_labels.csv
HPC 0203-4.npz,data/raw/hpc/HPC 0203-4.npz,700,183,0203-4-B5003,0203-4-B5003,-0.0407288634634818,2.3893454051561407,-0.03993705926328445,2.3893454051561407,sustained_response,,hpc_doublecheck_round7,review_rounds/hpc_doublecheck_round7_reviewed_labels.csv
HPC 0203-4.npz,data/raw/hpc/HPC 0203-4.npz,701,198,0203-4-B5003,0203-4-B5003,0.4266480213813881,19.77564304247391,-0.30558525328130726,19.77564304247391,strong_first_peak,,hpc_doublecheck_round7,review_rounds/hpc_doublecheck_round7_reviewed_labels.csv
HPC 0203-4.npz,data/raw/hpc/HPC 0203-4.npz,724,641,0203-4-B5003,0203-4-B5003,-0.02379231729196812,0.2863572195119833,-0.0683029416337964,0.2863572195119833,dual_peak,,hpc_doublecheck_round7,review_rounds/hpc_doublecheck_round7_reviewed_labels.csv
HPC 0203-4.npz,data/raw/hpc/HPC 0203-4.npz,738,826,0203-4-B5003,0203-4-B5003,0.02625136170930213,0.21765730896767696,-0.29810757350969563,0.29810757350969563,weak_first_peak,,hpc_doublecheck_round7,review_rounds/hpc_doublecheck_round7_reviewed_labels.csv
HPC 0203-4.npz,data/raw/hpc/HPC 0203-4.npz,746,1031,0203-4-B5003,0203-4-B5003,0.08691692414252282,0.7147766036248755,-0.19498767082533358,0.7147766036248755,second_peak,,hpc_doublecheck_round7,review_rounds/hpc_doublecheck_round7_reviewed_labels.csv
HPC 0203-4.npz,data/raw/hpc/HPC 0203-4.npz,770,1459,0203-4-B5003,0203-4-B5003,0.05388482274360518,0.4412699762078058,-0.11674254600445438,0.4412699762078058,sustained_response,,hpc_doublecheck_round7,review_rounds/hpc_doublecheck_round7_reviewed_labels.csv
HPC 0203-4.npz,data/raw/hpc/HPC 0203-4.npz,782,1695,0203-4-B5003,0203-4-B5003,0.04344561321038509,2.1312694855525107,-0.09343237815652175,2.1312694855525107,complex,,hpc_doublecheck_round7,review_rounds/hpc_doublecheck_round7_reviewed_labels.csv
HPC 0203-4.npz,data/raw/hpc/HPC 0203-4.npz,796,1885,0203-4-B5003,0203-4-B5003,-0.07906584281723616,22.218200319452105,-0.02297750186522883,22.218200319452105,strong_first_peak,,hpc_doublecheck_round7,review_rounds/hpc_doublecheck_round7_reviewed_labels.csv
HPC 0203-4.npz,data/raw/hpc/HPC 0203-4.npz,822,2467,0203-4-B5003,0203-4-B5003,-0.026830715541374027,0.3764772970404005,-0.06511045945406502,0.3764772970404005,second_peak,,hpc_random_forest_all_classes_round8,review_rounds/hpc_random_forest_all_classes_round8_reviewed_labels.csv
HPC 0203-4.npz,data/raw/hpc/HPC 0203-4.npz,847,3030,0203-4-B5003,0203-4-B5003,0.05732600572265539,0.34105124879413107,-0.10929575353138024,0.34105124879413107,sustained_response,,hpc_doublecheck_round7,review_rounds/hpc_doublecheck_round7_reviewed_labels.csv
HPC 0203-4.npz,data/raw/hpc/HPC 0203-4.npz,855,3138,0203-4-B5003,0203-4-B5003,0.010065734567803974,3.810071337777749,-0.13008720817533384,3.810071337777749,sustained_response,,hpc_doublecheck_round7,review_rounds/hpc_doublecheck_round7_reviewed_labels.csv
HPC 0203-4.npz,data/raw/hpc/HPC 0203-4.npz,866,3277,0203-4-B5003,0203-4-B5003,0.0219732588596304,0.5307259389293475,-0.12437296218518866,0.5307259389293475,dual_peak,,hpc_doublecheck_round7,review_rounds/hpc_doublecheck_round7_reviewed_labels.csv
HPC 0203-4.npz,data/raw/hpc/HPC 0203-4.npz,873,3448,0203-4-B5003,0203-4-B5003,0.3035874586708916,6.275312655202019,-0.4075522164108526,6.275312655202019,strong_first_peak,,hpc_doublecheck_round7,review_rounds/hpc_doublecheck_round7_reviewed_labels.csv
HPC 0203-4.npz,data/raw/hpc/HPC 0203-4.npz,882,3700,0203-4-B5003,0203-4-B5003,-0.3834582922677493,12.262840438329722,-0.0650194077929711,12.262840438329722,dual_peak,,hpc_doublecheck_round7,review_rounds/hpc_doublecheck_round7_reviewed_labels.csv
HPC 0203-4.npz,data/raw/hpc/HPC 0203-4.npz,920,4469,0203-4-B5003,0203-4-B5003,0.009385866580395993,0.45045115365200106,-0.051811688111599336,0.45045115365200106,sustained_response,,hpc_doublecheck_round7,review_rounds/hpc_doublecheck_round7_reviewed_labels.csv
HPC 0203-4.npz,data/raw/hpc/HPC 0203-4.npz,931,4736,0203-4-B5003,0203-4-B5003,0.025578428995196096,0.3986573394573581,-0.06926377222212,0.3986573394573581,sustained_response,,hpc_doublecheck_round7,review_rounds/hpc_doublecheck_round7_reviewed_labels.csv
HPC 0203-4.npz,data/raw/hpc/HPC 0203-4.npz,940,4909,0203-4-B5003,0203-4-B5003,0.05081484625501289,0.29043787153623607,-0.09323906712450197,0.29043787153623607,sustained_response,,hpc_doublecheck_round7,review_rounds/hpc_doublecheck_round7_reviewed_labels.csv
HPC 0203-4.npz,data/raw/hpc/HPC 0203-4.npz,983,5587,0203-4-B5003,0203-4-B5003,-0.009982498536180374,2.8630334478635775,-0.08441732811943636,2.8630334478635775,weak_first_peak,,hpc_doublecheck_round7,review_rounds/hpc_doublecheck_round7_reviewed_labels.csv
HPC 0203-4.npz,data/raw/hpc/HPC 0203-4.npz,989,5764,0203-4-B5003,0203-4-B5003,-0.013747090928436493,0.55075666379752,-0.04394785346736768,0.55075666379752,strong_first_peak,,hpc_doublecheck_round7,review_rounds/hpc_doublecheck_round7_reviewed_labels.csv
HPC 0203-4.npz,data/raw/hpc/HPC 0203-4.npz,990,5780,0203-4-B5003,0203-4-B5003,-0.0038289450879295775,1.5366579387782389,-0.09549393047987545,1.5366579387782389,sustained_response,,hpc_doublecheck_round7,review_rounds/hpc_doublecheck_round7_reviewed_labels.csv
HPC 0203-4.npz,data/raw/hpc/HPC 0203-4.npz,1013,79,0203-4-C2001,0203-4-C2001,0.03991447554110727,0.590856261711811,-0.12060676871731671,0.590856261711811,second_peak,,hpc_doublecheck_round7,review_rounds/hpc_doublecheck_round7_reviewed_labels.csv
HPC 0203-4.npz,data/raw/hpc/HPC 0203-4.npz,1025,259,0203-4-C2001,0203-4-C2001,-0.0006402818051724502,2.727320777278415,-0.04553736705573149,2.727320777278415,complex,,hpc_doublecheck_round7,review_rounds/hpc_doublecheck_round7_reviewed_labels.csv
HPC 0203-4.npz,data/raw/hpc/HPC 0203-4.npz,1039,387,0203-4-C2001,0203-4-C2001,0.4213449506641807,1.817122110591189,-0.4409688201535845,1.817122110591189,sustained_response,,hpc_random_forest_targeted_wds_round9,review_rounds/hpc_random_forest_targeted_wds_round9_reviewed_labels.csv
HPC 0203-4.npz,data/raw/hpc/HPC 0203-4.npz,1045,652,0203-4-C2001,0203-4-C2001,-0.03935252000016972,1.2530418137661208,-0.2807734759074341,1.2530418137661208,strong_first_peak,,hpc_doublecheck_round7,review_rounds/hpc_doublecheck_round7_reviewed_labels.csv
HPC 0203-4.npz,data/raw/hpc/HPC 0203-4.npz,1050,708,0203-4-C2001,0203-4-C2001,-0.027811454330721956,2.640963633266524,-0.21276808318243676,2.640963633266524,strong_first_peak,,hpc_doublecheck_round7,review_rounds/hpc_doublecheck_round7_reviewed_labels.csv
HPC 0203-4.npz,data/raw/hpc/HPC 0203-4.npz,1061,937,0203-4-C2001,0203-4-C2001,1.2578421477926018,0.9023189861793339,-1.169505815933886,1.169505815933886,strong_first_peak,,hpc_doublecheck_round7,review_rounds/hpc_doublecheck_round7_reviewed_labels.csv
HPC 0203-4.npz,data/raw/hpc/HPC 0203-4.npz,1063,973,0203-4-C2001,0203-4-C2001,-0.008355072306309096,3.7392575559238685,-0.04584282775845676,3.7392575559238685,sustained_response,,hpc_doublecheck_round7,review_rounds/hpc_doublecheck_round7_reviewed_labels.csv
HPC 0203-4.npz,data/raw/hpc/HPC 0203-4.npz,1091,1636,0203-4-C2001,0203-4-C2001,-0.030085403851706834,0.6558041261490617,-0.5097339287201662,0.6558041261490617,strong_first_peak,,hpc_doublecheck_round7,review_rounds/hpc_doublecheck_round7_reviewed_labels.csv
HPC 0203-4.npz,data/raw/hpc/HPC 0203-4.npz,1136,86,0203-4-C2002,0203-4-C2002,0.01093406872049354,0.09307109476616444,-0.6773342298682377,0.6773342298682377,inhibition,,hpc_doublecheck_round7,review_rounds/hpc_doublecheck_round7_reviewed_labels.csv
HPC 0203-4.npz,data/raw/hpc/HPC 0203-4.npz,1137,107,0203-4-C2002,0203-4-C2002,-0.005346801523027655,0.6292871071613225,-0.8186662246713445,0.8186662246713445,weak_first_peak,,hpc_doublecheck_round7,review_rounds/hpc_doublecheck_round7_reviewed_labels.csv
HPC 0203-4.npz,data/raw/hpc/HPC 0203-4.npz,1139,126,0203-4-C2002,0203-4-C2002,-0.042461362539828164,0.17041227347779342,-0.34185181563170497,0.34185181563170497,no_response,,hpc_doublecheck_round7,review_rounds/hpc_doublecheck_round7_reviewed_labels.csv
HPC 0203-4.npz,data/raw/hpc/HPC 0203-4.npz,1141,144,0203-4-C2002,0203-4-C2002,0.011324547265598764,2.2462153909952547,-0.08807982243454705,2.2462153909952547,sustained_response,,hpc_doublecheck_round7,review_rounds/hpc_doublecheck_round7_reviewed_labels.csv
HPC 0203-4.npz,data/raw/hpc/HPC 0203-4.npz,1142,189,0203-4-C2002,0203-4-C2002,0.03330636589331863,1.0504609401556693,-0.17378158777566488,1.0504609401556693,strong_first_peak,,hpc_doublecheck_round7,review_rounds/hpc_doublecheck_round7_reviewed_labels.csv
HPC 0203-4.npz,data/raw/hpc/HPC 0203-4.npz,1166,514,0203-4-C2002,0203-4-C2002,-0.023309412709283075,0.21478984958877656,-0.6569876286432906,0.6569876286432906,weak_first_peak,,hpc_random_forest_targeted_wds_round9,review_rounds/hpc_random_forest_targeted_wds_round9_reviewed_labels.csv
HPC 0203-4.npz,data/raw/hpc/HPC 0203-4.npz,1187,1083,0203-4-C2002,0203-4-C2002,-0.030038746072726392,0.35870377237498496,-0.02870601435416846,0.35870377237498496,sustained_response,,hpc_doublecheck_round7,review_rounds/hpc_doublecheck_round7_reviewed_labels.csv
HPC 0203-4.npz,data/raw/hpc/HPC 0203-4.npz,1188,1108,0203-4-C2002,0203-4-C2002,0.007468141325016842,0.008263567711599456,-0.6874844990533329,0.6874844990533329,inhibition,,hpc_doublecheck_round7,review_rounds/hpc_doublecheck_round7_reviewed_labels.csv
HPC 0203-4.npz,data/raw/hpc/HPC 0203-4.npz,1195,1244,0203-4-C2002,0203-4-C2002,-0.01767185962837435,0.7407720302317387,-0.07185049273462876,0.7407720302317387,sustained_response,,hpc_doublecheck_round7,review_rounds/hpc_doublecheck_round7_reviewed_labels.csv
HPC 0203-4.npz,data/raw/hpc/HPC 0203-4.npz,1197,1247,0203-4-C2002,0203-4-C2002,-0.01960267098290842,0.43706197290271565,-0.6147240026494387,0.6147240026494387,strong_first_peak,,hpc_doublecheck_round7,review_rounds/hpc_doublecheck_round7_reviewed_labels.csv
HPC 0203-4.npz,data/raw/hpc/HPC 0203-4.npz,1201,1382,0203-4-C2002,0203-4-C2002,0.014528914813007136,0.6933667836808584,-0.10739809559932828,0.6933667836808584,sustained_response,,hpc_doublecheck_round7,review_rounds/hpc_doublecheck_round7_reviewed_labels.csv
HPC 0203-4.npz,data/raw/hpc/HPC 0203-4.npz,1232,2036,0203-4-C2002,0203-4-C2002,0.057424077613650426,0.6329210513374824,-0.09053713582973474,0.6329210513374824,sustained_response,,hpc_doublecheck_round7,review_rounds/hpc_doublecheck_round7_reviewed_labels.csv
HPC 0203-4.npz,data/raw/hpc/HPC 0203-4.npz,1274,264,0203-4-C2003,0203-4-C2003,-0.017487258667274318,0.3048973997259111,-0.06386594399597517,0.3048973997259111,no_response,,hpc_random_forest_targeted_wds_round9,review_rounds/hpc_random_forest_targeted_wds_round9_reviewed_labels.csv
HPC 0203-4.npz,data/raw/hpc/HPC 0203-4.npz,1280,341,0203-4-C2003,0203-4-C2003,0.002267421432169471,0.2141501865308922,-0.07790331491285904,0.2141501865308922,weak_first_peak,,hpc_doublecheck_round7,review_rounds/hpc_doublecheck_round7_reviewed_labels.csv
HPC 0203-4.npz,data/raw/hpc/HPC 0203-4.npz,1292,533,0203-4-C2003,0203-4-C2003,0.0379491371894231,0.39187445456572984,-0.09035814984144848,0.39187445456572984,no_response,,hpc_doublecheck_round7,review_rounds/hpc_doublecheck_round7_reviewed_labels.csv
HPC 0203-4.npz,data/raw/hpc/HPC 0203-4.npz,1295,549,0203-4-C2003,0203-4-C2003,-0.0038113714215315744,1.6187674981184614,-0.31722030584356514,1.6187674981184614,weak_first_peak,,hpc_doublecheck_round7,review_rounds/hpc_doublecheck_round7_reviewed_labels.csv
HPC 0203-4.npz,data/raw/hpc/HPC 0203-4.npz,1297,588,0203-4-C2003,0203-4-C2003,-0.0872168029262524,0.12066287069313082,-0.6936761491311016,0.6936761491311016,inhibition,,hpc_doublecheck_round7,review_rounds/hpc_doublecheck_round7_reviewed_labels.csv
HPC 0203-4.npz,data/raw/hpc/HPC 0203-4.npz,1307,808,0203-4-C2003,0203-4-C2003,-0.007517515868703901,0.36654547925196074,-0.4008133206606929,0.4008133206606929,weak_first_peak,,hpc_random_forest_all_classes_round8,review_rounds/hpc_random_forest_all_classes_round8_reviewed_labels.csv
HPC 0203-4.npz,data/raw/hpc/HPC 0203-4.npz,1333,1636,0203-4-C2003,0203-4-C2003,-0.03653358987705992,4.668662551635601,-0.025109955210931352,4.668662551635601,complex,,hpc_doublecheck_round7,review_rounds/hpc_doublecheck_round7_reviewed_labels.csv
HPC 0203-4.npz,data/raw/hpc/HPC 0203-4.npz,1336,1690,0203-4-C2003,0203-4-C2003,0.008735831157247138,0.005556373886246921,-0.6118557285792363,0.6118557285792363,inhibition,,hpc_doublecheck_round7,review_rounds/hpc_doublecheck_round7_reviewed_labels.csv
HPC 0203-4.npz,data/raw/hpc/HPC 0203-4.npz,1338,1719,0203-4-C2003,0203-4-C2003,0.0111506017867097,0.18518374119492745,-0.22841971297819386,0.22841971297819386,no_response,,hpc_doublecheck_round7,review_rounds/hpc_doublecheck_round7_reviewed_labels.csv
HPC 0203-4.npz,data/raw/hpc/HPC 0203-4.npz,1350,1995,0203-4-C2003,0203-4-C2003,0.001150141096302052,0.5865247309864482,-0.036383122161502975,0.5865247309864482,sustained_response,,hpc_doublecheck_round7,review_rounds/hpc_doublecheck_round7_reviewed_labels.csv
HPC 0203-4.npz,data/raw/hpc/HPC 0203-4.npz,1353,2024,0203-4-C2003,0203-4-C2003,-0.011584305172394206,0.2735446609392085,-0.6507385668822344,0.6507385668822344,weak_first_peak,,hpc_random_forest_targeted_wds_round9,review_rounds/hpc_random_forest_targeted_wds_round9_reviewed_labels.csv
HPC 0203-4.npz,data/raw/hpc/HPC 0203-4.npz,1358,2213,0203-4-C2003,0203-4-C2003,0.01554084683662088,0.007547760131363834,-0.7479613540975112,0.7479613540975112,inhibition,,hpc_doublecheck_round7,review_rounds/hpc_doublecheck_round7_reviewed_labels.csv
HPC 0203-4.npz,data/raw/hpc/HPC 0203-4.npz,1392,3000,0203-4-C2003,0203-4-C2003,-0.006908924135229733,0.3515669983672025,-0.05758344424929646,0.3515669983672025,dual_peak,,hpc_doublecheck_round7,review_rounds/hpc_doublecheck_round7_reviewed_labels.csv
HPC 0203-4.npz,data/raw/hpc/HPC 0203-4.npz,1394,3280,0203-4-C2003,0203-4-C2003,-0.015149887509169534,0.40149430300595373,-0.06922528080371579,0.40149430300595373,sustained_response,,hpc_random_forest_targeted_wds_round9,review_rounds/hpc_random_forest_targeted_wds_round9_reviewed_labels.csv
HPC 0203-4.npz,data/raw/hpc/HPC 0203-4.npz,1401,7,0203-4-C5-DG,0203-4-C5-DG,-0.023750467115947884,0.4514276740365764,-0.2490725635139642,0.4514276740365764,sustained_response,,hpc_doublecheck_round7,review_rounds/hpc_doublecheck_round7_reviewed_labels.csv
HPC 0203-4.npz,data/raw/hpc/HPC 0203-4.npz,1404,40,0203-4-C5-DG,0203-4-C5-DG,0.05038790537261399,0.4591137708705528,-0.1645763025524173,0.4591137708705528,complex,,hpc_random_forest_all_classes_round8,review_rounds/hpc_random_forest_all_classes_round8_reviewed_labels.csv
HPC 0203-4.npz,data/raw/hpc/HPC 0203-4.npz,1405,54,0203-4-C5-DG,0203-4-C5-DG,-0.012250653949248054,0.10642921359447463,-0.24827489715025672,0.24827489715025672,no_response,,hpc_random_forest_all_classes_round8,review_rounds/hpc_random_forest_all_classes_round8_reviewed_labels.csv
HPC 0203-4.npz,data/raw/hpc/HPC 0203-4.npz,1411,144,0203-4-C5-DG,0203-4-C5-DG,-0.053601959907345946,0.22531784953682754,-0.025136925908995626,0.22531784953682754,sustained_response,,hpc_doublecheck_round7,review_rounds/hpc_doublecheck_round7_reviewed_labels.csv
HPC 0203-4.npz,data/raw/hpc/HPC 0203-4.npz,1420,197,0203-4-C5-DG,0203-4-C5-DG,0.008377243725391724,0.37285353348368,-0.06783492517682406,0.37285353348368,sustained_response,,hpc_random_forest_targeted_wds_round9,review_rounds/hpc_random_forest_targeted_wds_round9_reviewed_labels.csv
HPC 0203-4.npz,data/raw/hpc/HPC 0203-4.npz,1443,417,0203-4-C5-DG,0203-4-C5-DG,-0.02262136743589892,0.38969634786538654,-0.055511854209831346,0.38969634786538654,sustained_response,,hpc_random_forest_targeted_wds_round9,review_rounds/hpc_random_forest_targeted_wds_round9_reviewed_labels.csv
HPC 0203-4.npz,data/raw/hpc/HPC 0203-4.npz,1527,1794,0203-4-C5-DG,0203-4-C5-DG,-0.004505053582685068,0.34739146745737753,-0.044937765703072174,0.34739146745737753,no_response,,hpc_random_forest_targeted_wds_round9,review_rounds/hpc_random_forest_targeted_wds_round9_reviewed_labels.csv
HPC 0203-4.npz,data/raw/hpc/HPC 0203-4.npz,1557,2848,0203-4-C5-DG,0203-4-C5-DG,0.1397274125797408,1.4772816434751523,-0.18927562135204665,1.4772816434751523,strong_first_peak,,hpc_doublecheck_round7,review_rounds/hpc_doublecheck_round7_reviewed_labels.csv
HPC 0203-4.npz,data/raw/hpc/HPC 0203-4.npz,1569,3100,0203-4-C5-DG,0203-4-C5-DG,-0.018258091587230674,2.6498454609842286,-0.08897685592537762,2.6498454609842286,sustained_response,,hpc_doublecheck_round7,review_rounds/hpc_doublecheck_round7_reviewed_labels.csv
HPC 0203-4.npz,data/raw/hpc/HPC 0203-4.npz,1572,3144,0203-4-C5-DG,0203-4-C5-DG,-0.05523430510210569,0.3000129962965271,-0.03743495270978287,0.3000129962965271,sustained_response,,hpc_doublecheck_round7,review_rounds/hpc_doublecheck_round7_reviewed_labels.csv
HPC 0203-4.npz,data/raw/hpc/HPC 0203-4.npz,1577,3293,0203-4-C5-DG,0203-4-C5-DG,-0.03025807641460746,0.2375181029350067,-0.08029950173058886,0.2375181029350067,no_response,,hpc_random_forest_all_classes_round8,review_rounds/hpc_random_forest_all_classes_round8_reviewed_labels.csv
HPC 0203-4.npz,data/raw/hpc/HPC 0203-4.npz,1613,4350,0203-4-C5-DG,0203-4-C5-DG,0.009871752748160385,0.2148373353415286,-0.023164392325257636,0.2148373353415286,no_response,,hpc_doublecheck_round7,review_rounds/hpc_doublecheck_round7_reviewed_labels.csv
HPC 0203-4.npz,data/raw/hpc/HPC 0203-4.npz,1632,4717,0203-4-C5-DG,0203-4-C5-DG,-0.03946437260902761,0.34185957186379473,-0.05400306121801137,0.34185957186379473,sustained_response,,hpc_doublecheck_round7,review_rounds/hpc_doublecheck_round7_reviewed_labels.csv
HPC 0203-4.npz,data/raw/hpc/HPC 0203-4.npz,1645,4993,0203-4-C5-DG,0203-4-C5-DG,-0.01051551804529652,0.24738840834931813,-0.08670983523223813,0.24738840834931813,second_peak,,hpc_random_forest_all_classes_round8,review_rounds/hpc_random_forest_all_classes_round8_reviewed_labels.csv
HPC 0203-4.npz,data/raw/hpc/HPC 0203-4.npz,1647,5056,0203-4-C5-DG,0203-4-C5-DG,-0.0126602845551238,0.37740947438577327,-0.06290991058351136,0.37740947438577327,sustained_response,,hpc_random_forest_targeted_wds_round9,review_rounds/hpc_random_forest_targeted_wds_round9_reviewed_labels.csv
HPC 0203-4.npz,data/raw/hpc/HPC 0203-4.npz,1651,5081,0203-4-C5-DG,0203-4-C5-DG,0.13585737053784286,28.897773359804017,-0.534068080704662,28.897773359804017,strong_first_peak,,hpc_doublecheck_round7,review_rounds/hpc_doublecheck_round7_reviewed_labels.csv
HPC 0203-4.npz,data/raw/hpc/HPC 0203-4.npz,1663,5303,0203-4-C5-DG,0203-4-C5-DG,0.026773512327057797,2.655796339995786,-0.09887307025710608,2.655796339995786,sustained_response,,hpc_doublecheck_round7,review_rounds/hpc_doublecheck_round7_reviewed_labels.csv
HPC 0203-4.npz,data/raw/hpc/HPC 0203-4.npz,1665,5355,0203-4-C5-DG,0203-4-C5-DG,-0.036579926678627375,0.47288087117172967,-0.1803257300055776,0.47288087117172967,strong_first_peak,,hpc_doublecheck_round7,review_rounds/hpc_doublecheck_round7_reviewed_labels.csv
HPC 0203-4.npz,data/raw/hpc/HPC 0203-4.npz,1692,5952,0203-4-C5-DG,0203-4-C5-DG,0.035262303535834226,0.30011278435973227,-0.07284622254451165,0.30011278435973227,sustained_response,,hpc_doublecheck_round7,review_rounds/hpc_doublecheck_round7_reviewed_labels.csv
HPC 0203-4.npz,data/raw/hpc/HPC 0203-4.npz,1698,6080,0203-4-C5-DG,0203-4-C5-DG,0.046964401512947125,0.8263150068622438,-0.10227772151415948,0.8263150068622438,sustained_response,,hpc_doublecheck_round7,review_rounds/hpc_doublecheck_round7_reviewed_labels.csv
HPC 0203-4.npz,data/raw/hpc/HPC 0203-4.npz,1709,6256,0203-4-C5-DG,0203-4-C5-DG,0.020470399812602152,0.21078236414699056,-0.058010656073214414,0.21078236414699056,no_response,,hpc_doublecheck_round7,review_rounds/hpc_doublecheck_round7_reviewed_labels.csv
HPC 0203-4.npz,data/raw/hpc/HPC 0203-4.npz,1722,6494,0203-4-C5-DG,0203-4-C5-DG,-0.024405799274467736,0.31513228163866475,-0.5092353536719529,0.5092353536719529,strong_first_peak,,hpc_doublecheck_round7,review_rounds/hpc_doublecheck_round7_reviewed_labels.csv
HPC 0203-4.npz,data/raw/hpc/HPC 0203-4.npz,1731,6701,0203-4-C5-DG,0203-4-C5-DG,-0.0767068549616991,0.21403497079136288,-0.012597436542449242,0.21403497079136288,sustained_response,,hpc_random_forest_all_classes_round8,review_rounds/hpc_random_forest_all_classes_round8_reviewed_labels.csv
HPC 0203-4.npz,data/raw/hpc/HPC 0203-4.npz,1750,86,0203-4-C5001,0203-4-C5001,0.020867806958909312,5.7040814350804965,-0.15643886060833903,5.7040814350804965,strong_first_peak,,hpc_doublecheck_round7,review_rounds/hpc_doublecheck_round7_reviewed_labels.csv
HPC 0203-4.npz,data/raw/hpc/HPC 0203-4.npz,1753,124,0203-4-C5001,0203-4-C5001,0.008698551050623822,1.6676213476435908,-0.03988543425796784,1.6676213476435908,complex,,hpc_doublecheck_round7,review_rounds/hpc_doublecheck_round7_reviewed_labels.csv
HPC 0203-4.npz,data/raw/hpc/HPC 0203-4.npz,1756,157,0203-4-C5001,0203-4-C5001,0.08071288537598625,37.30753413770369,-0.13052773795044317,37.30753413770369,strong_first_peak,,hpc_doublecheck_round7,review_rounds/hpc_doublecheck_round7_reviewed_labels.csv
HPC 0203-4.npz,data/raw/hpc/HPC 0203-4.npz,1800,1202,0203-4-C5001,0203-4-C5001,-0.3063243855324721,10.503166969567577,-0.09240203599326507,10.503166969567577,sustained_response,,hpc_doublecheck_round7,review_rounds/hpc_doublecheck_round7_reviewed_labels.csv
HPC 0203-4.npz,data/raw/hpc/HPC 0203-4.npz,1833,1969,0203-4-C5001,0203-4-C5001,-0.0662400048000336,0.2627540875533287,-0.0866934671894226,0.2627540875533287,weak_first_peak,,hpc_random_forest_all_classes_round8,review_rounds/hpc_random_forest_all_classes_round8_reviewed_labels.csv
HPC 0203-4.npz,data/raw/hpc/HPC 0203-4.npz,1861,2562,0203-4-C5001,0203-4-C5001,0.027902984524554572,0.7384415468263424,-0.11777137130328125,0.7384415468263424,sustained_response,,hpc_doublecheck_round7,review_rounds/hpc_doublecheck_round7_reviewed_labels.csv
HPC 0203-4.npz,data/raw/hpc/HPC 0203-4.npz,1872,2821,0203-4-C5001,0203-4-C5001,-0.037888769744814046,0.3507865465553615,-0.48801172656021863,0.48801172656021863,weak_first_peak,,hpc_random_forest_all_classes_round8,review_rounds/hpc_random_forest_all_classes_round8_reviewed_labels.csv
HPC 0203-4.npz,data/raw/hpc/HPC 0203-4.npz,1885,3063,0203-4-C5001,0203-4-C5001,0.018112194966177025,0.005880102826097348,-0.7097425915878736,0.7097425915878736,inhibition,,hpc_doublecheck_round7,review_rounds/hpc_doublecheck_round7_reviewed_labels.csv
HPC 0203-4.npz,data/raw/hpc/HPC 0203-4.npz,1909,73,0203-4-C5002,0203-4-C5002,0.06388593887596701,27.726349011055206,-0.13779229671597276,27.726349011055206,sustained_response,,hpc_doublecheck_round7,review_rounds/hpc_doublecheck_round7_reviewed_labels.csv
HPC 0203-4.npz,data/raw/hpc/HPC 0203-4.npz,1938,714,0203-4-C5002,0203-4-C5002,-0.08072695878236252,1.8201180636075167,-0.016508954903204157,1.8201180636075167,sustained_response,,hpc_doublecheck_round7,review_rounds/hpc_doublecheck_round7_reviewed_labels.csv
HPC 0203-4.npz,data/raw/hpc/HPC 0203-4.npz,1950,1065,0203-4-C5002,0203-4-C5002,0.00028603054923074004,0.01991441934722707,-0.9437683258906084,0.9437683258906084,inhibition,,hpc_doublecheck_round7,review_rounds/hpc_doublecheck_round7_reviewed_labels.csv
HPC 0203-4.npz,data/raw/hpc/HPC 0203-4.npz,1955,1136,0203-4-C5002,0203-4-C5002,-0.007442326915890152,0.8454748574411852,-0.01822075048002524,0.8454748574411852,complex,,hpc_doublecheck_round7,review_rounds/hpc_doublecheck_round7_reviewed_labels.csv
HPC 0203-4.npz,data/raw/hpc/HPC 0203-4.npz,1959,1190,0203-4-C5002,0203-4-C5002,-0.02542399252709024,0.7876014762177542,-0.672997024256654,0.7876014762177542,strong_first_peak,,hpc_random_forest_all_classes_round8,review_rounds/hpc_random_forest_all_classes_round8_reviewed_labels.csv
HPC 0203-4.npz,data/raw/hpc/HPC 0203-4.npz,1966,1392,0203-4-C5002,0203-4-C5002,-0.04032701272732916,0.4074479361135065,-0.09038475447467859,0.4074479361135065,no_response,,hpc_doublecheck_round7,review_rounds/hpc_doublecheck_round7_reviewed_labels.csv
HPC 0203-4.npz,data/raw/hpc/HPC 0203-4.npz,1974,1518,0203-4-C5002,0203-4-C5002,0.01521267863507621,1.6631604399979232,-0.039702436321091675,1.6631604399979232,sustained_response,,hpc_doublecheck_round7,review_rounds/hpc_doublecheck_round7_reviewed_labels.csv
HPC 0203-4.npz,data/raw/hpc/HPC 0203-4.npz,1975,1550,0203-4-C5002,0203-4-C5002,-0.026419658177503066,0.7851201127444325,-0.6379577045345609,0.7851201127444325,strong_first_peak,,hpc_random_forest_all_classes_round8,review_rounds/hpc_random_forest_all_classes_round8_reviewed_labels.csv
HPC 0203-4.npz,data/raw/hpc/HPC 0203-4.npz,2020,2340,0203-4-C5002,0203-4-C5002,0.028505170350190217,2.1461122769921115,-0.13077921248087598,2.1461122769921115,complex,,hpc_doublecheck_round7,review_rounds/hpc_doublecheck_round7_reviewed_labels.csv
HPC 0203-4.npz,data/raw/hpc/HPC 0203-4.npz,2021,2355,0203-4-C5002,0203-4-C5002,-0.0017874056164516707,0.7565864296672428,-0.03418783117115516,0.7565864296672428,complex,,hpc_doublecheck_round7,review_rounds/hpc_doublecheck_round7_reviewed_labels.csv
HPC 0203-4.npz,data/raw/hpc/HPC 0203-4.npz,2023,2409,0203-4-C5002,0203-4-C5002,-0.014371351860821344,0.5158683712799134,-0.06035592424027165,0.5158683712799134,sustained_response,,hpc_random_forest_targeted_wds_round9,review_rounds/hpc_random_forest_targeted_wds_round9_reviewed_labels.csv
HPC 0203-4.npz,data/raw/hpc/HPC 0203-4.npz,2045,2956,0203-4-C5002,0203-4-C5002,-0.042445571603872,0.22056988375157885,-0.01648215588261439,0.22056988375157885,no_response,,hpc_doublecheck_round7,review_rounds/hpc_doublecheck_round7_reviewed_labels.csv
HPC 0203-4.npz,data/raw/hpc/HPC 0203-4.npz,2046,2960,0203-4-C5002,0203-4-C5002,0.06598837356689516,0.23138185005950693,-0.06608059776717044,0.23138185005950693,complex,,hpc_doublecheck_round7,review_rounds/hpc_doublecheck_round7_reviewed_labels.csv
HPC 0203-4.npz,data/raw/hpc/HPC 0203-4.npz,2063,161,0203-4-C5003,0203-4-C5003,-0.026853851013183976,0.12102018060906342,-0.418743900322006,0.418743900322006,weak_first_peak,,hpc_doublecheck_round7,review_rounds/hpc_doublecheck_round7_reviewed_labels.csv
HPC 0203-4.npz,data/raw/hpc/HPC 0203-4.npz,2068,332,0203-4-C5003,0203-4-C5003,-0.1384211212592947,9.189823660097709,-0.06153400234592443,9.189823660097709,sustained_response,,hpc_doublecheck_round7,review_rounds/hpc_doublecheck_round7_reviewed_labels.csv
HPC 0203-4.npz,data/raw/hpc/HPC 0203-4.npz,2069,341,0203-4-C5003,0203-4-C5003,0.02278304266293896,2.2482014084899298,-0.09653902573401095,2.2482014084899298,sustained_response,,hpc_doublecheck_round7,review_rounds/hpc_doublecheck_round7_reviewed_labels.csv
HPC 0203-4.npz,data/raw/hpc/HPC 0203-4.npz,2083,924,0203-4-C5003,0203-4-C5003,0.005663240118508062,0.00977370654501605,-0.7525747199322935,0.7525747199322935,inhibition,,hpc_doublecheck_round7,review_rounds/hpc_doublecheck_round7_reviewed_labels.csv
HPC 0203-4.npz,data/raw/hpc/HPC 0203-4.npz,2084,939,0203-4-C5003,0203-4-C5003,-0.02372591985864011,0.3078306708031364,-0.5083712280782321,0.5083712280782321,strong_first_peak,,hpc_doublecheck_round7,review_rounds/hpc_doublecheck_round7_reviewed_labels.csv
HPC 0203-4.npz,data/raw/hpc/HPC 0203-4.npz,2087,1107,0203-4-C5003,0203-4-C5003,-0.00740778823675456,0.3637434879883234,-0.6110459160719551,0.6110459160719551,strong_first_peak,,hpc_random_forest_all_classes_round8,review_rounds/hpc_random_forest_all_classes_round8_reviewed_labels.csv
HPC 0203-4.npz,data/raw/hpc/HPC 0203-4.npz,2095,1320,0203-4-C5003,0203-4-C5003,0.03281861967707221,0.04841284103472897,-0.9667221962399111,0.9667221962399111,inhibition,,hpc_doublecheck_round7,review_rounds/hpc_doublecheck_round7_reviewed_labels.csv
HPC 0203-4.npz,data/raw/hpc/HPC 0203-4.npz,2115,1756,0203-4-C5003,0203-4-C5003,0.026478991440807568,0.11326643632553623,-0.32765930471749716,0.32765930471749716,weak_first_peak,,hpc_doublecheck_round7,review_rounds/hpc_doublecheck_round7_reviewed_labels.csv
HPC 0203-4.npz,data/raw/hpc/HPC 0203-4.npz,2122,1921,0203-4-C5003,0203-4-C5003,0.004221920566717425,0.8371109144787658,-0.21088091222276265,0.8371109144787658,complex,,hpc_doublecheck_round7,review_rounds/hpc_doublecheck_round7_reviewed_labels.csv
HPC 0203-4.npz,data/raw/hpc/HPC 0203-4.npz,2136,2312,0203-4-C5003,0203-4-C5003,0.01072904843515725,1.3897767974214867,-0.18280814610763144,1.3897767974214867,strong_first_peak,,hpc_doublecheck_round7,review_rounds/hpc_doublecheck_round7_reviewed_labels.csv
HPC 0203-4.npz,data/raw/hpc/HPC 0203-4.npz,2153,2741,0203-4-C5003,0203-4-C5003,0.016797304548623826,0.20670916958251737,-0.04680425418359518,0.20670916958251737,no_response,,hpc_doublecheck_round7,review_rounds/hpc_doublecheck_round7_reviewed_labels.csv
HPC 0203-4.npz,data/raw/hpc/HPC 0203-4.npz,2159,2880,0203-4-C5003,0203-4-C5003,-0.019488159421840404,0.5910285420334388,-0.5640790104890504,0.5910285420334388,strong_first_peak,,hpc_random_forest_all_classes_round8,review_rounds/hpc_random_forest_all_classes_round8_reviewed_labels.csv
HPC 0203-4.npz,data/raw/hpc/HPC 0203-4.npz,2160,2947,0203-4-C5003,0203-4-C5003,-0.018176018416435732,0.2112944137523382,-0.0632662518983901,0.2112944137523382,no_response,,hpc_random_forest_all_classes_round8,review_rounds/hpc_random_forest_all_classes_round8_reviewed_labels.csv
HPC 0203-4.npz,data/raw/hpc/HPC 0203-4.npz,2177,3452,0203-4-C5003,0203-4-C5003,0.005170862476796049,0.010029763632923233,-0.7249305875539516,0.7249305875539516,inhibition,,hpc_doublecheck_round7,review_rounds/hpc_doublecheck_round7_reviewed_labels.csv
HPC 0203-4.npz,data/raw/hpc/HPC 0203-4.npz,2239,1373,0203-4-D2001-2,0203-4-D2001-2,0.018021528538603174,0.013485444069048138,-0.6092147450382297,0.6092147450382297,inhibition,,hpc_doublecheck_round7,review_rounds/hpc_doublecheck_round7_reviewed_labels.csv
HPC 0203-4.npz,data/raw/hpc/HPC 0203-4.npz,2247,1616,0203-4-D2001-2,0203-4-D2001-2,0.03826103989029824,0.062449402629772756,-0.940577716386001,0.940577716386001,inhibition,,hpc_doublecheck_round7,review_rounds/hpc_doublecheck_round7_reviewed_labels.csv
HPC 0203-4.npz,data/raw/hpc/HPC 0203-4.npz,2254,1772,0203-4-D2001-2,0203-4-D2001-2,-0.0010350470724374218,0.6574595512228897,-0.41974113844974403,0.6574595512228897,strong_first_peak,,hpc_doublecheck_round7,review_rounds/hpc_doublecheck_round7_reviewed_labels.csv
HPC 0203-4.npz,data/raw/hpc/HPC 0203-4.npz,2262,1901,0203-4-D2001-2,0203-4-D2001-2,-0.028767362015129347,0.8616253568096783,-0.5392984011138898,0.8616253568096783,strong_first_peak,,hpc_random_forest_all_classes_round8,review_rounds/hpc_random_forest_all_classes_round8_reviewed_labels.csv
HPC 0203-4.npz,data/raw/hpc/HPC 0203-4.npz,2270,2110,0203-4-D2001-2,0203-4-D2001-2,-0.009385733875770989,0.3016137911819533,-0.016561879370068616,0.3016137911819533,sustained_response,,hpc_doublecheck_round7,review_rounds/hpc_doublecheck_round7_reviewed_labels.csv
HPC 0203-4.npz,data/raw/hpc/HPC 0203-4.npz,2283,2333,0203-4-D2001-2,0203-4-D2001-2,-0.029825427601923943,0.5138188385592941,-0.6791298704187378,0.6791298704187378,weak_first_peak,,hpc_doublecheck_round7,review_rounds/hpc_doublecheck_round7_reviewed_labels.csv
HPC 0203-4.npz,data/raw/hpc/HPC 0203-4.npz,2300,2647,0203-4-D2001-2,0203-4-D2001-2,0.0032590757810561028,0.5319730080942758,-0.03921778005371869,0.5319730080942758,sustained_response,,hpc_doublecheck_round7,review_rounds/hpc_doublecheck_round7_reviewed_labels.csv
HPC 0203-4.npz,data/raw/hpc/HPC 0203-4.npz,2310,60,0203-4-D2002,0203-4-D2002,0.02448638190484317,0.008912928657253464,-0.5502509423209677,0.5502509423209677,inhibition,,hpc_doublecheck_round7,review_rounds/hpc_doublecheck_round7_reviewed_labels.csv
HPC 0203-4.npz,data/raw/hpc/HPC 0203-4.npz,2315,130,0203-4-D2002,0203-4-D2002,-0.04172882516741701,0.22874724650512712,-0.06711149973451982,0.22874724650512712,no_response,,hpc_random_forest_targeted_wds_round9,review_rounds/hpc_random_forest_targeted_wds_round9_reviewed_labels.csv
HPC 0203-4.npz,data/raw/hpc/HPC 0203-4.npz,2320,383,0203-4-D2002,0203-4-D2002,0.05406461201280976,0.24853451737558274,-0.14912394726751974,0.24853451737558274,no_response,,hpc_random_forest_targeted_wds_round9,review_rounds/hpc_random_forest_targeted_wds_round9_reviewed_labels.csv
HPC 0203-4.npz,data/raw/hpc/HPC 0203-4.npz,2348,1283,0203-4-D2002,0203-4-D2002,-0.008935882177080754,0.2951322487299532,-0.03434431186841256,0.2951322487299532,sustained_response,,hpc_doublecheck_round7,review_rounds/hpc_doublecheck_round7_reviewed_labels.csv
HPC 0203-4.npz,data/raw/hpc/HPC 0203-4.npz,2369,1651,0203-4-D2002,0203-4-D2002,-0.01597583297580969,0.2825262670444352,-0.01089450975019355,0.2825262670444352,no_response,,hpc_doublecheck_round7,review_rounds/hpc_doublecheck_round7_reviewed_labels.csv
HPC 0203-4.npz,data/raw/hpc/HPC 0203-4.npz,2373,1745,0203-4-D2002,0203-4-D2002,0.046500257055111884,0.5390864939675433,-0.09397087871863313,0.5390864939675433,dual_peak,,hpc_random_forest_targeted_wds_round9,review_rounds/hpc_random_forest_targeted_wds_round9_reviewed_labels.csv
HPC 0203-4.npz,data/raw/hpc/HPC 0203-4.npz,2379,1802,0203-4-D2002,0203-4-D2002,-0.041776731343768705,0.19654670525704904,-0.5827531815409168,0.5827531815409168,weak_first_peak,,hpc_random_forest_all_classes_round8,review_rounds/hpc_random_forest_all_classes_round8_reviewed_labels.csv
HPC 0203-4.npz,data/raw/hpc/HPC 0203-4.npz,2464,621,0203-4-D2003,0203-4-D2003,1.7022057226311484,8.501952518815497,-0.7479787729857301,8.501952518815497,sustained_response,,hpc_random_forest_targeted_wds_round9,review_rounds/hpc_random_forest_targeted_wds_round9_reviewed_labels.csv
HPC 0203-4.npz,data/raw/hpc/HPC 0203-4.npz,2498,1465,0203-4-D2003,0203-4-D2003,0.001215443139626093,0.43511655333998006,-0.15715181229567354,0.43511655333998006,sustained_response,,hpc_doublecheck_round7,review_rounds/hpc_doublecheck_round7_reviewed_labels.csv
HPC 0203-4.npz,data/raw/hpc/HPC 0203-4.npz,2533,2242,0203-4-D2003,0203-4-D2003,0.018711050595569167,0.20278214737201863,-0.07594604621409401,0.20278214737201863,sustained_response,,hpc_doublecheck_round7,review_rounds/hpc_doublecheck_round7_reviewed_labels.csv
HPC 0203-4.npz,data/raw/hpc/HPC 0203-4.npz,2569,2834,0203-4-D2003,0203-4-D2003,-0.12724803837779677,0.1707899986427286,-0.5894341108667231,0.5894341108667231,weak_first_peak,,hpc_doublecheck_round7,review_rounds/hpc_doublecheck_round7_reviewed_labels.csv
HPC 0203-4.npz,data/raw/hpc/HPC 0203-4.npz,2577,2989,0203-4-D2003,0203-4-D2003,0.06712686211693288,1.3292659694455138,-0.2465832579876811,1.3292659694455138,complex,,hpc_doublecheck_round7,review_rounds/hpc_doublecheck_round7_reviewed_labels.csv
HPC 0203-4.npz,data/raw/hpc/HPC 0203-4.npz,2580,3040,0203-4-D2003,0203-4-D2003,-0.09645401475930732,0.46198399494204423,-0.02656718046201663,0.46198399494204423,dual_peak,,hpc_random_forest_targeted_wds_round9,review_rounds/hpc_random_forest_targeted_wds_round9_reviewed_labels.csv
HPC 0203-4.npz,data/raw/hpc/HPC 0203-4.npz,2592,3317,0203-4-D2003,0203-4-D2003,-0.06006984554361022,1.4360716670952967,-0.008284185796892246,1.4360716670952967,sustained_response,,hpc_doublecheck_round7,review_rounds/hpc_doublecheck_round7_reviewed_labels.csv
HPC 0203-5.npz,data/raw/hpc/HPC 0203-5.npz,13,482,0203-5-4x001,0203-5-4x001,-0.0249395305608159,0.25988409958753644,-0.4404251988897152,0.4404251988897152,weak_first_peak,,hpc_random_forest_all_classes_round8,review_rounds/hpc_random_forest_all_classes_round8_reviewed_labels.csv
HPC 0203-5.npz,data/raw/hpc/HPC 0203-5.npz,29,1178,0203-5-4x001,0203-5-4x001,0.185827804692018,5.934930799724074,-0.4226033182685715,5.934930799724074,strong_first_peak,,hpc_doublecheck_round7,review_rounds/hpc_doublecheck_round7_reviewed_labels.csv
HPC 0203-5.npz,data/raw/hpc/HPC 0203-5.npz,33,1202,0203-5-4x001,0203-5-4x001,-0.003547261156675512,0.3371755580085387,-0.05470033687609803,0.3371755580085387,no_response,,hpc_doublecheck_round7,review_rounds/hpc_doublecheck_round7_reviewed_labels.csv
HPC 0203-5.npz,data/raw/hpc/HPC 0203-5.npz,34,1390,0203-5-4x001,0203-5-4x001,0.04579870915375045,5.122820345626157,-0.11073248632961977,5.122820345626157,sustained_response,,hpc_doublecheck_round7,review_rounds/hpc_doublecheck_round7_reviewed_labels.csv
HPC 0203-5.npz,data/raw/hpc/HPC 0203-5.npz,35,1396,0203-5-4x001,0203-5-4x001,-0.025076952297021244,1.901999468262539,-0.02132266880448205,1.901999468262539,sustained_response,,hpc_doublecheck_round7,review_rounds/hpc_doublecheck_round7_reviewed_labels.csv
HPC 0203-5.npz,data/raw/hpc/HPC 0203-5.npz,52,1885,0203-5-4x001,0203-5-4x001,-0.01443547947520441,2.0837802457822625,-0.013491419965156013,2.0837802457822625,sustained_response,,hpc_doublecheck_round7,review_rounds/hpc_doublecheck_round7_reviewed_labels.csv
HPC 0203-5.npz,data/raw/hpc/HPC 0203-5.npz,64,2112,0203-5-4x001,0203-5-4x001,0.014101146498802853,1.7847677112655698,-0.04374440654661426,1.7847677112655698,sustained_response,,hpc_random_forest_all_classes_round8,review_rounds/hpc_random_forest_all_classes_round8_reviewed_labels.csv
HPC 0203-5.npz,data/raw/hpc/HPC 0203-5.npz,67,2175,0203-5-4x001,0203-5-4x001,-0.005426842400206969,0.6437718436416977,-0.04496858967532641,0.6437718436416977,complex,,hpc_doublecheck_round7,review_rounds/hpc_doublecheck_round7_reviewed_labels.csv
HPC 0203-5.npz,data/raw/hpc/HPC 0203-5.npz,80,2446,0203-5-4x001,0203-5-4x001,-0.003166186598768526,0.2563489418536159,-0.12233250824542585,0.2563489418536159,no_response,,hpc_random_forest_targeted_wds_round9,review_rounds/hpc_random_forest_targeted_wds_round9_reviewed_labels.csv
HPC 0203-5.npz,data/raw/hpc/HPC 0203-5.npz,89,2717,0203-5-4x001,0203-5-4x001,-0.012640357027867128,1.7914795360540234,-0.34986462429685283,1.7914795360540234,strong_first_peak,,hpc_doublecheck_round7,review_rounds/hpc_doublecheck_round7_reviewed_labels.csv
HPC 0203-5.npz,data/raw/hpc/HPC 0203-5.npz,117,46,0203-5-4x002,0203-5-4x002,-0.0018906799256948573,0.45558204699314164,-0.2805267665841838,0.45558204699314164,dual_peak,,hpc_doublecheck_round7,review_rounds/hpc_doublecheck_round7_reviewed_labels.csv
HPC 0203-5.npz,data/raw/hpc/HPC 0203-5.npz,166,1876,0203-5-4x002,0203-5-4x002,-0.04810055978468753,0.19988066051590736,-0.3709311667797446,0.3709311667797446,weak_first_peak,,hpc_random_forest_all_classes_round8,review_rounds/hpc_random_forest_all_classes_round8_reviewed_labels.csv
HPC 0203-5.npz,data/raw/hpc/HPC 0203-5.npz,168,1892,0203-5-4x002,0203-5-4x002,0.07374531955081724,0.18211165115164973,-0.3975506124143044,0.3975506124143044,weak_first_peak,,hpc_random_forest_targeted_wds_round9,review_rounds/hpc_random_forest_targeted_wds_round9_reviewed_labels.csv
HPC 0203-5.npz,data/raw/hpc/HPC 0203-5.npz,191,2526,0203-5-4x002,0203-5-4x002,-0.04289098990366832,0.42057964837299616,-0.6877831209005608,0.6877831209005608,weak_first_peak,,hpc_doublecheck_round7,review_rounds/hpc_doublecheck_round7_reviewed_labels.csv
HPC 0203-5.npz,data/raw/hpc/HPC 0203-5.npz,194,2615,0203-5-4x002,0203-5-4x002,-0.010778002519812813,0.23521678110005345,-0.5984867613380016,0.5984867613380016,weak_first_peak,,hpc_random_forest_targeted_wds_round9,review_rounds/hpc_random_forest_targeted_wds_round9_reviewed_labels.csv
HPC 0203-5.npz,data/raw/hpc/HPC 0203-5.npz,198,2725,0203-5-4x002,0203-5-4x002,-0.02769975455093573,0.4307024814377008,-0.7642324950125126,0.7642324950125126,weak_first_peak,,hpc_doublecheck_round7,review_rounds/hpc_doublecheck_round7_reviewed_labels.csv
HPC 0203-5.npz,data/raw/hpc/HPC 0203-5.npz,199,2732,0203-5-4x002,0203-5-4x002,-0.02265832981752352,0.34942071789307244,-0.545351892765567,0.545351892765567,strong_first_peak,,hpc_random_forest_all_classes_round8,review_rounds/hpc_random_forest_all_classes_round8_reviewed_labels.csv
HPC 0203-5.npz,data/raw/hpc/HPC 0203-5.npz,211,17,0203-5-A2-DG,0203-5-A2-DG,0.024998418069357656,1.1958210656453632,-0.04384043249566612,1.1958210656453632,sustained_response,,hpc_doublecheck_round7,review_rounds/hpc_doublecheck_round7_reviewed_labels.csv
HPC 0203-5.npz,data/raw/hpc/HPC 0203-5.npz,214,61,0203-5-A2-DG,0203-5-A2-DG,-0.01729356718390091,1.5374825327714552,-0.03249567982401318,1.5374825327714552,weak_first_peak,,hpc_random_forest_all_classes_round8,review_rounds/hpc_random_forest_all_classes_round8_reviewed_labels.csv
HPC 0203-5.npz,data/raw/hpc/HPC 0203-5.npz,223,191,0203-5-A2-DG,0203-5-A2-DG,0.08827859280029994,0.47275552636864315,-0.13847893791048352,0.47275552636864315,complex,,hpc_random_forest_all_classes_round8,review_rounds/hpc_random_forest_all_classes_round8_reviewed_labels.csv
HPC 0203-5.npz,data/raw/hpc/HPC 0203-5.npz,254,552,0203-5-A2-DG,0203-5-A2-DG,-0.1260882867733481,0.26070911889452797,-0.5395971660830885,0.5395971660830885,strong_first_peak,,hpc_doublecheck_round7,review_rounds/hpc_doublecheck_round7_reviewed_labels.csv
HPC 0203-5.npz,data/raw/hpc/HPC 0203-5.npz,268,728,0203-5-A2-DG,0203-5-A2-DG,0.07007007062228518,1.25484098571364,-0.18923101717875085,1.25484098571364,complex,,hpc_doublecheck_round7,review_rounds/hpc_doublecheck_round7_reviewed_labels.csv
HPC 0203-5.npz,data/raw/hpc/HPC 0203-5.npz,290,1035,0203-5-A2-DG,0203-5-A2-DG,0.11947587174140917,0.05531733176127951,-0.8017665890477792,0.8017665890477792,inhibition,,hpc_doublecheck_round7,review_rounds/hpc_doublecheck_round7_reviewed_labels.csv
HPC 0203-5.npz,data/raw/hpc/HPC 0203-5.npz,291,1038,0203-5-A2-DG,0203-5-A2-DG,-0.03286723954601651,0.3003048698963008,-0.036553167671920926,0.3003048698963008,no_response,,hpc_random_forest_targeted_wds_round9,review_rounds/hpc_random_forest_targeted_wds_round9_reviewed_labels.csv
HPC 0203-5.npz,data/raw/hpc/HPC 0203-5.npz,320,1542,0203-5-A2-DG,0203-5-A2-DG,-0.024851141421012465,0.9804765612768177,-0.1990595746772222,0.9804765612768177,sustained_response,,hpc_doublecheck_round7,review_rounds/hpc_doublecheck_round7_reviewed_labels.csv
HPC 0203-5.npz,data/raw/hpc/HPC 0203-5.npz,348,2097,0203-5-A2-DG,0203-5-A2-DG,0.0027067365999721474,0.2244573610827448,-0.13733286805970418,0.2244573610827448,no_response,,hpc_doublecheck_round7,review_rounds/hpc_doublecheck_round7_reviewed_labels.csv
HPC 0203-5.npz,data/raw/hpc/HPC 0203-5.npz,366,2457,0203-5-A2-DG,0203-5-A2-DG,-0.04403377411025947,0.4016011255030486,-0.0930968631592474,0.4016011255030486,complex,,hpc_random_forest_all_classes_round8,review_rounds/hpc_random_forest_all_classes_round8_reviewed_labels.csv
HPC 0203-5.npz,data/raw/hpc/HPC 0203-5.npz,397,3348,0203-5-A2-DG,0203-5-A2-DG,0.06106589060214833,0.3312883178532507,-0.07236692733993602,0.3312883178532507,sustained_response,,hpc_random_forest_all_classes_round8,review_rounds/hpc_random_forest_all_classes_round8_reviewed_labels.csv
HPC 0203-5.npz,data/raw/hpc/HPC 0203-5.npz,413,3645,0203-5-A2-DG,0203-5-A2-DG,0.05769226184511538,0.4078437016970553,-0.08743143341868158,0.4078437016970553,dual_peak,,hpc_random_forest_all_classes_round8,review_rounds/hpc_random_forest_all_classes_round8_reviewed_labels.csv
HPC 0203-5.npz,data/raw/hpc/HPC 0203-5.npz,419,3757,0203-5-A2-DG,0203-5-A2-DG,0.13247446272725,0.2170359105360018,-0.2850803763234613,0.2850803763234613,weak_first_peak,,hpc_random_forest_targeted_wds_round9,review_rounds/hpc_random_forest_targeted_wds_round9_reviewed_labels.csv
HPC 0203-5.npz,data/raw/hpc/HPC 0203-5.npz,426,3947,0203-5-A2-DG,0203-5-A2-DG,0.01984452657890406,1.9612490155140487,-0.14063318114488146,1.9612490155140487,second_peak,,hpc_doublecheck_round7,review_rounds/hpc_doublecheck_round7_reviewed_labels.csv
HPC 0203-5.npz,data/raw/hpc/HPC 0203-5.npz,440,4323,0203-5-A2-DG,0203-5-A2-DG,0.02493896921020286,0.3748761370963922,-0.0793276858609919,0.3748761370963922,sustained_response,,hpc_doublecheck_round7,review_rounds/hpc_doublecheck_round7_reviewed_labels.csv
HPC 0203-5.npz,data/raw/hpc/HPC 0203-5.npz,448,4435,0203-5-A2-DG,0203-5-A2-DG,-0.0184135304514351,5.201001017949388,-0.08480214727459502,5.201001017949388,complex,,hpc_doublecheck_round7,review_rounds/hpc_doublecheck_round7_reviewed_labels.csv
HPC 0203-5.npz,data/raw/hpc/HPC 0203-5.npz,454,4522,0203-5-A2-DG,0203-5-A2-DG,-0.06439067083506034,1.0942380958421856,-0.015538197656305305,1.0942380958421856,sustained_response,,hpc_random_forest_targeted_wds_round9,review_rounds/hpc_random_forest_targeted_wds_round9_reviewed_labels.csv
HPC 0203-5.npz,data/raw/hpc/HPC 0203-5.npz,470,4905,0203-5-A2-DG,0203-5-A2-DG,0.018884655575263018,0.2825154155336292,-0.0768351133859867,0.2825154155336292,dual_peak,,hpc_doublecheck_round7,review_rounds/hpc_doublecheck_round7_reviewed_labels.csv
HPC 0203-5.npz,data/raw/hpc/HPC 0203-5.npz,471,4920,0203-5-A2-DG,0203-5-A2-DG,0.015230199148238107,0.3269312601864716,-0.13325703101488384,0.3269312601864716,second_peak,,hpc_random_forest_all_classes_round8,review_rounds/hpc_random_forest_all_classes_round8_reviewed_labels.csv
HPC 0203-5.npz,data/raw/hpc/HPC 0203-5.npz,489,101,0203-5-A2001,0203-5-A2001,-0.0011350950937543435,0.4935462055511042,-0.06121081933082927,0.4935462055511042,sustained_response,,hpc_random_forest_all_classes_round8,review_rounds/hpc_random_forest_all_classes_round8_reviewed_labels.csv
HPC 0203-5.npz,data/raw/hpc/HPC 0203-5.npz,497,324,0203-5-A2001,0203-5-A2001,0.028412032933675186,0.4004569931498175,-0.1092439827719161,0.4004569931498175,strong_first_peak,,hpc_doublecheck_round7,review_rounds/hpc_doublecheck_round7_reviewed_labels.csv
HPC 0203-5.npz,data/raw/hpc/HPC 0203-5.npz,502,433,0203-5-A2001,0203-5-A2001,-0.027795700529535984,1.9012462669473944,-0.18496724560371505,1.9012462669473944,strong_first_peak,,hpc_doublecheck_round7,review_rounds/hpc_doublecheck_round7_reviewed_labels.csv
HPC 0203-5.npz,data/raw/hpc/HPC 0203-5.npz,505,481,0203-5-A2001,0203-5-A2001,0.012181568128635988,0.33750984241225507,-0.1083839341801856,0.33750984241225507,sustained_response,,hpc_random_forest_targeted_wds_round9,review_rounds/hpc_random_forest_targeted_wds_round9_reviewed_labels.csv
HPC 0203-5.npz,data/raw/hpc/HPC 0203-5.npz,524,954,0203-5-A2001,0203-5-A2001,0.4069859477713951,8.431346082815258,-0.4848427742232577,8.431346082815258,sustained_response,,hpc_random_forest_targeted_wds_round9,review_rounds/hpc_random_forest_targeted_wds_round9_reviewed_labels.csv
HPC 0203-5.npz,data/raw/hpc/HPC 0203-5.npz,525,1024,0203-5-A2001,0203-5-A2001,-0.0024408142067025053,1.8167355823222695,-0.0811866732488831,1.8167355823222695,second_peak,,hpc_doublecheck_round7,review_rounds/hpc_doublecheck_round7_reviewed_labels.csv
HPC 0203-5.npz,data/raw/hpc/HPC 0203-5.npz,536,1403,0203-5-A2001,0203-5-A2001,-0.08233959577865188,1.7503566667230943,-0.018916207505263613,1.7503566667230943,sustained_response,,hpc_doublecheck_round7,review_rounds/hpc_doublecheck_round7_reviewed_labels.csv
HPC 0203-5.npz,data/raw/hpc/HPC 0203-5.npz,541,1485,0203-5-A2001,0203-5-A2001,-0.022075203970623326,0.5655194928048151,-0.009724312824030926,0.5655194928048151,sustained_response,,hpc_random_forest_all_classes_round8,review_rounds/hpc_random_forest_all_classes_round8_reviewed_labels.csv
HPC 0203-5.npz,data/raw/hpc/HPC 0203-5.npz,551,1716,0203-5-A2001,0203-5-A2001,-0.06111213439271962,0.5612925572202949,-0.07395485995079909,0.5612925572202949,complex,,hpc_doublecheck_round7,review_rounds/hpc_doublecheck_round7_reviewed_labels.csv
HPC 0203-5.npz,data/raw/hpc/HPC 0203-5.npz,560,2071,0203-5-A2001,0203-5-A2001,-0.006424608173723395,2.203493221737865,-0.3001931959089297,2.203493221737865,sustained_response,,hpc_doublecheck_round7,review_rounds/hpc_doublecheck_round7_reviewed_labels.csv
HPC 0203-5.npz,data/raw/hpc/HPC 0203-5.npz,570,2232,0203-5-A2001,0203-5-A2001,-0.00012917961240980442,0.4754733464068987,-0.5638669402415599,0.5638669402415599,strong_first_peak,,hpc_doublecheck_round7,review_rounds/hpc_doublecheck_round7_reviewed_labels.csv
HPC 0203-5.npz,data/raw/hpc/HPC 0203-5.npz,596,3039,0203-5-A2001,0203-5-A2001,0.00804704583736973,2.026115148599413,-0.05601546026539997,2.026115148599413,sustained_response,,hpc_doublecheck_round7,review_rounds/hpc_doublecheck_round7_reviewed_labels.csv
HPC 0203-5.npz,data/raw/hpc/HPC 0203-5.npz,602,3155,0203-5-A2001,0203-5-A2001,0.002918845889202868,0.2945867407529719,-0.04195714520647591,0.2945867407529719,no_response,,hpc_random_forest_targeted_wds_round9,review_rounds/hpc_random_forest_targeted_wds_round9_reviewed_labels.csv
HPC 0203-5.npz,data/raw/hpc/HPC 0203-5.npz,605,3201,0203-5-A2001,0203-5-A2001,-0.015325912074304266,2.0119941127676526,-0.025149648048765454,2.0119941127676526,sustained_response,,hpc_random_forest_all_classes_round8,review_rounds/hpc_random_forest_all_classes_round8_reviewed_labels.csv
HPC 0203-5.npz,data/raw/hpc/HPC 0203-5.npz,610,3249,0203-5-A2001,0203-5-A2001,-0.012780563608828769,2.435861462225666,-0.049922756643997084,2.435861462225666,sustained_response,,hpc_random_forest_all_classes_round8,review_rounds/hpc_random_forest_all_classes_round8_reviewed_labels.csv
HPC 0203-5.npz,data/raw/hpc/HPC 0203-5.npz,611,3254,0203-5-A2001,0203-5-A2001,-0.011637741167976993,0.35226909081499336,-0.05683408490873027,0.35226909081499336,sustained_response,,hpc_doublecheck_round7,review_rounds/hpc_doublecheck_round7_reviewed_labels.csv
HPC 0203-5.npz,data/raw/hpc/HPC 0203-5.npz,619,3370,0203-5-A2001,0203-5-A2001,0.028667344067785924,0.44314618057028465,-0.04619857351125107,0.44314618057028465,sustained_response,,hpc_random_forest_all_classes_round8,review_rounds/hpc_random_forest_all_classes_round8_reviewed_labels.csv
HPC 0203-5.npz,data/raw/hpc/HPC 0203-5.npz,622,3483,0203-5-A2001,0203-5-A2001,-0.0025294116143628376,0.2878155746021773,-0.44904170074657973,0.44904170074657973,weak_first_peak,,hpc_doublecheck_round7,review_rounds/hpc_doublecheck_round7_reviewed_labels.csv
HPC 0203-5.npz,data/raw/hpc/HPC 0203-5.npz,651,917,0203-5-A2002,0203-5-A2002,-0.022040228683888535,1.5323274503823117,-0.04296963346070584,1.5323274503823117,complex,,hpc_random_forest_all_classes_round8,review_rounds/hpc_random_forest_all_classes_round8_reviewed_labels.csv
HPC 0203-5.npz,data/raw/hpc/HPC 0203-5.npz,653,949,0203-5-A2002,0203-5-A2002,-0.054172371315576714,0.43649234004946397,-0.019953005806761348,0.43649234004946397,sustained_response,,hpc_doublecheck_round7,review_rounds/hpc_doublecheck_round7_reviewed_labels.csv
HPC 0203-5.npz,data/raw/hpc/HPC 0203-5.npz,666,1393,0203-5-A2002,0203-5-A2002,0.0029506302012369387,1.589825309862266,-0.02998364252150088,1.589825309862266,sustained_response,,hpc_doublecheck_round7,review_rounds/hpc_doublecheck_round7_reviewed_labels.csv
HPC 0203-5.npz,data/raw/hpc/HPC 0203-5.npz,673,1703,0203-5-A2002,0203-5-A2002,0.008755775529651434,0.32490060902185414,-0.04118927912742169,0.32490060902185414,sustained_response,,hpc_doublecheck_round7,review_rounds/hpc_doublecheck_round7_reviewed_labels.csv
HPC 0203-5.npz,data/raw/hpc/HPC 0203-5.npz,694,2988,0203-5-A2002,0203-5-A2002,0.004858334056374067,0.3067827095919603,-0.312383352939159,0.312383352939159,no_response,,hpc_doublecheck_round7,review_rounds/hpc_doublecheck_round7_reviewed_labels.csv
HPC 0203-5.npz,data/raw/hpc/HPC 0203-5.npz,699,3174,0203-5-A2002,0203-5-A2002,-0.019306161814586147,0.258653535480844,-0.4234159708317221,0.4234159708317221,weak_first_peak,,hpc_doublecheck_round7,review_rounds/hpc_doublecheck_round7_reviewed_labels.csv
HPC 0203-5.npz,data/raw/hpc/HPC 0203-5.npz,724,4031,0203-5-A2002,0203-5-A2002,-0.009798984299966102,0.6698915864203632,-0.5041627288989494,0.6698915864203632,complex,,hpc_doublecheck_round7,review_rounds/hpc_doublecheck_round7_reviewed_labels.csv
HPC 0203-5.npz,data/raw/hpc/HPC 0203-5.npz,727,4097,0203-5-A2002,0203-5-A2002,0.00001666390928695014,0.23501242929371519,-0.43215215825820547,0.43215215825820547,no_response,,hpc_doublecheck_round7,review_rounds/hpc_doublecheck_round7_reviewed_labels.csv
HPC 0203-5.npz,data/raw/hpc/HPC 0203-5.npz,733,265,0203-5-A2,0203-5-A2,-0.2072879410732454,5.9689282899600595,-0.10424862588986158,5.9689282899600595,sustained_response,,hpc_doublecheck_round7,review_rounds/hpc_doublecheck_round7_reviewed_labels.csv
HPC 0203-5.npz,data/raw/hpc/HPC 0203-5.npz,734,284,0203-5-A2,0203-5-A2,0.0007730871927222531,3.0364351109601646,-0.037204461918938614,3.0364351109601646,sustained_response,,hpc_doublecheck_round7,review_rounds/hpc_doublecheck_round7_reviewed_labels.csv
HPC 0203-5.npz,data/raw/hpc/HPC 0203-5.npz,745,539,0203-5-A2,0203-5-A2,0.16017779918363134,0.6329770185571053,-0.3378914145972719,0.6329770185571053,strong_first_peak,,hpc_doublecheck_round7,review_rounds/hpc_doublecheck_round7_reviewed_labels.csv
HPC 0203-5.npz,data/raw/hpc/HPC 0203-5.npz,748,574,0203-5-A2,0203-5-A2,-0.05806813921170807,0.7076193678420979,-0.07597031961784943,0.7076193678420979,sustained_response,,hpc_doublecheck_round7,review_rounds/hpc_doublecheck_round7_reviewed_labels.csv
HPC 0203-5.npz,data/raw/hpc/HPC 0203-5.npz,749,576,0203-5-A2,0203-5-A2,0.012621273937621491,0.32998686092899254,-0.10989522143926791,0.32998686092899254,complex,,hpc_random_forest_all_classes_round8,review_rounds/hpc_random_forest_all_classes_round8_reviewed_labels.csv
HPC 0203-5.npz,data/raw/hpc/HPC 0203-5.npz,790,1688,0203-5-A2,0203-5-A2,0.10135483635235562,0.0965667257771487,-0.9883476352445479,0.9883476352445479,inhibition,,hpc_doublecheck_round7,review_rounds/hpc_doublecheck_round7_reviewed_labels.csv
HPC 0203-5.npz,data/raw/hpc/HPC 0203-5.npz,871,301,0203-5-A5-DG,0203-5-A5-DG,0.0031200586715717043,6.691593542307242,-0.0294198186349176,6.691593542307242,complex,,hpc_doublecheck_round7,review_rounds/hpc_doublecheck_round7_reviewed_labels.csv
HPC 0203-5.npz,data/raw/hpc/HPC 0203-5.npz,875,319,0203-5-A5-DG,0203-5-A5-DG,0.06591762597950694,2.4812401351301885,-0.10818274055391666,2.4812401351301885,second_peak,,hpc_doublecheck_round7,review_rounds/hpc_doublecheck_round7_reviewed_labels.csv
HPC 0203-5.npz,data/raw/hpc/HPC 0203-5.npz,876,323,0203-5-A5-DG,0203-5-A5-DG,-0.09358071163732695,0.33369121293979553,-0.02491034180372989,0.33369121293979553,sustained_response,,hpc_random_forest_all_classes_round8,review_rounds/hpc_random_forest_all_classes_round8_reviewed_labels.csv
HPC 0203-5.npz,data/raw/hpc/HPC 0203-5.npz,891,545,0203-5-A5-DG,0203-5-A5-DG,0.013039163564784524,0.32127149370103325,-0.1555951039126108,0.32127149370103325,second_peak,,hpc_random_forest_targeted_wds_round9,review_rounds/hpc_random_forest_targeted_wds_round9_reviewed_labels.csv
HPC 0203-5.npz,data/raw/hpc/HPC 0203-5.npz,897,874,0203-5-A5-DG,0203-5-A5-DG,0.01026067054278983,0.7006848340976926,-0.08066339537869403,0.7006848340976926,strong_first_peak,,hpc_doublecheck_round7,review_rounds/hpc_doublecheck_round7_reviewed_labels.csv
HPC 0203-5.npz,data/raw/hpc/HPC 0203-5.npz,908,982,0203-5-A5-DG,0203-5-A5-DG,-0.04080668115272273,0.3729508118554591,-0.09221775154147835,0.3729508118554591,dual_peak,,hpc_doublecheck_round7,review_rounds/hpc_doublecheck_round7_reviewed_labels.csv
HPC 0203-5.npz,data/raw/hpc/HPC 0203-5.npz,916,1309,0203-5-A5-DG,0203-5-A5-DG,-0.06973027346580424,0.39713937721459425,-0.3241079483287937,0.39713937721459425,weak_first_peak,,hpc_random_forest_all_classes_round8,review_rounds/hpc_random_forest_all_classes_round8_reviewed_labels.csv
HPC 0203-5.npz,data/raw/hpc/HPC 0203-5.npz,923,1680,0203-5-A5-DG,0203-5-A5-DG,-0.006379762744184371,0.4356112514176459,-0.5132680127670551,0.5132680127670551,weak_first_peak,,hpc_random_forest_targeted_wds_round9,review_rounds/hpc_random_forest_targeted_wds_round9_reviewed_labels.csv
HPC 0203-5.npz,data/raw/hpc/HPC 0203-5.npz,924,1794,0203-5-A5-DG,0203-5-A5-DG,-0.0137795682300525,0.35731743229554663,-0.08114691337172666,0.35731743229554663,second_peak,,hpc_random_forest_all_classes_round8,review_rounds/hpc_random_forest_all_classes_round8_reviewed_labels.csv
HPC 0203-5.npz,data/raw/hpc/HPC 0203-5.npz,958,2710,0203-5-A5-DG,0203-5-A5-DG,-0.011220577623627713,0.21541949139371105,-0.09066749421019547,0.21541949139371105,no_response,,hpc_random_forest_targeted_wds_round9,review_rounds/hpc_random_forest_targeted_wds_round9_reviewed_labels.csv
HPC 0203-5.npz,data/raw/hpc/HPC 0203-5.npz,964,2871,0203-5-A5-DG,0203-5-A5-DG,0.026816800624073298,1.116476819868923,-0.13085822341048112,1.116476819868923,second_peak,,hpc_doublecheck_round7,review_rounds/hpc_doublecheck_round7_reviewed_labels.csv
HPC 0203-5.npz,data/raw/hpc/HPC 0203-5.npz,966,2938,0203-5-A5-DG,0203-5-A5-DG,-0.011238119045008443,0.3655141185399561,-0.10650606082353355,0.3655141185399561,complex,,hpc_random_forest_all_classes_round8,review_rounds/hpc_random_forest_all_classes_round8_reviewed_labels.csv
HPC 0203-5.npz,data/raw/hpc/HPC 0203-5.npz,973,3253,0203-5-A5-DG,0203-5-A5-DG,0.028055173593458403,0.4117298993884708,-0.013801718011976728,0.4117298993884708,sustained_response,,hpc_random_forest_all_classes_round8,review_rounds/hpc_random_forest_all_classes_round8_reviewed_labels.csv
HPC 0203-5.npz,data/raw/hpc/HPC 0203-5.npz,980,3475,0203-5-A5-DG,0203-5-A5-DG,0.1012671792168999,0.2951830778330975,-0.10207112986442574,0.2951830778330975,no_response,,hpc_doublecheck_round7,review_rounds/hpc_doublecheck_round7_reviewed_labels.csv
HPC 0203-5.npz,data/raw/hpc/HPC 0203-5.npz,984,3630,0203-5-A5-DG,0203-5-A5-DG,0.03093012415291166,0.261110923720824,-0.13189325191709572,0.261110923720824,sustained_response,,hpc_doublecheck_round7,review_rounds/hpc_doublecheck_round7_reviewed_labels.csv
HPC 0203-5.npz,data/raw/hpc/HPC 0203-5.npz,988,3754,0203-5-A5-DG,0203-5-A5-DG,-0.0432413765415417,2.168978344702577,-0.019036550349670785,2.168978344702577,sustained_response,,hpc_doublecheck_round7,review_rounds/hpc_doublecheck_round7_reviewed_labels.csv
HPC 0203-5.npz,data/raw/hpc/HPC 0203-5.npz,1002,4202,0203-5-A5-DG,0203-5-A5-DG,-0.040391869659928165,1.339474986787424,-0.02034295251042184,1.339474986787424,complex,,hpc_random_forest_all_classes_round8,review_rounds/hpc_random_forest_all_classes_round8_reviewed_labels.csv
HPC 0203-5.npz,data/raw/hpc/HPC 0203-5.npz,1004,4332,0203-5-A5-DG,0203-5-A5-DG,-0.17338231242407823,0.18863685682036935,-0.8066738766968938,0.8066738766968938,inhibition,,hpc_doublecheck_round7,review_rounds/hpc_doublecheck_round7_reviewed_labels.csv
HPC 0203-5.npz,data/raw/hpc/HPC 0203-5.npz,1011,4481,0203-5-A5-DG,0203-5-A5-DG,0.028195739932074856,0.005840654080106696,-0.9782415106835226,0.9782415106835226,inhibition,,hpc_doublecheck_round7,review_rounds/hpc_doublecheck_round7_reviewed_labels.csv
HPC 0203-5.npz,data/raw/hpc/HPC 0203-5.npz,1021,4633,0203-5-A5-DG,0203-5-A5-DG,-0.004743090170957577,0.20726069566608288,-0.06356379618312198,0.20726069566608288,no_response,,hpc_doublecheck_round7,review_rounds/hpc_doublecheck_round7_reviewed_labels.csv
HPC 0203-5.npz,data/raw/hpc/HPC 0203-5.npz,1031,4905,0203-5-A5-DG,0203-5-A5-DG,-0.02829043648837092,0.2116876689604956,-0.01570663834844877,0.2116876689604956,no_response,,hpc_doublecheck_round7,review_rounds/hpc_doublecheck_round7_reviewed_labels.csv
HPC 0203-5.npz,data/raw/hpc/HPC 0203-5.npz,1043,5202,0203-5-A5-DG,0203-5-A5-DG,0.04071054043550234,0.21348077549395575,-0.10859329548244187,0.21348077549395575,strong_first_peak,,hpc_doublecheck_round7,review_rounds/hpc_doublecheck_round7_reviewed_labels.csv
HPC 0203-5.npz,data/raw/hpc/HPC 0203-5.npz,1049,5300,0203-5-A5-DG,0203-5-A5-DG,-0.027672249314486412,0.21952728428351684,-0.004124128705460917,0.21952728428351684,no_response,,hpc_doublecheck_round7,review_rounds/hpc_doublecheck_round7_reviewed_labels.csv
HPC 0203-5.npz,data/raw/hpc/HPC 0203-5.npz,1059,5668,0203-5-A5-DG,0203-5-A5-DG,-0.3389716259661327,2.496401751256512,-0.059715902455349745,2.496401751256512,sustained_response,,hpc_doublecheck_round7,review_rounds/hpc_doublecheck_round7_reviewed_labels.csv
HPC 0203-5.npz,data/raw/hpc/HPC 0203-5.npz,1068,5840,0203-5-A5-DG,0203-5-A5-DG,-0.11436109656282988,0.6307296197181766,-0.05771089954275631,0.6307296197181766,dual_peak,,hpc_doublecheck_round7,review_rounds/hpc_doublecheck_round7_reviewed_labels.csv
HPC 0203-5.npz,data/raw/hpc/HPC 0203-5.npz,1099,136,0203-5-A5001,0203-5-A5001,0.37752787331809423,6.549588971223249,-0.2875251399072132,6.549588971223249,sustained_response,,hpc_random_forest_targeted_wds_round9,review_rounds/hpc_random_forest_targeted_wds_round9_reviewed_labels.csv
HPC 0203-5.npz,data/raw/hpc/HPC 0203-5.npz,1101,333,0203-5-A5001,0203-5-A5001,-0.03276492112853302,23.33660158414391,-0.07631747999836772,23.33660158414391,second_peak,,hpc_doublecheck_round7,review_rounds/hpc_doublecheck_round7_reviewed_labels.csv
HPC 0203-5.npz,data/raw/hpc/HPC 0203-5.npz,1105,438,0203-5-A5001,0203-5-A5001,0.12922601638460818,12.899392024445888,-0.195430648212012,12.899392024445888,strong_first_peak,,hpc_doublecheck_round7,review_rounds/hpc_doublecheck_round7_reviewed_labels.csv
HPC 0203-5.npz,data/raw/hpc/HPC 0203-5.npz,1116,1048,0203-5-A5001,0203-5-A5001,0.04518371556396816,0.3533463919802166,-0.39312309539291457,0.39312309539291457,second_peak,,hpc_random_forest_all_classes_round8,review_rounds/hpc_random_forest_all_classes_round8_reviewed_labels.csv
HPC 0203-5.npz,data/raw/hpc/HPC 0203-5.npz,1125,1586,0203-5-A5001,0203-5-A5001,0.022810847517907136,2.6971053861557692,-0.07259333921152318,2.6971053861557692,sustained_response,,hpc_doublecheck_round7,review_rounds/hpc_doublecheck_round7_reviewed_labels.csv
HPC 0203-5.npz,data/raw/hpc/HPC 0203-5.npz,1162,2591,0203-5-A5001,0203-5-A5001,0.010216257754910946,0.03545656373101962,-0.40728296060086056,0.40728296060086056,inhibition,,hpc_doublecheck_round7,review_rounds/hpc_doublecheck_round7_reviewed_labels.csv
HPC 0203-5.npz,data/raw/hpc/HPC 0203-5.npz,1165,2658,0203-5-A5001,0203-5-A5001,0.41702940314950804,4.849542713474171,-0.2594391199896441,4.849542713474171,sustained_response,,hpc_random_forest_targeted_wds_round9,review_rounds/hpc_random_forest_targeted_wds_round9_reviewed_labels.csv
HPC 0203-5.npz,data/raw/hpc/HPC 0203-5.npz,1168,2730,0203-5-A5001,0203-5-A5001,-0.0030446633349732535,0.20033056030775487,-0.044792138778560704,0.20033056030775487,no_response,,hpc_doublecheck_round7,review_rounds/hpc_doublecheck_round7_reviewed_labels.csv
HPC 0203-5.npz,data/raw/hpc/HPC 0203-5.npz,1209,394,0203-5-A5002,0203-5-A5002,0.012868894721300952,0.24495729054339724,-0.3963399100704913,0.3963399100704913,strong_first_peak,,hpc_doublecheck_round7,review_rounds/hpc_doublecheck_round7_reviewed_labels.csv
HPC 0203-5.npz,data/raw/hpc/HPC 0203-5.npz,1229,1032,0203-5-A5002,0203-5-A5002,-0.03849018953112799,5.203730771935917,-0.17554506289182725,5.203730771935917,second_peak,,hpc_doublecheck_round7,review_rounds/hpc_doublecheck_round7_reviewed_labels.csv
HPC 0203-5.npz,data/raw/hpc/HPC 0203-5.npz,1231,1138,0203-5-A5002,0203-5-A5002,-0.013664016158330699,0.9459025976760372,-0.005333229291904896,0.9459025976760372,sustained_response,,hpc_doublecheck_round7,review_rounds/hpc_doublecheck_round7_reviewed_labels.csv
HPC 0203-5.npz,data/raw/hpc/HPC 0203-5.npz,1242,1636,0203-5-A5002,0203-5-A5002,-0.01101485309041477,1.474040351668339,-0.1682307214750637,1.474040351668339,strong_first_peak,,hpc_doublecheck_round7,review_rounds/hpc_doublecheck_round7_reviewed_labels.csv
HPC 0203-5.npz,data/raw/hpc/HPC 0203-5.npz,1245,1816,0203-5-A5002,0203-5-A5002,-0.1764905787174984,0.6537984245680541,-0.04445060120189376,0.6537984245680541,sustained_response,,hpc_random_forest_targeted_wds_round9,review_rounds/hpc_random_forest_targeted_wds_round9_reviewed_labels.csv
HPC 0203-5.npz,data/raw/hpc/HPC 0203-5.npz,1262,2566,0203-5-A5002,0203-5-A5002,0.01582272748131664,0.03677420468136504,-0.6274577535025171,0.6274577535025171,inhibition,,hpc_doublecheck_round7,review_rounds/hpc_doublecheck_round7_reviewed_labels.csv
HPC 0203-5.npz,data/raw/hpc/HPC 0203-5.npz,1266,2672,0203-5-A5002,0203-5-A5002,-0.030181192991650934,2.7336500254602747,-0.01282886636077699,2.7336500254602747,sustained_response,,hpc_doublecheck_round7,review_rounds/hpc_doublecheck_round7_reviewed_labels.csv
HPC 0203-5.npz,data/raw/hpc/HPC 0203-5.npz,1296,29,0203-5-A5003,0203-5-A5003,0.010720948255111412,0.5456197566514722,-0.03392403290083093,0.5456197566514722,sustained_response,,hpc_doublecheck_round7,review_rounds/hpc_doublecheck_round7_reviewed_labels.csv
HPC 0203-5.npz,data/raw/hpc/HPC 0203-5.npz,1297,36,0203-5-A5003,0203-5-A5003,0.008792474564463089,1.813450547995851,-0.03393191117616565,1.813450547995851,sustained_response,,hpc_random_forest_all_classes_round8,review_rounds/hpc_random_forest_all_classes_round8_reviewed_labels.csv
HPC 0203-5.npz,data/raw/hpc/HPC 0203-5.npz,1305,142,0203-5-A5003,0203-5-A5003,-0.0034412124385193965,0.3276976418478539,-0.4757194081327399,0.4757194081327399,weak_first_peak,,hpc_random_forest_all_classes_round8,review_rounds/hpc_random_forest_all_classes_round8_reviewed_labels.csv
HPC 0203-5.npz,data/raw/hpc/HPC 0203-5.npz,1307,164,0203-5-A5003,0203-5-A5003,-0.0036396026642592856,0.7453494449508727,-0.3687644339850019,0.7453494449508727,sustained_response,,hpc_doublecheck_round7,review_rounds/hpc_doublecheck_round7_reviewed_labels.csv
HPC 0203-5.npz,data/raw/hpc/HPC 0203-5.npz,1313,367,0203-5-A5003,0203-5-A5003,0.013152146491394555,0.004823290951049044,-0.7224984333828022,0.7224984333828022,inhibition,,hpc_doublecheck_round7,review_rounds/hpc_doublecheck_round7_reviewed_labels.csv
HPC 0203-5.npz,data/raw/hpc/HPC 0203-5.npz,1322,848,0203-5-A5003,0203-5-A5003,-0.0020658312304129532,0.20508111694793468,-0.5492949205748425,0.5492949205748425,weak_first_peak,,hpc_random_forest_targeted_wds_round9,review_rounds/hpc_random_forest_targeted_wds_round9_reviewed_labels.csv
HPC 0203-5.npz,data/raw/hpc/HPC 0203-5.npz,1338,1489,0203-5-A5003,0203-5-A5003,-0.009287364219299347,0.07621490527816317,-0.4505697157454981,0.4505697157454981,inhibition,,hpc_doublecheck_round7,review_rounds/hpc_doublecheck_round7_reviewed_labels.csv
HPC 0203-5.npz,data/raw/hpc/HPC 0203-5.npz,1355,2186,0203-5-A5003,0203-5-A5003,0.7735609032214429,3.200723304520714,-0.4916399435886658,3.200723304520714,sustained_response,,hpc_doublecheck_round7,review_rounds/hpc_doublecheck_round7_reviewed_labels.csv
HPC 0203-5.npz,data/raw/hpc/HPC 0203-5.npz,1381,2991,0203-5-A5003,0203-5-A5003,0.07166041193227804,0.6766670390261335,-0.17985688515047743,0.6766670390261335,complex,,hpc_doublecheck_round7,review_rounds/hpc_doublecheck_round7_reviewed_labels.csv
HPC 0203-5.npz,data/raw/hpc/HPC 0203-5.npz,1388,3210,0203-5-A5003,0203-5-A5003,0.037004665393256135,0.009690435485871028,-0.33406126975139167,0.33406126975139167,inhibition,,hpc_doublecheck_round7,review_rounds/hpc_doublecheck_round7_reviewed_labels.csv
HPC 0203-5.npz,data/raw/hpc/HPC 0203-5.npz,1389,3258,0203-5-A5003,0203-5-A5003,0.015213758131205513,0.5678085119706525,-0.21873291957369984,0.5678085119706525,complex,,hpc_doublecheck_round7,review_rounds/hpc_doublecheck_round7_reviewed_labels.csv
HPC 0203-5.npz,data/raw/hpc/HPC 0203-5.npz,1400,3690,0203-5-A5003,0203-5-A5003,0.11623129563971116,20.73525894225133,-0.10938957739593119,20.73525894225133,weak_first_peak,,hpc_doublecheck_round7,review_rounds/hpc_doublecheck_round7_reviewed_labels.csv
HPC 0203-5.npz,data/raw/hpc/HPC 0203-5.npz,1409,87,0203-5-A5004,0203-5-A5004,0.6040843969383223,29.41963816610877,-0.49880866257483963,29.41963816610877,strong_first_peak,,hpc_doublecheck_round7,review_rounds/hpc_doublecheck_round7_reviewed_labels.csv
HPC 0203-5.npz,data/raw/hpc/HPC 0203-5.npz,1412,113,0203-5-A5004,0203-5-A5004,-0.03811001729301637,0.45722773796395044,-0.248548781186143,0.45722773796395044,sustained_response,,hpc_doublecheck_round7,review_rounds/hpc_doublecheck_round7_reviewed_labels.csv
HPC 0203-5.npz,data/raw/hpc/HPC 0203-5.npz,1415,154,0203-5-A5004,0203-5-A5004,-0.016276545912642586,0.5566271030993722,-0.5265578082549448,0.5566271030993722,strong_first_peak,,hpc_random_forest_all_classes_round8,review_rounds/hpc_random_forest_all_classes_round8_reviewed_labels.csv
HPC 0203-5.npz,data/raw/hpc/HPC 0203-5.npz,1418,227,0203-5-A5004,0203-5-A5004,-0.0012331837751062957,0.43256117607022093,-0.518138845697573,0.518138845697573,weak_first_peak,,hpc_random_forest_targeted_wds_round9,review_rounds/hpc_random_forest_targeted_wds_round9_reviewed_labels.csv
HPC 0203-5.npz,data/raw/hpc/HPC 0203-5.npz,1423,709,0203-5-A5004,0203-5-A5004,-0.02930608577545161,3.1874162738885095,-0.0638801112868327,3.1874162738885095,complex,,hpc_doublecheck_round7,review_rounds/hpc_doublecheck_round7_reviewed_labels.csv
HPC 0203-5.npz,data/raw/hpc/HPC 0203-5.npz,1454,2525,0203-5-A5004,0203-5-A5004,0.07418625813992719,0.43101481760525295,-0.37324038574423096,0.43101481760525295,weak_first_peak,,hpc_random_forest_all_classes_round8,review_rounds/hpc_random_forest_all_classes_round8_reviewed_labels.csv
HPC 0203-5.npz,data/raw/hpc/HPC 0203-5.npz,1465,2785,0203-5-A5004,0203-5-A5004,0.021830522929683946,6.430302594375253,-0.11228499966705102,6.430302594375253,dual_peak,,hpc_random_forest_targeted_wds_round9,review_rounds/hpc_random_forest_targeted_wds_round9_reviewed_labels.csv
HPC 0203-5.npz,data/raw/hpc/HPC 0203-5.npz,1511,92,0203-5-B5-CA3,0203-5-B5-CA3,0.04355425764081732,0.03327093417925884,-0.9408529572787883,0.9408529572787883,inhibition,,hpc_doublecheck_round7,review_rounds/hpc_doublecheck_round7_reviewed_labels.csv
HPC 0203-5.npz,data/raw/hpc/HPC 0203-5.npz,1513,154,0203-5-B5-CA3,0203-5-B5-CA3,-0.02999172735108538,1.333884563351793,-0.01978199343052995,1.333884563351793,second_peak,,hpc_doublecheck_round7,review_rounds/hpc_doublecheck_round7_reviewed_labels.csv
HPC 0203-5.npz,data/raw/hpc/HPC 0203-5.npz,1514,156,0203-5-B5-CA3,0203-5-B5-CA3,0.12291553493869631,2.9346897871967497,-0.036547308208682835,2.9346897871967497,complex,,hpc_doublecheck_round7,review_rounds/hpc_doublecheck_round7_reviewed_labels.csv
HPC 0203-5.npz,data/raw/hpc/HPC 0203-5.npz,1524,505,0203-5-B5-CA3,0203-5-B5-CA3,-0.023105589186232962,2.8147527080158166,-0.04205420163053713,2.8147527080158166,sustained_response,,hpc_doublecheck_round7,review_rounds/hpc_doublecheck_round7_reviewed_labels.csv
HPC 0203-5.npz,data/raw/hpc/HPC 0203-5.npz,1526,644,0203-5-B5-CA3,0203-5-B5-CA3,0.05388268326539243,9.842613917940941,-0.1974388734226704,9.842613917940941,dual_peak,,hpc_doublecheck_round7,review_rounds/hpc_doublecheck_round7_reviewed_labels.csv
HPC 0203-5.npz,data/raw/hpc/HPC 0203-5.npz,1529,790,0203-5-B5-CA3,0203-5-B5-CA3,0.11506993798364304,3.8931354418335777,-0.13881241279453396,3.8931354418335777,strong_first_peak,,hpc_doublecheck_round7,review_rounds/hpc_doublecheck_round7_reviewed_labels.csv
HPC 0203-5.npz,data/raw/hpc/HPC 0203-5.npz,1540,1255,0203-5-B5-CA3,0203-5-B5-CA3,-0.027243031277818533,1.0571987645317449,-0.43009093135552445,1.0571987645317449,strong_first_peak,,hpc_random_forest_all_classes_round8,review_rounds/hpc_random_forest_all_classes_round8_reviewed_labels.csv
HPC 0203-5.npz,data/raw/hpc/HPC 0203-5.npz,1544,1558,0203-5-B5-CA3,0203-5-B5-CA3,-0.020555171744680106,0.542998925773002,-0.7246370801467766,0.7246370801467766,weak_first_peak,,hpc_doublecheck_round7,review_rounds/hpc_doublecheck_round7_reviewed_labels.csv
HPC 0203-5.npz,data/raw/hpc/HPC 0203-5.npz,1549,1639,0203-5-B5-CA3,0203-5-B5-CA3,-0.007257132485627995,0.916567270081164,-0.0698326541363478,0.916567270081164,sustained_response,,hpc_doublecheck_round7,review_rounds/hpc_doublecheck_round7_reviewed_labels.csv
HPC 0203-5.npz,data/raw/hpc/HPC 0203-5.npz,1562,2283,0203-5-B5-CA3,0203-5-B5-CA3,0.02897359837145107,0.3128423948762253,-0.4322807798246724,0.4322807798246724,weak_first_peak,,hpc_doublecheck_round7,review_rounds/hpc_doublecheck_round7_reviewed_labels.csv
HPC 0203-5.npz,data/raw/hpc/HPC 0203-5.npz,1567,2331,0203-5-B5-CA3,0203-5-B5-CA3,-0.01452487739542746,1.0448131489334518,-0.223623568358518,1.0448131489334518,second_peak,,hpc_doublecheck_round7,review_rounds/hpc_doublecheck_round7_reviewed_labels.csv
HPC 0203-5.npz,data/raw/hpc/HPC 0203-5.npz,1570,2427,0203-5-B5-CA3,0203-5-B5-CA3,-0.02189515481906673,0.23270810254748384,-0.028160428816681335,0.23270810254748384,sustained_response,,hpc_doublecheck_round7,review_rounds/hpc_doublecheck_round7_reviewed_labels.csv
HPC 0203-5.npz,data/raw/hpc/HPC 0203-5.npz,1612,110,0203-5-B5-DG001,0203-5-B5-DG001,-0.006358360851811907,0.22202737602450862,-0.03613182684733973,0.22202737602450862,no_response,,hpc_random_forest_all_classes_round8,review_rounds/hpc_random_forest_all_classes_round8_reviewed_labels.csv
HPC 0203-5.npz,data/raw/hpc/HPC 0203-5.npz,1614,130,0203-5-B5-DG001,0203-5-B5-DG001,-0.16227172653302463,23.54446095330323,-0.08862748588555652,23.54446095330323,sustained_response,,hpc_doublecheck_round7,review_rounds/hpc_doublecheck_round7_reviewed_labels.csv
HPC 0203-5.npz,data/raw/hpc/HPC 0203-5.npz,1629,484,0203-5-B5-DG001,0203-5-B5-DG001,0.1012629378554341,0.12530126173421158,-0.7380373898594977,0.7380373898594977,inhibition,,hpc_doublecheck_round7,review_rounds/hpc_doublecheck_round7_reviewed_labels.csv
HPC 0203-5.npz,data/raw/hpc/HPC 0203-5.npz,1652,977,0203-5-B5-DG001,0203-5-B5-DG001,-0.0215973942452956,0.22123909877611414,-0.013870794250079584,0.22123909877611414,no_response,,hpc_doublecheck_round7,review_rounds/hpc_doublecheck_round7_reviewed_labels.csv
HPC 0203-5.npz,data/raw/hpc/HPC 0203-5.npz,1668,1324,0203-5-B5-DG001,0203-5-B5-DG001,0.00997748440644601,1.327176267334895,-0.07466300507749868,1.327176267334895,complex,,hpc_doublecheck_round7,review_rounds/hpc_doublecheck_round7_reviewed_labels.csv
HPC 0203-5.npz,data/raw/hpc/HPC 0203-5.npz,1673,1428,0203-5-B5-DG001,0203-5-B5-DG001,-0.038348967792329595,0.3843033584958456,-0.5903405278506934,0.5903405278506934,strong_first_peak,,hpc_random_forest_all_classes_round8,review_rounds/hpc_random_forest_all_classes_round8_reviewed_labels.csv
HPC 0203-5.npz,data/raw/hpc/HPC 0203-5.npz,1689,1690,0203-5-B5-DG001,0203-5-B5-DG001,-0.062461810384868754,2.374162438045554,-0.031398660295417546,2.374162438045554,sustained_response,,hpc_doublecheck_round7,review_rounds/hpc_doublecheck_round7_reviewed_labels.csv
HPC 0203-5.npz,data/raw/hpc/HPC 0203-5.npz,1711,1991,0203-5-B5-DG001,0203-5-B5-DG001,0.018997188268927625,0.6983022276041568,-0.08942254934617325,0.6983022276041568,sustained_response,,hpc_doublecheck_round7,review_rounds/hpc_doublecheck_round7_reviewed_labels.csv
HPC 0203-5.npz,data/raw/hpc/HPC 0203-5.npz,1737,2421,0203-5-B5-DG001,0203-5-B5-DG001,0.044801028793245434,0.4192640369963446,-0.13504995189426677,0.4192640369963446,complex,,hpc_doublecheck_round7,review_rounds/hpc_doublecheck_round7_reviewed_labels.csv
HPC 0203-5.npz,data/raw/hpc/HPC 0203-5.npz,1745,2660,0203-5-B5-DG001,0203-5-B5-DG001,-0.027465538199851924,0.21652589630932859,-0.06996225023234925,0.21652589630932859,complex,,hpc_doublecheck_round7,review_rounds/hpc_doublecheck_round7_reviewed_labels.csv
HPC 0203-5.npz,data/raw/hpc/HPC 0203-5.npz,1769,3009,0203-5-B5-DG001,0203-5-B5-DG001,0.09916947604177379,0.05222971930744372,-0.22586261650514963,0.22586261650514963,inhibition,,hpc_doublecheck_round7,review_rounds/hpc_doublecheck_round7_reviewed_labels.csv
HPC 0203-5.npz,data/raw/hpc/HPC 0203-5.npz,1801,3517,0203-5-B5-DG001,0203-5-B5-DG001,-0.05881835614615675,0.26262371716632815,-0.024341867967160084,0.26262371716632815,sustained_response,,hpc_random_forest_all_classes_round8,review_rounds/hpc_random_forest_all_classes_round8_reviewed_labels.csv
HPC 0203-5.npz,data/raw/hpc/HPC 0203-5.npz,1811,17,0203-5-B5-DG,0203-5-B5-DG,-0.03603459862646134,0.4199977098314007,-0.3924955594295549,0.4199977098314007,strong_first_peak,,hpc_doublecheck_round7,review_rounds/hpc_doublecheck_round7_reviewed_labels.csv
HPC 0203-5.npz,data/raw/hpc/HPC 0203-5.npz,1817,79,0203-5-B5-DG,0203-5-B5-DG,0.03333280969467412,0.35690563381669027,-0.14130851496393942,0.35690563381669027,sustained_response,,hpc_random_forest_all_classes_round8,review_rounds/hpc_random_forest_all_classes_round8_reviewed_labels.csv
HPC 0203-5.npz,data/raw/hpc/HPC 0203-5.npz,1830,256,0203-5-B5-DG,0203-5-B5-DG,0.005336697487061741,0.01100855742964747,-0.5860496424258218,0.5860496424258218,inhibition,,hpc_doublecheck_round7,review_rounds/hpc_doublecheck_round7_reviewed_labels.csv
HPC 0203-5.npz,data/raw/hpc/HPC 0203-5.npz,1833,267,0203-5-B5-DG,0203-5-B5-DG,0.026662954943694018,4.987367833920848,-0.12158878711726448,4.987367833920848,sustained_response,,hpc_doublecheck_round7,review_rounds/hpc_doublecheck_round7_reviewed_labels.csv
HPC 0203-5.npz,data/raw/hpc/HPC 0203-5.npz,1836,286,0203-5-B5-DG,0203-5-B5-DG,-0.04364142043991283,0.21459368774909604,-0.04062999046452667,0.21459368774909604,sustained_response,,hpc_doublecheck_round7,review_rounds/hpc_doublecheck_round7_reviewed_labels.csv
HPC 0203-5.npz,data/raw/hpc/HPC 0203-5.npz,1858,722,0203-5-B5-DG,0203-5-B5-DG,0.02798749829292996,0.38742733079744623,-0.13815444795595497,0.38742733079744623,no_response,,hpc_doublecheck_round7,review_rounds/hpc_doublecheck_round7_reviewed_labels.csv
HPC 0203-5.npz,data/raw/hpc/HPC 0203-5.npz,1899,1795,0203-5-B5-DG,0203-5-B5-DG,-0.009232292250675116,0.48202102001944425,-0.10685391328519869,0.48202102001944425,second_peak,,hpc_random_forest_all_classes_round8,review_rounds/hpc_random_forest_all_classes_round8_reviewed_labels.csv
HPC 0203-5.npz,data/raw/hpc/HPC 0203-5.npz,1921,2277,0203-5-B5-DG,0203-5-B5-DG,-0.0631691725375887,0.39589160103681914,-0.375199712860964,0.39589160103681914,strong_first_peak,,hpc_doublecheck_round7,review_rounds/hpc_doublecheck_round7_reviewed_labels.csv
HPC 0203-5.npz,data/raw/hpc/HPC 0203-5.npz,1929,2522,0203-5-B5-DG,0203-5-B5-DG,0.012405006617139114,2.6124479058869317,-0.026125378127938748,2.6124479058869317,sustained_response,,hpc_doublecheck_round7,review_rounds/hpc_doublecheck_round7_reviewed_labels.csv
HPC 0203-5.npz,data/raw/hpc/HPC 0203-5.npz,1932,2593,0203-5-B5-DG,0203-5-B5-DG,0.028911568716454367,0.30134702519149525,-0.16433637746449298,0.30134702519149525,second_peak,,hpc_random_forest_all_classes_round8,review_rounds/hpc_random_forest_all_classes_round8_reviewed_labels.csv
HPC 0203-5.npz,data/raw/hpc/HPC 0203-5.npz,1964,3452,0203-5-B5-DG,0203-5-B5-DG,-0.013682424709508628,0.28173146034024243,-0.10291021325666838,0.28173146034024243,dual_peak,,hpc_random_forest_all_classes_round8,review_rounds/hpc_random_forest_all_classes_round8_reviewed_labels.csv
HPC 0203-5.npz,data/raw/hpc/HPC 0203-5.npz,1989,4013,0203-5-B5-DG,0203-5-B5-DG,0.0035607802700731556,0.46038646422012874,-0.06858367371991131,0.46038646422012874,no_response,,hpc_doublecheck_round7,review_rounds/hpc_doublecheck_round7_reviewed_labels.csv
HPC 0203-5.npz,data/raw/hpc/HPC 0203-5.npz,1994,4106,0203-5-B5-DG,0203-5-B5-DG,-0.05226214566796001,0.385168865007159,-0.01696059377774691,0.385168865007159,dual_peak,,hpc_doublecheck_round7,review_rounds/hpc_doublecheck_round7_reviewed_labels.csv
HPC 0203-5.npz,data/raw/hpc/HPC 0203-5.npz,2010,4447,0203-5-B5-DG,0203-5-B5-DG,-0.11583216129692027,1.6146610906129024,-0.4524986874973224,1.6146610906129024,strong_first_peak,,hpc_doublecheck_round7,review_rounds/hpc_doublecheck_round7_reviewed_labels.csv
HPC 0203-5.npz,data/raw/hpc/HPC 0203-5.npz,2027,4940,0203-5-B5-DG,0203-5-B5-DG,-0.23167488589232726,1.5155202235362895,-0.08430584142572933,1.5155202235362895,second_peak,,hpc_doublecheck_round7,review_rounds/hpc_doublecheck_round7_reviewed_labels.csv
HPC 0203-5.npz,data/raw/hpc/HPC 0203-5.npz,2040,216,0203-5-B5001,0203-5-B5001,0.043312512595887136,0.4775558006827039,-0.5765644565083851,0.5765644565083851,weak_first_peak,,hpc_doublecheck_round7,review_rounds/hpc_doublecheck_round7_reviewed_labels.csv
HPC 0203-5.npz,data/raw/hpc/HPC 0203-5.npz,2041,217,0203-5-B5001,0203-5-B5001,-0.08091207236517209,0.23926021344493423,-0.09537004877980781,0.23926021344493423,complex,,hpc_random_forest_targeted_wds_round9,review_rounds/hpc_random_forest_targeted_wds_round9_reviewed_labels.csv
HPC 0203-5.npz,data/raw/hpc/HPC 0203-5.npz,2042,223,0203-5-B5001,0203-5-B5001,-0.02583451724366455,0.329423726484789,-0.0490745316045192,0.329423726484789,no_response,,hpc_random_forest_targeted_wds_round9,review_rounds/hpc_random_forest_targeted_wds_round9_reviewed_labels.csv
HPC 0203-5.npz,data/raw/hpc/HPC 0203-5.npz,2044,278,0203-5-B5001,0203-5-B5001,0.04888307824355653,0.6126691097221598,-0.23939618520237332,0.6126691097221598,complex,,hpc_doublecheck_round7,review_rounds/hpc_doublecheck_round7_reviewed_labels.csv
HPC 0203-5.npz,data/raw/hpc/HPC 0203-5.npz,2045,311,0203-5-B5001,0203-5-B5001,-0.014091576549295761,0.21913423894880105,-0.007252448995840233,0.21913423894880105,sustained_response,,hpc_doublecheck_round7,review_rounds/hpc_doublecheck_round7_reviewed_labels.csv
HPC 0203-5.npz,data/raw/hpc/HPC 0203-5.npz,2052,436,0203-5-B5001,0203-5-B5001,0.03481916537624491,0.005625486025434258,-0.544680064112439,0.544680064112439,inhibition,,hpc_doublecheck_round7,review_rounds/hpc_doublecheck_round7_reviewed_labels.csv
HPC 0203-5.npz,data/raw/hpc/HPC 0203-5.npz,2059,615,0203-5-B5001,0203-5-B5001,-0.04484314167630088,0.19894389012372954,-0.41671694802983483,0.41671694802983483,weak_first_peak,,hpc_random_forest_all_classes_round8,review_rounds/hpc_random_forest_all_classes_round8_reviewed_labels.csv
HPC 0203-5.npz,data/raw/hpc/HPC 0203-5.npz,2074,1235,0203-5-B5001,0203-5-B5001,-0.16235566447994934,1.6988879539851622,-0.00768613993429676,1.6988879539851622,sustained_response,,hpc_doublecheck_round7,review_rounds/hpc_doublecheck_round7_reviewed_labels.csv
HPC 0203-5.npz,data/raw/hpc/HPC 0203-5.npz,2088,1747,0203-5-B5001,0203-5-B5001,0.012639950481258558,0.8790234592702261,-0.5552344832759716,0.8790234592702261,weak_first_peak,,hpc_doublecheck_round7,review_rounds/hpc_doublecheck_round7_reviewed_labels.csv
HPC 0203-5.npz,data/raw/hpc/HPC 0203-5.npz,2100,2093,0203-5-B5001,0203-5-B5001,-0.0009224052228218401,0.6322787330099672,-0.09572055109060296,0.6322787330099672,complex,,hpc_doublecheck_round7,review_rounds/hpc_doublecheck_round7_reviewed_labels.csv
HPC 0203-5.npz,data/raw/hpc/HPC 0203-5.npz,2102,2098,0203-5-B5001,0203-5-B5001,-0.057905884101419676,0.6866687208477451,-0.01993300420796961,0.6866687208477451,sustained_response,,hpc_doublecheck_round7,review_rounds/hpc_doublecheck_round7_reviewed_labels.csv
HPC 0203-5.npz,data/raw/hpc/HPC 0203-5.npz,2121,2646,0203-5-B5001,0203-5-B5001,0.017676644336133286,0.3328303090220093,-0.2550654519428337,0.3328303090220093,no_response,,hpc_doublecheck_round7,review_rounds/hpc_doublecheck_round7_reviewed_labels.csv
HPC 0203-5.npz,data/raw/hpc/HPC 0203-5.npz,2135,2998,0203-5-B5001,0203-5-B5001,-0.0636917000440547,0.5742430294868058,-0.4990326423162187,0.5742430294868058,weak_first_peak,,hpc_random_forest_targeted_wds_round9,review_rounds/hpc_random_forest_targeted_wds_round9_reviewed_labels.csv
HPC 0203-5.npz,data/raw/hpc/HPC 0203-5.npz,2144,3301,0203-5-B5001,0203-5-B5001,-0.0336352462315082,0.07826554980481626,-0.8671405165650872,0.8671405165650872,inhibition,,hpc_doublecheck_round7,review_rounds/hpc_doublecheck_round7_reviewed_labels.csv
HPC 0203-5.npz,data/raw/hpc/HPC 0203-5.npz,2165,199,0203-5-B5002,0203-5-B5002,0.4950332809859444,5.8135472390913,-0.21279098868790758,5.8135472390913,dual_peak,,hpc_random_forest_targeted_wds_round9,review_rounds/hpc_random_forest_targeted_wds_round9_reviewed_labels.csv
HPC 0203-5.npz,data/raw/hpc/HPC 0203-5.npz,2177,644,0203-5-B5002,0203-5-B5002,0.01623754060358705,0.008375433965133412,-0.7703622785340674,0.7703622785340674,inhibition,,hpc_doublecheck_round7,review_rounds/hpc_doublecheck_round7_reviewed_labels.csv
HPC 0203-5.npz,data/raw/hpc/HPC 0203-5.npz,2180,715,0203-5-B5002,0203-5-B5002,-0.020704554241371718,0.5742114192267725,-0.060985771493870855,0.5742114192267725,no_response,,hpc_doublecheck_round7,review_rounds/hpc_doublecheck_round7_reviewed_labels.csv
HPC 0203-5.npz,data/raw/hpc/HPC 0203-5.npz,2187,815,0203-5-B5002,0203-5-B5002,-0.0004342601852163012,0.027636887175091836,-0.6040491795704698,0.6040491795704698,inhibition,,hpc_doublecheck_round7,review_rounds/hpc_doublecheck_round7_reviewed_labels.csv
HPC 0203-5.npz,data/raw/hpc/HPC 0203-5.npz,2194,912,0203-5-B5002,0203-5-B5002,0.03569930600499412,1.9756940395567109,-0.09719348044025215,1.9756940395567109,second_peak,,hpc_doublecheck_round7,review_rounds/hpc_doublecheck_round7_reviewed_labels.csv
HPC 0203-5.npz,data/raw/hpc/HPC 0203-5.npz,2212,1357,0203-5-B5002,0203-5-B5002,0.06457307876012691,0.18695795766597306,-0.6014680327066815,0.6014680327066815,weak_first_peak,,hpc_random_forest_all_classes_round8,review_rounds/hpc_random_forest_all_classes_round8_reviewed_labels.csv
HPC 0203-5.npz,data/raw/hpc/HPC 0203-5.npz,2232,1771,0203-5-B5002,0203-5-B5002,-0.009301435341592819,1.8887557691259365,-0.04486113760455935,1.8887557691259365,sustained_response,,hpc_doublecheck_round7,review_rounds/hpc_doublecheck_round7_reviewed_labels.csv
HPC 0203-5.npz,data/raw/hpc/HPC 0203-5.npz,2238,2017,0203-5-B5002,0203-5-B5002,-0.06945851136324807,2.313488335254425,-0.0385702053948498,2.313488335254425,dual_peak,,hpc_doublecheck_round7,review_rounds/hpc_doublecheck_round7_reviewed_labels.csv
HPC 0203-5.npz,data/raw/hpc/HPC 0203-5.npz,2239,2040,0203-5-B5002,0203-5-B5002,-0.04934376451593754,3.359211759453467,-0.02414020377907468,3.359211759453467,sustained_response,,hpc_doublecheck_round7,review_rounds/hpc_doublecheck_round7_reviewed_labels.csv
HPC 0203-5.npz,data/raw/hpc/HPC 0203-5.npz,2244,2102,0203-5-B5002,0203-5-B5002,0.007834364213442305,0.22174505168787575,-0.04143840019145578,0.22174505168787575,sustained_response,,hpc_doublecheck_round7,review_rounds/hpc_doublecheck_round7_reviewed_labels.csv
HPC 0203-5.npz,data/raw/hpc/HPC 0203-5.npz,2249,2138,0203-5-B5002,0203-5-B5002,0.039473768028129214,0.016224611341490336,-0.5100862510600126,0.5100862510600126,inhibition,,hpc_doublecheck_round7,review_rounds/hpc_doublecheck_round7_reviewed_labels.csv
HPC 0203-5.npz,data/raw/hpc/HPC 0203-5.npz,2270,2785,0203-5-B5002,0203-5-B5002,-0.07050186202998437,0.223005718229994,-0.007285956112312489,0.223005718229994,sustained_response,,hpc_doublecheck_round7,review_rounds/hpc_doublecheck_round7_reviewed_labels.csv
HPC 0203-5.npz,data/raw/hpc/HPC 0203-5.npz,2272,2814,0203-5-B5002,0203-5-B5002,-0.02157272578095375,1.8365181660511505,-0.025473701099975345,1.8365181660511505,strong_first_peak,,hpc_doublecheck_round7,review_rounds/hpc_doublecheck_round7_reviewed_labels.csv
HPC 0203-5.npz,data/raw/hpc/HPC 0203-5.npz,2295,370,0203-5-B5003,0203-5-B5003,-0.05503836754744803,1.1638038250769125,-0.11563608889816399,1.1638038250769125,sustained_response,,hpc_doublecheck_round7,review_rounds/hpc_doublecheck_round7_reviewed_labels.csv
HPC 0203-5.npz,data/raw/hpc/HPC 0203-5.npz,2302,587,0203-5-B5003,0203-5-B5003,-0.006748558271664255,0.2188852591829193,-0.0383705574611759,0.2188852591829193,no_response,,hpc_random_forest_all_classes_round8,review_rounds/hpc_random_forest_all_classes_round8_reviewed_labels.csv
HPC 0203-5.npz,data/raw/hpc/HPC 0203-5.npz,2306,664,0203-5-B5003,0203-5-B5003,-0.02232971063192176,0.1341649240061264,-0.34614529007251044,0.34614529007251044,weak_first_peak,,hpc_random_forest_targeted_wds_round9,review_rounds/hpc_random_forest_targeted_wds_round9_reviewed_labels.csv
HPC 0203-5.npz,data/raw/hpc/HPC 0203-5.npz,2315,861,0203-5-B5003,0203-5-B5003,-0.03796356648609812,1.4151393345538181,-0.09074248752076441,1.4151393345538181,complex,,hpc_doublecheck_round7,review_rounds/hpc_doublecheck_round7_reviewed_labels.csv
HPC 0203-5.npz,data/raw/hpc/HPC 0203-5.npz,2316,874,0203-5-B5003,0203-5-B5003,-0.03257181135682717,1.1818688640096136,-0.44501894761446625,1.1818688640096136,sustained_response,,hpc_doublecheck_round7,review_rounds/hpc_doublecheck_round7_reviewed_labels.csv
HPC 0203-5.npz,data/raw/hpc/HPC 0203-5.npz,2317,884,0203-5-B5003,0203-5-B5003,0.12154348567649984,7.105455408307904,-0.17346779964527131,7.105455408307904,complex,,hpc_doublecheck_round7,review_rounds/hpc_doublecheck_round7_reviewed_labels.csv
HPC 0203-5.npz,data/raw/hpc/HPC 0203-5.npz,2319,889,0203-5-B5003,0203-5-B5003,-0.009641906962856139,0.1110973228679089,-0.9414604179518588,0.9414604179518588,inhibition,,hpc_doublecheck_round7,review_rounds/hpc_doublecheck_round7_reviewed_labels.csv
HPC 0203-5.npz,data/raw/hpc/HPC 0203-5.npz,2321,896,0203-5-B5003,0203-5-B5003,-0.006440381193723147,0.24482871770828304,-0.03360069141054389,0.24482871770828304,no_response,,hpc_random_forest_all_classes_round8,review_rounds/hpc_random_forest_all_classes_round8_reviewed_labels.csv
HPC 0203-5.npz,data/raw/hpc/HPC 0203-5.npz,2334,1317,0203-5-B5003,0203-5-B5003,0.001246705302368804,0.5810358070957911,-0.14142056909735026,0.5810358070957911,dual_peak,,hpc_doublecheck_round7,review_rounds/hpc_doublecheck_round7_reviewed_labels.csv
HPC 0203-5.npz,data/raw/hpc/HPC 0203-5.npz,2337,1375,0203-5-B5003,0203-5-B5003,-0.03081576506045968,1.808621344949216,-0.020526588725049096,1.808621344949216,sustained_response,,hpc_doublecheck_round7,review_rounds/hpc_doublecheck_round7_reviewed_labels.csv
HPC 0203-5.npz,data/raw/hpc/HPC 0203-5.npz,2344,1568,0203-5-B5003,0203-5-B5003,0.08449436312276412,13.194220995282794,-0.19565244723176556,13.194220995282794,dual_peak,,hpc_doublecheck_round7,review_rounds/hpc_doublecheck_round7_reviewed_labels.csv
HPC 0203-5.npz,data/raw/hpc/HPC 0203-5.npz,2347,1646,0203-5-B5003,0203-5-B5003,0.004778886613727342,0.849583067382926,-0.07695130882201258,0.849583067382926,sustained_response,,hpc_doublecheck_round7,review_rounds/hpc_doublecheck_round7_reviewed_labels.csv
HPC 0203-5.npz,data/raw/hpc/HPC 0203-5.npz,2352,1783,0203-5-B5003,0203-5-B5003,0.0010968408637688542,2.261231433441812,-0.04681253467972876,2.261231433441812,sustained_response,,hpc_doublecheck_round7,review_rounds/hpc_doublecheck_round7_reviewed_labels.csv
HPC 0203-5.npz,data/raw/hpc/HPC 0203-5.npz,2378,2309,0203-5-B5003,0203-5-B5003,-0.005171119195361158,0.21233269374425856,-0.0034602761522507797,0.21233269374425856,sustained_response,,hpc_doublecheck_round7,review_rounds/hpc_doublecheck_round7_reviewed_labels.csv
HPC 0203-5.npz,data/raw/hpc/HPC 0203-5.npz,2391,2630,0203-5-B5003,0203-5-B5003,-0.05554087213542895,1.0178660972278226,-0.04592327857709835,1.0178660972278226,sustained_response,,hpc_doublecheck_round7,review_rounds/hpc_doublecheck_round7_reviewed_labels.csv
HPC 0203-5.npz,data/raw/hpc/HPC 0203-5.npz,2392,2632,0203-5-B5003,0203-5-B5003,0.0010084083147822193,0.027428155799846605,-0.641752868916245,0.641752868916245,inhibition,,hpc_doublecheck_round7,review_rounds/hpc_doublecheck_round7_reviewed_labels.csv
HPC 0203-5.npz,data/raw/hpc/HPC 0203-5.npz,2395,2697,0203-5-B5003,0203-5-B5003,0.027172482396746026,0.3689365971325389,-0.06594393983655832,0.3689365971325389,dual_peak,,hpc_random_forest_all_classes_round8,review_rounds/hpc_random_forest_all_classes_round8_reviewed_labels.csv
HPC 0203-5.npz,data/raw/hpc/HPC 0203-5.npz,2415,154,0203-5-C5001,0203-5-C5001,-0.012810629764478318,0.21531364384967266,-0.06746795708458089,0.21531364384967266,no_response,,hpc_doublecheck_round7,review_rounds/hpc_doublecheck_round7_reviewed_labels.csv
HPC 0203-5.npz,data/raw/hpc/HPC 0203-5.npz,2450,1057,0203-5-C5001,0203-5-C5001,-0.05077138975605371,0.4618711755419373,-0.6251146519718819,0.6251146519718819,weak_first_peak,,hpc_doublecheck_round7,review_rounds/hpc_doublecheck_round7_reviewed_labels.csv
HPC 0203-5.npz,data/raw/hpc/HPC 0203-5.npz,2454,1189,0203-5-C5001,0203-5-C5001,-0.010848652327297932,3.1984753722396286,-0.026137368185104176,3.1984753722396286,complex,,hpc_doublecheck_round7,review_rounds/hpc_doublecheck_round7_reviewed_labels.csv
HPC 0203-5.npz,data/raw/hpc/HPC 0203-5.npz,2467,1460,0203-5-C5001,0203-5-C5001,0.01376256347750332,0.21783497031005258,-0.2866523596033678,0.2866523596033678,weak_first_peak,,hpc_random_forest_all_classes_round8,review_rounds/hpc_random_forest_all_classes_round8_reviewed_labels.csv
HPC 0203-5.npz,data/raw/hpc/HPC 0203-5.npz,2473,1597,0203-5-C5001,0203-5-C5001,-0.11549907698092876,4.350739459992484,-0.026513176553512124,4.350739459992484,sustained_response,,hpc_doublecheck_round7,review_rounds/hpc_doublecheck_round7_reviewed_labels.csv
HPC 0203-5.npz,data/raw/hpc/HPC 0203-5.npz,2477,1709,0203-5-C5001,0203-5-C5001,0.04117057310940343,0.0839833765821782,-0.22564094159355774,0.22564094159355774,inhibition,,hpc_doublecheck_round7,review_rounds/hpc_doublecheck_round7_reviewed_labels.csv
HPC 0203-5.npz,data/raw/hpc/HPC 0203-5.npz,2482,1894,0203-5-C5001,0203-5-C5001,-0.04460866585162493,1.5676430087359188,-0.01886764320549235,1.5676430087359188,sustained_response,,hpc_doublecheck_round7,review_rounds/hpc_doublecheck_round7_reviewed_labels.csv
HPC 0203-5.npz,data/raw/hpc/HPC 0203-5.npz,2495,2238,0203-5-C5001,0203-5-C5001,0.002617886760689109,2.6300022572810047,-0.02747925469623432,2.6300022572810047,sustained_response,,hpc_doublecheck_round7,review_rounds/hpc_doublecheck_round7_reviewed_labels.csv
HPC 0203-5.npz,data/raw/hpc/HPC 0203-5.npz,2498,2317,0203-5-C5001,0203-5-C5001,-0.03298778477403753,2.589482870000427,-0.028476643501207065,2.589482870000427,sustained_response,,hpc_doublecheck_round7,review_rounds/hpc_doublecheck_round7_reviewed_labels.csv
HPC 0203-5.npz,data/raw/hpc/HPC 0203-5.npz,2506,2441,0203-5-C5001,0203-5-C5001,-0.010019372147874243,0.14179203692874712,-0.39710369718749566,0.39710369718749566,weak_first_peak,,hpc_doublecheck_round7,review_rounds/hpc_doublecheck_round7_reviewed_labels.csv
HPC 0203-5.npz,data/raw/hpc/HPC 0203-5.npz,2526,148,0203-5-C5002,0203-5-C5002,-0.02226251981104146,1.2156805619780628,-0.4741144088764693,1.2156805619780628,sustained_response,,hpc_doublecheck_round7,review_rounds/hpc_doublecheck_round7_reviewed_labels.csv
HPC 0203-5.npz,data/raw/hpc/HPC 0203-5.npz,2529,164,0203-5-C5002,0203-5-C5002,-0.009325744498521528,0.5381698508075708,-0.3710128099299448,0.5381698508075708,strong_first_peak,,hpc_random_forest_all_classes_round8,review_rounds/hpc_random_forest_all_classes_round8_reviewed_labels.csv
HPC 0203-5.npz,data/raw/hpc/HPC 0203-5.npz,2533,192,0203-5-C5002,0203-5-C5002,0.023802053344362587,0.009708699783203472,-0.5976213905518842,0.5976213905518842,inhibition,,hpc_doublecheck_round7,review_rounds/hpc_doublecheck_round7_reviewed_labels.csv
HPC 0203-5.npz,data/raw/hpc/HPC 0203-5.npz,2535,220,0203-5-C5002,0203-5-C5002,-0.007752291647478158,0.4961424063478118,-0.023178258835092398,0.4961424063478118,sustained_response,,hpc_random_forest_all_classes_round8,review_rounds/hpc_random_forest_all_classes_round8_reviewed_labels.csv
HPC 0203-5.npz,data/raw/hpc/HPC 0203-5.npz,2537,284,0203-5-C5002,0203-5-C5002,0.06694757168953723,0.2849388940099948,-0.11549346466346551,0.2849388940099948,sustained_response,,hpc_doublecheck_round7,review_rounds/hpc_doublecheck_round7_reviewed_labels.csv
HPC 0203-5.npz,data/raw/hpc/HPC 0203-5.npz,2538,298,0203-5-C5002,0203-5-C5002,-0.05119736772402402,0.4199380750535412,-0.023619573384307972,0.4199380750535412,sustained_response,,hpc_doublecheck_round7,review_rounds/hpc_doublecheck_round7_reviewed_labels.csv
HPC 0203-5.npz,data/raw/hpc/HPC 0203-5.npz,2558,1213,0203-5-C5002,0203-5-C5002,-0.03680239247524146,0.330334893925331,-0.03170375051194438,0.330334893925331,no_response,,hpc_random_forest_targeted_wds_round9,review_rounds/hpc_random_forest_targeted_wds_round9_reviewed_labels.csv
HPC 0203-5.npz,data/raw/hpc/HPC 0203-5.npz,2566,1560,0203-5-C5002,0203-5-C5002,0.008533058131535176,0.2264010138720236,-0.04875390143361101,0.2264010138720236,second_peak,,hpc_random_forest_targeted_wds_round9,review_rounds/hpc_random_forest_targeted_wds_round9_reviewed_labels.csv
HPC 0203-5.npz,data/raw/hpc/HPC 0203-5.npz,2572,1697,0203-5-C5002,0203-5-C5002,0.008785099960403246,3.9654677183021434,-0.05735694440232907,3.9654677183021434,complex,,hpc_doublecheck_round7,review_rounds/hpc_doublecheck_round7_reviewed_labels.csv
HPC 0203-5.npz,data/raw/hpc/HPC 0203-5.npz,2578,1877,0203-5-C5002,0203-5-C5002,-0.19695290444434113,8.02346023855959,-0.0955707753179075,8.02346023855959,sustained_response,,hpc_doublecheck_round7,review_rounds/hpc_doublecheck_round7_reviewed_labels.csv
HPC 0203-5.npz,data/raw/hpc/HPC 0203-5.npz,2582,1969,0203-5-C5002,0203-5-C5002,-0.03698356190565409,0.2283106620656114,-0.36424647890601825,0.36424647890601825,weak_first_peak,,hpc_random_forest_all_classes_round8,review_rounds/hpc_random_forest_all_classes_round8_reviewed_labels.csv
HPC 0203-5.npz,data/raw/hpc/HPC 0203-5.npz,2599,2571,0203-5-C5002,0203-5-C5002,0.006689610662218742,2.81428473603977,-0.08648987721018009,2.81428473603977,sustained_response,,hpc_doublecheck_round7,review_rounds/hpc_doublecheck_round7_reviewed_labels.csv
HPC 0203-5.npz,data/raw/hpc/HPC 0203-5.npz,2611,84,0203-5-C5003,0203-5-C5003,-0.028832462531113483,0.3584076471594698,-0.6893228832813681,0.6893228832813681,weak_first_peak,,hpc_random_forest_targeted_wds_round9,review_rounds/hpc_random_forest_targeted_wds_round9_reviewed_labels.csv
HPC 0203-5.npz,data/raw/hpc/HPC 0203-5.npz,2616,208,0203-5-C5003,0203-5-C5003,0.874931342280695,13.41648023010377,-1.1647624807823485,13.41648023010377,strong_first_peak,,hpc_doublecheck_round7,review_rounds/hpc_doublecheck_round7_reviewed_labels.csv
HPC 0203-5.npz,data/raw/hpc/HPC 0203-5.npz,2617,264,0203-5-C5003,0203-5-C5003,0.007264621415630269,0.01430488684491018,-0.6006959345552139,0.6006959345552139,inhibition,,hpc_doublecheck_round7,review_rounds/hpc_doublecheck_round7_reviewed_labels.csv
HPC 0203-5.npz,data/raw/hpc/HPC 0203-5.npz,2677,1862,0203-5-C5003,0203-5-C5003,-0.023020424232004608,1.4132230707694768,-0.2858461955735123,1.4132230707694768,sustained_response,,hpc_doublecheck_round7,review_rounds/hpc_doublecheck_round7_reviewed_labels.csv
HPC 0203-5.npz,data/raw/hpc/HPC 0203-5.npz,2727,94,0203-5-C5004,0203-5-C5004,-0.01643179002509413,0.03302790131386127,-0.20789110371924086,0.20789110371924086,weak_first_peak,,hpc_doublecheck_round7,review_rounds/hpc_doublecheck_round7_reviewed_labels.csv
HPC 0203-5.npz,data/raw/hpc/HPC 0203-5.npz,2743,418,0203-5-C5004,0203-5-C5004,-0.01353829513458699,0.26993720156665424,-0.14303970332351262,0.26993720156665424,weak_first_peak,,hpc_doublecheck_round7,review_rounds/hpc_doublecheck_round7_reviewed_labels.csv
HPC 0203-5.npz,data/raw/hpc/HPC 0203-5.npz,2764,913,0203-5-C5004,0203-5-C5004,0.06307368244773155,1.7283936952109618,-0.21081620194140827,1.7283936952109618,sustained_response,,hpc_random_forest_targeted_wds_round9,review_rounds/hpc_random_forest_targeted_wds_round9_reviewed_labels.csv
HPC 0203-5.npz,data/raw/hpc/HPC 0203-5.npz,2766,959,0203-5-C5004,0203-5-C5004,0.013424200647782995,0.4061229103281739,-0.07247813345952459,0.4061229103281739,sustained_response,,hpc_doublecheck_round7,review_rounds/hpc_doublecheck_round7_reviewed_labels.csv
HPC 0203-5.npz,data/raw/hpc/HPC 0203-5.npz,2776,1347,0203-5-C5004,0203-5-C5004,0.027730579698341303,2.1381367086850673,-0.061237292908159754,2.1381367086850673,sustained_response,,hpc_random_forest_all_classes_round8,review_rounds/hpc_random_forest_all_classes_round8_reviewed_labels.csv
HPC 0203-5.npz,data/raw/hpc/HPC 0203-5.npz,2778,1482,0203-5-C5004,0203-5-C5004,0.033989900517066025,0.6326287312119692,-0.12108358168918895,0.6326287312119692,sustained_response,,hpc_doublecheck_round7,review_rounds/hpc_doublecheck_round7_reviewed_labels.csv
HPC 0203-5.npz,data/raw/hpc/HPC 0203-5.npz,2790,1846,0203-5-C5004,0203-5-C5004,0.05836188114322982,0.2912716459129876,-0.28223645510630163,0.2912716459129876,weak_first_peak,,hpc_random_forest_targeted_wds_round9,review_rounds/hpc_random_forest_targeted_wds_round9_reviewed_labels.csv
HPC 0203-5.npz,data/raw/hpc/HPC 0203-5.npz,2794,1981,0203-5-C5004,0203-5-C5004,-0.011283395469848446,0.4658050845869908,-0.31844854547205625,0.4658050845869908,sustained_response,,hpc_doublecheck_round7,review_rounds/hpc_doublecheck_round7_reviewed_labels.csv
HPC 0203-5.npz,data/raw/hpc/HPC 0203-5.npz,2800,2121,0203-5-C5004,0203-5-C5004,0.00416599292855534,0.44380752667639345,-0.6297167630872277,0.6297167630872277,complex,,hpc_random_forest_all_classes_round8,review_rounds/hpc_random_forest_all_classes_round8_reviewed_labels.csv
HPC 0203-5.npz,data/raw/hpc/HPC 0203-5.npz,2819,2778,0203-5-C5004,0203-5-C5004,0.08304849764247756,0.23008146011161124,-0.17292523031448417,0.23008146011161124,complex,,hpc_doublecheck_round7,review_rounds/hpc_doublecheck_round7_reviewed_labels.csv
HPC 0212-1.npz,data/raw/hpc/HPC 0212-1.npz,11,295,0212-1-B2-DG001,0212-1-B2-DG001,-0.00328996453312404,0.32423638283489975,-0.08635178017498886,0.32423638283489975,complex,,hpc_random_forest_all_classes_round8,review_rounds/hpc_random_forest_all_classes_round8_reviewed_labels.csv
HPC 0212-1.npz,data/raw/hpc/HPC 0212-1.npz,16,365,0212-1-B2-DG001,0212-1-B2-DG001,0.021657636008573056,0.2966617775833726,-0.06733310746466808,0.2966617775833726,no_response,,hpc_random_forest_targeted_wds_round9,review_rounds/hpc_random_forest_targeted_wds_round9_reviewed_labels.csv
HPC 0212-1.npz,data/raw/hpc/HPC 0212-1.npz,60,1903,0212-1-B2-DG001,0212-1-B2-DG001,-0.008629459503027489,0.5517309600382349,-0.36645830369612675,0.5517309600382349,strong_first_peak,,hpc_random_forest_all_classes_round8,review_rounds/hpc_random_forest_all_classes_round8_reviewed_labels.csv
HPC 0212-1.npz,data/raw/hpc/HPC 0212-1.npz,86,2768,0212-1-B2-DG001,0212-1-B2-DG001,0.027864442837012768,0.1213616415410496,-0.31802716124903946,0.31802716124903946,no_response,,hpc_doublecheck_round7,review_rounds/hpc_doublecheck_round7_reviewed_labels.csv
HPC 0212-1.npz,data/raw/hpc/HPC 0212-1.npz,122,4409,0212-1-B2-DG001,0212-1-B2-DG001,0.01043039284404894,2.147475847647191,-0.09162630971951065,2.147475847647191,complex,,hpc_doublecheck_round7,review_rounds/hpc_doublecheck_round7_reviewed_labels.csv
HPC 0212-1.npz,data/raw/hpc/HPC 0212-1.npz,146,5476,0212-1-B2-DG001,0212-1-B2-DG001,-0.04627680856415696,2.332607501121368,-0.031134370885823187,2.332607501121368,sustained_response,,hpc_doublecheck_round7,review_rounds/hpc_doublecheck_round7_reviewed_labels.csv
HPC 0212-1.npz,data/raw/hpc/HPC 0212-1.npz,151,5669,0212-1-B2-DG001,0212-1-B2-DG001,0.016585624451183112,0.48824868292646656,-0.025585988876821415,0.48824868292646656,dual_peak,,hpc_random_forest_all_classes_round8,review_rounds/hpc_random_forest_all_classes_round8_reviewed_labels.csv
HPC 0212-1.npz,data/raw/hpc/HPC 0212-1.npz,158,5948,0212-1-B2-DG001,0212-1-B2-DG001,0.0011024615415729897,0.32250609731539576,-0.03864540409123866,0.32250609731539576,complex,,hpc_doublecheck_round7,review_rounds/hpc_doublecheck_round7_reviewed_labels.csv
HPC 0212-1.npz,data/raw/hpc/HPC 0212-1.npz,165,6136,0212-1-B2-DG001,0212-1-B2-DG001,-0.02397754424029032,0.404940153947161,-0.36855840091499237,0.404940153947161,strong_first_peak,,hpc_doublecheck_round7,review_rounds/hpc_doublecheck_round7_reviewed_labels.csv
HPC 0212-1.npz,data/raw/hpc/HPC 0212-1.npz,211,539,0212-1-B2-DG002,0212-1-B2-DG002,0.26635735770489466,2.449237831626547,-0.22005550380227895,2.449237831626547,sustained_response,,hpc_random_forest_targeted_wds_round9,review_rounds/hpc_random_forest_targeted_wds_round9_reviewed_labels.csv
HPC 0212-1.npz,data/raw/hpc/HPC 0212-1.npz,251,1721,0212-1-B2-DG002,0212-1-B2-DG002,-0.18155856402427803,7.607977127041039,-0.16872337876922097,7.607977127041039,sustained_response,,hpc_doublecheck_round7,review_rounds/hpc_doublecheck_round7_reviewed_labels.csv
HPC 0212-1.npz,data/raw/hpc/HPC 0212-1.npz,288,3878,0212-1-B2-DG002,0212-1-B2-DG002,-0.001330294702834577,0.25220848851153527,-0.03653515043808556,0.25220848851153527,sustained_response,,hpc_doublecheck_round7,review_rounds/hpc_doublecheck_round7_reviewed_labels.csv
HPC 0212-1.npz,data/raw/hpc/HPC 0212-1.npz,315,5309,0212-1-B2-DG002,0212-1-B2-DG002,-0.025655203249585173,0.2643187126970433,-0.07313753609140623,0.2643187126970433,no_response,,hpc_doublecheck_round7,review_rounds/hpc_doublecheck_round7_reviewed_labels.csv
HPC 0212-1.npz,data/raw/hpc/HPC 0212-1.npz,333,5942,0212-1-B2-DG002,0212-1-B2-DG002,-0.04095317944762817,0.22199650383063646,-0.01528523945731046,0.22199650383063646,no_response,,hpc_random_forest_all_classes_round8,review_rounds/hpc_random_forest_all_classes_round8_reviewed_labels.csv
HPC 0212-1.npz,data/raw/hpc/HPC 0212-1.npz,342,6467,0212-1-B2-DG002,0212-1-B2-DG002,0.02726318081425419,0.3990420470429086,-0.05353905095450069,0.3990420470429086,sustained_response,,hpc_doublecheck_round7,review_rounds/hpc_doublecheck_round7_reviewed_labels.csv
HPC 0212-1.npz,data/raw/hpc/HPC 0212-1.npz,370,168,0212-1-B2-DG003,0212-1-B2-DG003,-0.06142992800727095,0.3518108410184296,-0.0059634701686707495,0.3518108410184296,sustained_response,,hpc_random_forest_all_classes_round8,review_rounds/hpc_random_forest_all_classes_round8_reviewed_labels.csv
HPC 0212-1.npz,data/raw/hpc/HPC 0212-1.npz,394,871,0212-1-B2-DG003,0212-1-B2-DG003,0.027772894768743218,0.14129067647855909,-0.5853822724981315,0.5853822724981315,inhibition,,hpc_doublecheck_round7,review_rounds/hpc_doublecheck_round7_reviewed_labels.csv
HPC 0212-1.npz,data/raw/hpc/HPC 0212-1.npz,410,1615,0212-1-B2-DG003,0212-1-B2-DG003,0.03771196277515114,0.3671529472598386,-0.06963128587212765,0.3671529472598386,no_response,,hpc_random_forest_targeted_wds_round9,review_rounds/hpc_random_forest_targeted_wds_round9_reviewed_labels.csv
HPC 0212-1.npz,data/raw/hpc/HPC 0212-1.npz,412,1715,0212-1-B2-DG003,0212-1-B2-DG003,0.0001929784349354741,0.2028206668830379,-0.1009042827683069,0.2028206668830379,no_response,,hpc_doublecheck_round7,review_rounds/hpc_doublecheck_round7_reviewed_labels.csv
HPC 0212-1.npz,data/raw/hpc/HPC 0212-1.npz,457,3946,0212-1-B2-DG003,0212-1-B2-DG003,0.01963532471733327,0.3520077089094416,-0.0818403127474286,0.3520077089094416,no_response,,hpc_random_forest_targeted_wds_round9,review_rounds/hpc_random_forest_targeted_wds_round9_reviewed_labels.csv
HPC 0212-1.npz,data/raw/hpc/HPC 0212-1.npz,495,295,0212-1-B2-DG,0212-1-B2-DG,-0.1132656273009949,1.7754728775478676,-0.030061858777188616,1.7754728775478676,sustained_response,,hpc_doublecheck_round7,review_rounds/hpc_doublecheck_round7_reviewed_labels.csv
HPC 0212-1.npz,data/raw/hpc/HPC 0212-1.npz,573,3655,0212-1-B2-DG,0212-1-B2-DG,-0.0028668266056082166,0.9462857423436984,-0.023455857366543435,0.9462857423436984,strong_first_peak,,hpc_random_forest_all_classes_round8,review_rounds/hpc_random_forest_all_classes_round8_reviewed_labels.csv
HPC 0212-1.npz,data/raw/hpc/HPC 0212-1.npz,577,4085,0212-1-B2-DG,0212-1-B2-DG,-0.03218856600044079,0.47631267755332385,-0.05388495988503994,0.47631267755332385,sustained_response,,hpc_doublecheck_round7,review_rounds/hpc_doublecheck_round7_reviewed_labels.csv
HPC 0212-2.npz,data/raw/hpc/HPC 0212-2.npz,12,253,0212-2-B2-CA1001,0212-2-B2-CA1001,0.6995345601195253,27.863018364856945,-0.7511935373068206,27.863018364856945,strong_first_peak,,hpc_doublecheck_round7,review_rounds/hpc_doublecheck_round7_reviewed_labels.csv
HPC 0212-2.npz,data/raw/hpc/HPC 0212-2.npz,22,646,0212-2-B2-CA1001,0212-2-B2-CA1001,0.0016510676566560793,2.070950249440638,-0.05419125171960222,2.070950249440638,sustained_response,,hpc_random_forest_all_classes_round8,review_rounds/hpc_random_forest_all_classes_round8_reviewed_labels.csv
HPC 0212-2.npz,data/raw/hpc/HPC 0212-2.npz,40,1192,0212-2-B2-CA1001,0212-2-B2-CA1001,-0.0010358644470357032,0.15498060665245417,-0.28605240790122577,0.28605240790122577,weak_first_peak,,hpc_doublecheck_round7,review_rounds/hpc_doublecheck_round7_reviewed_labels.csv
HPC 0212-2.npz,data/raw/hpc/HPC 0212-2.npz,44,1297,0212-2-B2-CA1001,0212-2-B2-CA1001,0.12860524425947858,25.162240345564577,-0.06045020808484411,25.162240345564577,sustained_response,,hpc_doublecheck_round7,review_rounds/hpc_doublecheck_round7_reviewed_labels.csv
HPC 0212-2.npz,data/raw/hpc/HPC 0212-2.npz,65,2057,0212-2-B2-CA1001,0212-2-B2-CA1001,0.011806528537757629,0.02624083588172956,-0.24656354879380046,0.24656354879380046,inhibition,,hpc_doublecheck_round7,review_rounds/hpc_doublecheck_round7_reviewed_labels.csv
HPC 0212-2.npz,data/raw/hpc/HPC 0212-2.npz,84,2597,0212-2-B2-CA1001,0212-2-B2-CA1001,-0.003696712527098125,0.3300164068873769,-0.03508005499978967,0.3300164068873769,no_response,,hpc_random_forest_targeted_wds_round9,review_rounds/hpc_random_forest_targeted_wds_round9_reviewed_labels.csv
HPC 0212-2.npz,data/raw/hpc/HPC 0212-2.npz,89,2708,0212-2-B2-CA1001,0212-2-B2-CA1001,0.012298161344176427,0.4044802999855442,-0.05300228056646993,0.4044802999855442,sustained_response,,hpc_doublecheck_round7,review_rounds/hpc_doublecheck_round7_reviewed_labels.csv
HPC 0212-2.npz,data/raw/hpc/HPC 0212-2.npz,92,2859,0212-2-B2-CA1001,0212-2-B2-CA1001,-0.04706508453798352,0.4768832977922987,-0.027513870635522707,0.4768832977922987,second_peak,,hpc_doublecheck_round7,review_rounds/hpc_doublecheck_round7_reviewed_labels.csv
HPC 0212-2.npz,data/raw/hpc/HPC 0212-2.npz,113,3524,0212-2-B2-CA1001,0212-2-B2-CA1001,-0.011496508365617768,0.20296746982451563,-0.021468469956790324,0.20296746982451563,no_response,,hpc_doublecheck_round7,review_rounds/hpc_doublecheck_round7_reviewed_labels.csv
HPC 0212-2.npz,data/raw/hpc/HPC 0212-2.npz,114,3551,0212-2-B2-CA1001,0212-2-B2-CA1001,0.055968933739680156,0.3175152451373427,-0.12560144952782087,0.3175152451373427,strong_first_peak,,hpc_doublecheck_round7,review_rounds/hpc_doublecheck_round7_reviewed_labels.csv
HPC 0212-2.npz,data/raw/hpc/HPC 0212-2.npz,169,1035,0212-2-B2-CA1002,0212-2-B2-CA1002,0.036416868173323305,0.3487515570115434,-0.21276028548048093,0.3487515570115434,complex,,hpc_doublecheck_round7,review_rounds/hpc_doublecheck_round7_reviewed_labels.csv
HPC 0212-2.npz,data/raw/hpc/HPC 0212-2.npz,174,1265,0212-2-B2-CA1002,0212-2-B2-CA1002,-0.0005802604023732014,0.6011991366265256,-0.07627697969777121,0.6011991366265256,sustained_response,,hpc_doublecheck_round7,review_rounds/hpc_doublecheck_round7_reviewed_labels.csv
HPC 0212-2.npz,data/raw/hpc/HPC 0212-2.npz,181,1380,0212-2-B2-CA1002,0212-2-B2-CA1002,-0.09041208206074378,2.0840014709074217,-0.08250181189508882,2.0840014709074217,sustained_response,,hpc_doublecheck_round7,review_rounds/hpc_doublecheck_round7_reviewed_labels.csv
HPC 0212-2.npz,data/raw/hpc/HPC 0212-2.npz,211,2344,0212-2-B2-CA1002,0212-2-B2-CA1002,0.2476341427970666,4.287727438180033,-0.16283334397675042,4.287727438180033,sustained_response,,hpc_doublecheck_round7,review_rounds/hpc_doublecheck_round7_reviewed_labels.csv
HPC 0212-2.npz,data/raw/hpc/HPC 0212-2.npz,217,2763,0212-2-B2-CA1002,0212-2-B2-CA1002,0.07707782717919323,0.32341911984759597,-0.1422303197893209,0.32341911984759597,sustained_response,,hpc_doublecheck_round7,review_rounds/hpc_doublecheck_round7_reviewed_labels.csv
HPC 0212-2.npz,data/raw/hpc/HPC 0212-2.npz,220,2873,0212-2-B2-CA1002,0212-2-B2-CA1002,0.011840048329679838,0.014961124342505822,-0.5640025738004324,0.5640025738004324,inhibition,,hpc_doublecheck_round7,review_rounds/hpc_doublecheck_round7_reviewed_labels.csv
HPC 0212-2.npz,data/raw/hpc/HPC 0212-2.npz,221,2892,0212-2-B2-CA1002,0212-2-B2-CA1002,-0.10866837187471938,1.150556253067966,-0.5467793369556195,1.150556253067966,weak_first_peak,,hpc_doublecheck_round7,review_rounds/hpc_doublecheck_round7_reviewed_labels.csv
HPC 0212-2.npz,data/raw/hpc/HPC 0212-2.npz,225,3124,0212-2-B2-CA1002,0212-2-B2-CA1002,-0.02570685619747526,0.4091431421286144,-0.037919746611110874,0.4091431421286144,sustained_response,,hpc_doublecheck_round7,review_rounds/hpc_doublecheck_round7_reviewed_labels.csv
HPC 0212-2.npz,data/raw/hpc/HPC 0212-2.npz,242,3625,0212-2-B2-CA1002,0212-2-B2-CA1002,-0.0059178679856729385,0.3604151041158974,-0.06641300977876316,0.3604151041158974,no_response,,hpc_random_forest_targeted_wds_round9,review_rounds/hpc_random_forest_targeted_wds_round9_reviewed_labels.csv
HPC 0212-2.npz,data/raw/hpc/HPC 0212-2.npz,253,3941,0212-2-B2-CA1002,0212-2-B2-CA1002,0.046750449499962106,0.3033718233071912,-0.05327200787185442,0.3033718233071912,sustained_response,,hpc_random_forest_all_classes_round8,review_rounds/hpc_random_forest_all_classes_round8_reviewed_labels.csv
HPC 0212-2.npz,data/raw/hpc/HPC 0212-2.npz,329,2731,0212-2-B2-CA1,0212-2-B2-CA1,0.00004291283626836266,0.016313364642371334,-0.44826857139945636,0.44826857139945636,inhibition,,hpc_doublecheck_round7,review_rounds/hpc_doublecheck_round7_reviewed_labels.csv
HPC 0212-2.npz,data/raw/hpc/HPC 0212-2.npz,340,2911,0212-2-B2-CA1,0212-2-B2-CA1,4.184627069130005,0.5146644325094032,-3.93317409037942,3.93317409037942,inhibition,,hpc_doublecheck_round7,review_rounds/hpc_doublecheck_round7_reviewed_labels.csv
HPC 0212-2.npz,data/raw/hpc/HPC 0212-2.npz,354,3523,0212-2-B2-CA1,0212-2-B2-CA1,-0.13767088151960097,1.1787334444895725,-0.3180812844008907,1.1787334444895725,sustained_response,,hpc_doublecheck_round7,review_rounds/hpc_doublecheck_round7_reviewed_labels.csv
HPC 0212-2.npz,data/raw/hpc/HPC 0212-2.npz,358,3672,0212-2-B2-CA1,0212-2-B2-CA1,0.1989134173040491,4.571438899479122,-0.27851410386817793,4.571438899479122,dual_peak,,hpc_doublecheck_round7,review_rounds/hpc_doublecheck_round7_reviewed_labels.csv
HPC 0212-4.npz,data/raw/hpc/HPC 0212-4.npz,2,97,0212-4-C2-40X002,0212-4-C2-40X002,-0.013642026801047692,0.09155710031397048,-0.40515602971806197,0.40515602971806197,weak_first_peak,,hpc_doublecheck_round7,review_rounds/hpc_doublecheck_round7_reviewed_labels.csv
HPC 0212-4.npz,data/raw/hpc/HPC 0212-4.npz,16,418,0212-4-C2-40X002,0212-4-C2-40X002,-0.002767285833029352,0.3659403561440815,-0.048168532771060264,0.3659403561440815,strong_first_peak,,hpc_doublecheck_round7,review_rounds/hpc_doublecheck_round7_reviewed_labels.csv
HPC 0212-4.npz,data/raw/hpc/HPC 0212-4.npz,63,1359,0212-4-C2-40X002,0212-4-C2-40X002,-0.003146430381149579,0.032744032654092786,-0.6668138608170925,0.6668138608170925,inhibition,,hpc_doublecheck_round7,review_rounds/hpc_doublecheck_round7_reviewed_labels.csv
HPC 0212-4.npz,data/raw/hpc/HPC 0212-4.npz,75,1479,0212-4-C2-40X002,0212-4-C2-40X002,-0.013252859850650974,0.2887812691646475,-0.00886020888059092,0.2887812691646475,no_response,,hpc_random_forest_targeted_wds_round9,review_rounds/hpc_random_forest_targeted_wds_round9_reviewed_labels.csv
HPC 0212-4.npz,data/raw/hpc/HPC 0212-4.npz,99,1871,0212-4-C2-40X002,0212-4-C2-40X002,0.003420791145972204,1.924198620430067,-0.12248379345608111,1.924198620430067,weak_first_peak,,hpc_doublecheck_round7,review_rounds/hpc_doublecheck_round7_reviewed_labels.csv
HPC 0212-5.npz,data/raw/hpc/HPC 0212-5.npz,6,57,0212-5-B2-40X001,0212-5-B2-40X001,-0.033109389785680454,0.20429730042238248,-0.48172166308635433,0.48172166308635433,weak_first_peak,,hpc_random_forest_targeted_wds_round9,review_rounds/hpc_random_forest_targeted_wds_round9_reviewed_labels.csv
HPC 0212-5.npz,data/raw/hpc/HPC 0212-5.npz,7,86,0212-5-B2-40X001,0212-5-B2-40X001,-0.049833496366541725,0.38433024324063264,-0.4139860634652494,0.4139860634652494,weak_first_peak,,hpc_random_forest_targeted_wds_round9,review_rounds/hpc_random_forest_targeted_wds_round9_reviewed_labels.csv
HPC 0212-5.npz,data/raw/hpc/HPC 0212-5.npz,33,854,0212-5-B2-40X001,0212-5-B2-40X001,-0.043537624212991156,0.2448232209239431,-0.01766063281817508,0.2448232209239431,second_peak,,hpc_doublecheck_round7,review_rounds/hpc_doublecheck_round7_reviewed_labels.csv
HPC 0212-5.npz,data/raw/hpc/HPC 0212-5.npz,78,2701,0212-5-B2-40X001,0212-5-B2-40X001,0.02917170393682422,0.7767665770918548,-0.0867107557518698,0.7767665770918548,strong_first_peak,,hpc_doublecheck_round7,review_rounds/hpc_doublecheck_round7_reviewed_labels.csv
HPC 0212-5.npz,data/raw/hpc/HPC 0212-5.npz,105,3348,0212-5-B2-40X001,0212-5-B2-40X001,-0.004822788582392407,0.504101541639402,-0.6692588905544357,0.6692588905544357,weak_first_peak,,hpc_random_forest_targeted_wds_round9,review_rounds/hpc_random_forest_targeted_wds_round9_reviewed_labels.csv
HPC 0212-5.npz,data/raw/hpc/HPC 0212-5.npz,119,3782,0212-5-B2-40X001,0212-5-B2-40X001,-0.0065797076308805325,0.39009531104092265,-0.5150408211511823,0.5150408211511823,strong_first_peak,,hpc_random_forest_all_classes_round8,review_rounds/hpc_random_forest_all_classes_round8_reviewed_labels.csv
HPC 0212-5.npz,data/raw/hpc/HPC 0212-5.npz,122,3841,0212-5-B2-40X001,0212-5-B2-40X001,0.09836571795271866,14.858465305023318,-0.1258300393397954,14.858465305023318,dual_peak,,hpc_doublecheck_round7,review_rounds/hpc_doublecheck_round7_reviewed_labels.csv
HPC 0212-5.npz,data/raw/hpc/HPC 0212-5.npz,135,4205,0212-5-B2-40X001,0212-5-B2-40X001,0.017805770755401795,0.00883452536405058,-0.5391112979915432,0.5391112979915432,inhibition,,hpc_doublecheck_round7,review_rounds/hpc_doublecheck_round7_reviewed_labels.csv
HPC 0212-5.npz,data/raw/hpc/HPC 0212-5.npz,187,1169,0212-5-B2-40X002,0212-5-B2-40X002,-0.0496560774892344,1.3035820952105666,-0.03146510861527841,1.3035820952105666,dual_peak,,hpc_doublecheck_round7,review_rounds/hpc_doublecheck_round7_reviewed_labels.csv
HPC 0212-5.npz,data/raw/hpc/HPC 0212-5.npz,193,1416,0212-5-B2-40X002,0212-5-B2-40X002,0.04664705331620809,2.240624993162134,-0.137560629692135,2.240624993162134,complex,,hpc_doublecheck_round7,review_rounds/hpc_doublecheck_round7_reviewed_labels.csv
HPC 0212-5.npz,data/raw/hpc/HPC 0212-5.npz,236,2463,0212-5-B2-40X002,0212-5-B2-40X002,-0.03865224953712372,0.2865345755390546,-0.4088813944080055,0.4088813944080055,weak_first_peak,,hpc_random_forest_targeted_wds_round9,review_rounds/hpc_random_forest_targeted_wds_round9_reviewed_labels.csv
HPC 0212-5.npz,data/raw/hpc/HPC 0212-5.npz,249,2934,0212-5-B2-40X002,0212-5-B2-40X002,-0.02482085849237112,0.04656487056169844,-0.23255296110459542,0.23255296110459542,inhibition,,hpc_doublecheck_round7,review_rounds/hpc_doublecheck_round7_reviewed_labels.csv
HPC 0212-5.npz,data/raw/hpc/HPC 0212-5.npz,261,3169,0212-5-B2-40X002,0212-5-B2-40X002,0.012293610012532421,0.08819596203337263,-0.2475429818025605,0.2475429818025605,no_response,,hpc_doublecheck_round7,review_rounds/hpc_doublecheck_round7_reviewed_labels.csv
HPC 0212-5.npz,data/raw/hpc/HPC 0212-5.npz,286,3841,0212-5-B2-40X002,0212-5-B2-40X002,-0.015265081676899845,0.7198733402545643,-0.07073872854286511,0.7198733402545643,second_peak,,hpc_doublecheck_round7,review_rounds/hpc_doublecheck_round7_reviewed_labels.csv
HPC 0212-5.npz,data/raw/hpc/HPC 0212-5.npz,300,4463,0212-5-B2-40X002,0212-5-B2-40X002,0.01649694873397036,0.4133806010325668,-0.040937640733478775,0.4133806010325668,sustained_response,,hpc_random_forest_all_classes_round8,review_rounds/hpc_random_forest_all_classes_round8_reviewed_labels.csv
HPC 0212-5.npz,data/raw/hpc/HPC 0212-5.npz,320,172,0212-5-B2-40X003,0212-5-B2-40X003,0.06137808101107611,3.1453415372301783,-0.0457873474535488,3.1453415372301783,strong_first_peak,,hpc_doublecheck_round7,review_rounds/hpc_doublecheck_round7_reviewed_labels.csv
HPC 0212-5.npz,data/raw/hpc/HPC 0212-5.npz,353,1159,0212-5-B2-40X003,0212-5-B2-40X003,-0.011306883341981577,0.26208299020224524,-0.5107270727586988,0.5107270727586988,weak_first_peak,,hpc_doublecheck_round7,review_rounds/hpc_doublecheck_round7_reviewed_labels.csv
HPC 0212-5.npz,data/raw/hpc/HPC 0212-5.npz,366,1540,0212-5-B2-40X003,0212-5-B2-40X003,-0.003256072245006961,0.3156628191251545,-0.00885231911626749,0.3156628191251545,sustained_response,,hpc_doublecheck_round7,review_rounds/hpc_doublecheck_round7_reviewed_labels.csv
HPC 0212-5.npz,data/raw/hpc/HPC 0212-5.npz,369,1631,0212-5-B2-40X003,0212-5-B2-40X003,-0.0027329873994964547,0.48037897319303874,-0.17682790092419629,0.48037897319303874,sustained_response,,hpc_doublecheck_round7,review_rounds/hpc_doublecheck_round7_reviewed_labels.csv
HPC 0212-5.npz,data/raw/hpc/HPC 0212-5.npz,375,1816,0212-5-B2-40X003,0212-5-B2-40X003,0.01180883829635891,0.304819525395951,-0.07314280933861406,0.304819525395951,no_response,,hpc_random_forest_targeted_wds_round9,review_rounds/hpc_random_forest_targeted_wds_round9_reviewed_labels.csv
HPC 0212-5.npz,data/raw/hpc/HPC 0212-5.npz,379,2001,0212-5-B2-40X003,0212-5-B2-40X003,-0.041370085946571725,0.3027054288599742,-0.16685600152395635,0.3027054288599742,weak_first_peak,,hpc_random_forest_targeted_wds_round9,review_rounds/hpc_random_forest_targeted_wds_round9_reviewed_labels.csv
HPC 0212-5.npz,data/raw/hpc/HPC 0212-5.npz,380,2003,0212-5-B2-40X003,0212-5-B2-40X003,-0.012039667284945176,0.1718536548932259,-0.6362893320524274,0.6362893320524274,weak_first_peak,,hpc_random_forest_targeted_wds_round9,review_rounds/hpc_random_forest_targeted_wds_round9_reviewed_labels.csv
HPC 0212-5.npz,data/raw/hpc/HPC 0212-5.npz,429,3390,0212-5-B2-40X003,0212-5-B2-40X003,0.0059517692323472465,0.34690625256761654,-0.0826174211707009,0.34690625256761654,weak_first_peak,,hpc_doublecheck_round7,review_rounds/hpc_doublecheck_round7_reviewed_labels.csv
HPC 0212-5.npz,data/raw/hpc/HPC 0212-5.npz,430,3423,0212-5-B2-40X003,0212-5-B2-40X003,0.011103854298849638,0.28283091356129897,-0.058789356677729915,0.28283091356129897,sustained_response,,hpc_doublecheck_round7,review_rounds/hpc_doublecheck_round7_reviewed_labels.csv
HPC 0212-5.npz,data/raw/hpc/HPC 0212-5.npz,458,4284,0212-5-B2-40X003,0212-5-B2-40X003,0.15713273019266027,0.667621266108927,-0.044307992380792804,0.667621266108927,sustained_response,,hpc_doublecheck_round7,review_rounds/hpc_doublecheck_round7_reviewed_labels.csv
HPC 0212-5.npz,data/raw/hpc/HPC 0212-5.npz,495,562,0212-5-B2-40X004,0212-5-B2-40X004,-0.04379810576752788,1.692600674884505,-0.13014931074780414,1.692600674884505,sustained_response,,hpc_doublecheck_round7,review_rounds/hpc_doublecheck_round7_reviewed_labels.csv
HPC 0212-5.npz,data/raw/hpc/HPC 0212-5.npz,498,860,0212-5-B2-40X004,0212-5-B2-40X004,-0.02602766972796808,0.16635591681076153,-0.319160088693428,0.319160088693428,weak_first_peak,,hpc_doublecheck_round7,review_rounds/hpc_doublecheck_round7_reviewed_labels.csv
HPC 0212-5.npz,data/raw/hpc/HPC 0212-5.npz,516,1703,0212-5-B2-40X004,0212-5-B2-40X004,0.015464397590378518,0.30092499868141037,-0.049657013864229244,0.30092499868141037,sustained_response,,hpc_doublecheck_round7,review_rounds/hpc_doublecheck_round7_reviewed_labels.csv
HPC 0212-5.npz,data/raw/hpc/HPC 0212-5.npz,563,3332,0212-5-B2-40X004,0212-5-B2-40X004,-0.009922546583597884,0.4081720342989745,-0.048799992976568805,0.4081720342989745,sustained_response,,hpc_random_forest_all_classes_round8,review_rounds/hpc_random_forest_all_classes_round8_reviewed_labels.csv
HPC 0212-5.npz,data/raw/hpc/HPC 0212-5.npz,567,3480,0212-5-B2-40X004,0212-5-B2-40X004,-0.011137424690446115,0.48630787161012196,-0.045280228375428534,0.48630787161012196,sustained_response,,hpc_doublecheck_round7,review_rounds/hpc_doublecheck_round7_reviewed_labels.csv
HPC 0212-5.npz,data/raw/hpc/HPC 0212-5.npz,572,3546,0212-5-B2-40X004,0212-5-B2-40X004,-0.04608486523638106,0.4719645989464509,-0.03852185552986153,0.4719645989464509,second_peak,,hpc_doublecheck_round7,review_rounds/hpc_doublecheck_round7_reviewed_labels.csv
HPC 0212-5.npz,data/raw/hpc/HPC 0212-5.npz,579,3779,0212-5-B2-40X004,0212-5-B2-40X004,-0.010694836660489704,0.3651868928389173,-0.3951028904670571,0.3951028904670571,strong_first_peak,,hpc_doublecheck_round7,review_rounds/hpc_doublecheck_round7_reviewed_labels.csv
HPC 0212-5.npz,data/raw/hpc/HPC 0212-5.npz,612,10,0212-5-B2-40X005,0212-5-B2-40X005,0.2771288074415325,0.5076862172316146,-0.290004822280568,0.5076862172316146,strong_first_peak,,hpc_doublecheck_round7,review_rounds/hpc_doublecheck_round7_reviewed_labels.csv
HPC 0212-5.npz,data/raw/hpc/HPC 0212-5.npz,634,490,0212-5-B2-40X005,0212-5-B2-40X005,-0.025613955100635438,0.720890623685675,-0.0418467128460987,0.720890623685675,complex,,hpc_doublecheck_round7,review_rounds/hpc_doublecheck_round7_reviewed_labels.csv
HPC 0212-5.npz,data/raw/hpc/HPC 0212-5.npz,651,1072,0212-5-B2-40X005,0212-5-B2-40X005,-0.12656725959402831,0.6332392837476306,-0.14801731445020888,0.6332392837476306,complex,,hpc_doublecheck_round7,review_rounds/hpc_doublecheck_round7_reviewed_labels.csv
HPC 0212-5.npz,data/raw/hpc/HPC 0212-5.npz,682,2434,0212-5-B2-40X005,0212-5-B2-40X005,0.016566664838269147,0.5519576979182527,-0.33408363032365146,0.5519576979182527,weak_first_peak,,hpc_doublecheck_round7,review_rounds/hpc_doublecheck_round7_reviewed_labels.csv
HPC 0212-5.npz,data/raw/hpc/HPC 0212-5.npz,684,2493,0212-5-B2-40X005,0212-5-B2-40X005,0.0053132728704217164,0.2227777088208052,-0.07827313531999622,0.2227777088208052,sustained_response,,hpc_doublecheck_round7,review_rounds/hpc_doublecheck_round7_reviewed_labels.csv
HPC 0212-5.npz,data/raw/hpc/HPC 0212-5.npz,694,2926,0212-5-B2-40X005,0212-5-B2-40X005,-0.01227658049932281,0.10689108224712482,-0.9009144840972536,0.9009144840972536,inhibition,,hpc_doublecheck_round7,review_rounds/hpc_doublecheck_round7_reviewed_labels.csv
HPC 0212-5.npz,data/raw/hpc/HPC 0212-5.npz,712,3613,0212-5-B2-40X005,0212-5-B2-40X005,-0.02176543982712211,0.5567246898529229,-0.05124773429851561,0.5567246898529229,second_peak,,hpc_doublecheck_round7,review_rounds/hpc_doublecheck_round7_reviewed_labels.csv
HPC 0212-5.npz,data/raw/hpc/HPC 0212-5.npz,715,3759,0212-5-B2-40X005,0212-5-B2-40X005,0.07656001562289907,1.6868208505939617,-0.10586481219425317,1.6868208505939617,strong_first_peak,,hpc_doublecheck_round7,review_rounds/hpc_doublecheck_round7_reviewed_labels.csv
HPC 0212-5.npz,data/raw/hpc/HPC 0212-5.npz,725,3957,0212-5-B2-40X005,0212-5-B2-40X005,-0.015650803532131996,0.1841482286942895,-0.5487636283104175,0.5487636283104175,weak_first_peak,,hpc_random_forest_targeted_wds_round9,review_rounds/hpc_random_forest_targeted_wds_round9_reviewed_labels.csv
HPC 0212-5.npz,data/raw/hpc/HPC 0212-5.npz,776,211,0212-5-B2-40X,0212-5-B2-40X,-0.044686469284429375,0.19739947311467332,-0.3071092046911107,0.3071092046911107,weak_first_peak,,hpc_doublecheck_round7,review_rounds/hpc_doublecheck_round7_reviewed_labels.csv
HPC 0212-5.npz,data/raw/hpc/HPC 0212-5.npz,787,527,0212-5-B2-40X,0212-5-B2-40X,-0.0017153134335061743,0.24233522142291627,-0.020109346169292393,0.24233522142291627,no_response,,hpc_doublecheck_round7,review_rounds/hpc_doublecheck_round7_reviewed_labels.csv
HPC 0212-5.npz,data/raw/hpc/HPC 0212-5.npz,803,963,0212-5-B2-40X,0212-5-B2-40X,0.013031765912223207,0.382197019894538,-0.04216406922138055,0.382197019894538,sustained_response,,hpc_doublecheck_round7,review_rounds/hpc_doublecheck_round7_reviewed_labels.csv
HPC 0212-5.npz,data/raw/hpc/HPC 0212-5.npz,824,1516,0212-5-B2-40X,0212-5-B2-40X,-0.012349325975986425,2.2693505671022693,-0.027073862001298514,2.2693505671022693,sustained_response,,hpc_doublecheck_round7,review_rounds/hpc_doublecheck_round7_reviewed_labels.csv
HPC 0212-5.npz,data/raw/hpc/HPC 0212-5.npz,828,1613,0212-5-B2-40X,0212-5-B2-40X,0.000008852593525623007,0.019227890092288376,-0.580753573165872,0.580753573165872,inhibition,,hpc_doublecheck_round7,review_rounds/hpc_doublecheck_round7_reviewed_labels.csv
HPC 0212-5.npz,data/raw/hpc/HPC 0212-5.npz,846,1915,0212-5-B2-40X,0212-5-B2-40X,0.009086928239362623,0.3023406910959384,-0.12509428764948896,0.3023406910959384,strong_first_peak,,hpc_doublecheck_round7,review_rounds/hpc_doublecheck_round7_reviewed_labels.csv
HPC 0212-5.npz,data/raw/hpc/HPC 0212-5.npz,849,2039,0212-5-B2-40X,0212-5-B2-40X,-0.05406630404363619,0.1820433360155537,-0.33252884372160973,0.33252884372160973,strong_first_peak,,hpc_doublecheck_round7,review_rounds/hpc_doublecheck_round7_reviewed_labels.csv
HPC 0212-5.npz,data/raw/hpc/HPC 0212-5.npz,857,2221,0212-5-B2-40X,0212-5-B2-40X,-0.023706313496503834,0.2921092846384382,-0.00566838805252402,0.2921092846384382,no_response,,hpc_random_forest_targeted_wds_round9,review_rounds/hpc_random_forest_targeted_wds_round9_reviewed_labels.csv
HPC 0212-5.npz,data/raw/hpc/HPC 0212-5.npz,860,2308,0212-5-B2-40X,0212-5-B2-40X,-0.007524840276560866,0.24523115181978072,-0.03664937696269682,0.24523115181978072,sustained_response,,hpc_random_forest_all_classes_round8,review_rounds/hpc_random_forest_all_classes_round8_reviewed_labels.csv
HPC 0212-5.npz,data/raw/hpc/HPC 0212-5.npz,861,2311,0212-5-B2-40X,0212-5-B2-40X,-0.006869824720244648,0.07857908623890479,-0.3246003379799861,0.3246003379799861,weak_first_peak,,hpc_doublecheck_round7,review_rounds/hpc_doublecheck_round7_reviewed_labels.csv
HPC 0212-5.npz,data/raw/hpc/HPC 0212-5.npz,863,2322,0212-5-B2-40X,0212-5-B2-40X,-0.0014967404624377895,0.07825782776924917,-0.2132800327131979,0.2132800327131979,no_response,,hpc_doublecheck_round7,review_rounds/hpc_doublecheck_round7_reviewed_labels.csv
HPC 0212-5.npz,data/raw/hpc/HPC 0212-5.npz,871,2544,0212-5-B2-40X,0212-5-B2-40X,0.044346905013682374,0.35029135523163724,-0.041745772402662695,0.35029135523163724,sustained_response,,hpc_doublecheck_round7,review_rounds/hpc_doublecheck_round7_reviewed_labels.csv
HPC 0212-5.npz,data/raw/hpc/HPC 0212-5.npz,884,2765,0212-5-B2-40X,0212-5-B2-40X,0.001210629365181625,0.04265207258240878,-0.3433885761421238,0.3433885761421238,inhibition,,hpc_doublecheck_round7,review_rounds/hpc_doublecheck_round7_reviewed_labels.csv
HPC 0212-5.npz,data/raw/hpc/HPC 0212-5.npz,900,71,0212-5-B5-40X001,0212-5-B5-40X001,0.2582196240580791,1.9223915632330484,-0.2973179764072056,1.9223915632330484,sustained_response,,hpc_random_forest_targeted_wds_round9,review_rounds/hpc_random_forest_targeted_wds_round9_reviewed_labels.csv
HPC 0212-5.npz,data/raw/hpc/HPC 0212-5.npz,910,268,0212-5-B5-40X001,0212-5-B5-40X001,0.022851963015620893,0.20560390445714147,-0.07052312808239858,0.20560390445714147,no_response,,hpc_doublecheck_round7,review_rounds/hpc_doublecheck_round7_reviewed_labels.csv
HPC 0212-5.npz,data/raw/hpc/HPC 0212-5.npz,930,1146,0212-5-B5-40X001,0212-5-B5-40X001,-0.05133453979718574,0.23627214935247626,-0.006062279544566014,0.23627214935247626,no_response,,hpc_doublecheck_round7,review_rounds/hpc_doublecheck_round7_reviewed_labels.csv
HPC 0212-5.npz,data/raw/hpc/HPC 0212-5.npz,931,1149,0212-5-B5-40X001,0212-5-B5-40X001,-0.026497065034313653,0.15682814305329779,-0.41001345701726494,0.41001345701726494,no_response,,hpc_doublecheck_round7,review_rounds/hpc_doublecheck_round7_reviewed_labels.csv
HPC 0212-5.npz,data/raw/hpc/HPC 0212-5.npz,936,1384,0212-5-B5-40X001,0212-5-B5-40X001,-0.06100638858295506,0.771734508300094,-0.04106981853015094,0.771734508300094,complex,,hpc_doublecheck_round7,review_rounds/hpc_doublecheck_round7_reviewed_labels.csv
HPC 0212-5.npz,data/raw/hpc/HPC 0212-5.npz,949,1734,0212-5-B5-40X001,0212-5-B5-40X001,0.013521465514816821,0.09441523285927883,-0.36304193389017037,0.36304193389017037,inhibition,,hpc_doublecheck_round7,review_rounds/hpc_doublecheck_round7_reviewed_labels.csv
HPC 0212-5.npz,data/raw/hpc/HPC 0212-5.npz,988,2596,0212-5-B5-40X001,0212-5-B5-40X001,0.003903249450121577,0.1951922280254512,-0.5418198983888725,0.5418198983888725,weak_first_peak,,hpc_random_forest_targeted_wds_round9,review_rounds/hpc_random_forest_targeted_wds_round9_reviewed_labels.csv
HPC 0212-5.npz,data/raw/hpc/HPC 0212-5.npz,1000,2762,0212-5-B5-40X001,0212-5-B5-40X001,-0.005802127046964876,0.222997220501918,-0.008830372622329882,0.222997220501918,dual_peak,,hpc_random_forest_targeted_wds_round9,review_rounds/hpc_random_forest_targeted_wds_round9_reviewed_labels.csv
HPC 0212-5.npz,data/raw/hpc/HPC 0212-5.npz,1005,2865,0212-5-B5-40X001,0212-5-B5-40X001,-0.034684348150885135,0.24181129777559332,-0.5899252927761314,0.5899252927761314,weak_first_peak,,hpc_random_forest_targeted_wds_round9,review_rounds/hpc_random_forest_targeted_wds_round9_reviewed_labels.csv
HPC 0212-5.npz,data/raw/hpc/HPC 0212-5.npz,1032,22,0212-5-B5-40X002,0212-5-B5-40X002,-0.018403966473120655,0.25626722984727685,-0.314273930162138,0.314273930162138,weak_first_peak,,hpc_doublecheck_round7,review_rounds/hpc_doublecheck_round7_reviewed_labels.csv
HPC 0212-5.npz,data/raw/hpc/HPC 0212-5.npz,1054,292,0212-5-B5-40X002,0212-5-B5-40X002,-0.00704547913819563,0.3951747209387673,-0.07465928249435887,0.3951747209387673,weak_first_peak,,hpc_doublecheck_round7,review_rounds/hpc_doublecheck_round7_reviewed_labels.csv
HPC 0212-5.npz,data/raw/hpc/HPC 0212-5.npz,1080,1217,0212-5-B5-40X002,0212-5-B5-40X002,0.05207450848995427,0.8836697254115171,-0.15466564166631963,0.8836697254115171,complex,,hpc_doublecheck_round7,review_rounds/hpc_doublecheck_round7_reviewed_labels.csv
HPC 0212-5.npz,data/raw/hpc/HPC 0212-5.npz,1081,1240,0212-5-B5-40X002,0212-5-B5-40X002,-0.0019458082127991679,0.23348244016436745,-0.05650357336307701,0.23348244016436745,weak_first_peak,,hpc_doublecheck_round7,review_rounds/hpc_doublecheck_round7_reviewed_labels.csv
HPC 0212-5.npz,data/raw/hpc/HPC 0212-5.npz,1113,1978,0212-5-B5-40X002,0212-5-B5-40X002,0.009093585672524659,0.012885129788067586,-0.7257027990680968,0.7257027990680968,inhibition,,hpc_doublecheck_round7,review_rounds/hpc_doublecheck_round7_reviewed_labels.csv
HPC 0212-5.npz,data/raw/hpc/HPC 0212-5.npz,1120,2127,0212-5-B5-40X002,0212-5-B5-40X002,-0.010905095859746106,0.03405067771936345,-0.38842664994091813,0.38842664994091813,inhibition,,hpc_doublecheck_round7,review_rounds/hpc_doublecheck_round7_reviewed_labels.csv
HPC 0212-5.npz,data/raw/hpc/HPC 0212-5.npz,1124,2233,0212-5-B5-40X002,0212-5-B5-40X002,0.029349069588237544,0.5096895518367804,-0.080357316281908,0.5096895518367804,dual_peak,,hpc_doublecheck_round7,review_rounds/hpc_doublecheck_round7_reviewed_labels.csv
HPC 0212-5.npz,data/raw/hpc/HPC 0212-5.npz,1129,2356,0212-5-B5-40X002,0212-5-B5-40X002,-0.07397103535067664,1.0846097886630899,-0.2574509833668158,1.0846097886630899,strong_first_peak,,hpc_doublecheck_round7,review_rounds/hpc_doublecheck_round7_reviewed_labels.csv
HPC 0212-5.npz,data/raw/hpc/HPC 0212-5.npz,1149,2691,0212-5-B5-40X002,0212-5-B5-40X002,-0.017029277317269113,0.2629642858908246,-0.4879755365026949,0.4879755365026949,weak_first_peak,,hpc_doublecheck_round7,review_rounds/hpc_doublecheck_round7_reviewed_labels.csv
HPC 0212-5.npz,data/raw/hpc/HPC 0212-5.npz,1171,3228,0212-5-B5-40X002,0212-5-B5-40X002,0.05463264636031099,0.4517299015103167,-0.22834141925695603,0.4517299015103167,weak_first_peak,,hpc_doublecheck_round7,review_rounds/hpc_doublecheck_round7_reviewed_labels.csv
HPC 0212-5.npz,data/raw/hpc/HPC 0212-5.npz,1210,1150,0212-5-B5-40X003,0212-5-B5-40X003,-0.056993133953394524,0.18705164925146045,-0.48745730708930285,0.48745730708930285,weak_first_peak,,hpc_doublecheck_round7,review_rounds/hpc_doublecheck_round7_reviewed_labels.csv
HPC 0212-5.npz,data/raw/hpc/HPC 0212-5.npz,1211,1194,0212-5-B5-40X003,0212-5-B5-40X003,0.0346704525187398,0.7937217997369236,-0.1672489964118645,0.7937217997369236,weak_first_peak,,hpc_doublecheck_round7,review_rounds/hpc_doublecheck_round7_reviewed_labels.csv
HPC 0212-5.npz,data/raw/hpc/HPC 0212-5.npz,1217,1317,0212-5-B5-40X003,0212-5-B5-40X003,-0.058993699745993645,1.1041691883872131,-0.022443460115079812,1.1041691883872131,sustained_response,,hpc_doublecheck_round7,review_rounds/hpc_doublecheck_round7_reviewed_labels.csv
HPC 0212-5.npz,data/raw/hpc/HPC 0212-5.npz,1224,1574,0212-5-B5-40X003,0212-5-B5-40X003,-0.010886578485992811,0.2203103062112871,-0.06630889250057907,0.2203103062112871,no_response,,hpc_random_forest_all_classes_round8,review_rounds/hpc_random_forest_all_classes_round8_reviewed_labels.csv
HPC 0212-5.npz,data/raw/hpc/HPC 0212-5.npz,1227,1657,0212-5-B5-40X003,0212-5-B5-40X003,-0.006741825270956204,0.39624086559213423,-0.09336611132260092,0.39624086559213423,second_peak,,hpc_random_forest_targeted_wds_round9,review_rounds/hpc_random_forest_targeted_wds_round9_reviewed_labels.csv
HPC 0212-5.npz,data/raw/hpc/HPC 0212-5.npz,1228,1662,0212-5-B5-40X003,0212-5-B5-40X003,-0.06057319349841425,0.4983660319590353,-0.07357992348501449,0.4983660319590353,second_peak,,hpc_random_forest_all_classes_round8,review_rounds/hpc_random_forest_all_classes_round8_reviewed_labels.csv
HPC 0212-5.npz,data/raw/hpc/HPC 0212-5.npz,1269,3104,0212-5-B5-40X003,0212-5-B5-40X003,-0.05950538867513448,0.8085782384636298,-0.04779806727713355,0.8085782384636298,dual_peak,,hpc_doublecheck_round7,review_rounds/hpc_doublecheck_round7_reviewed_labels.csv
HPC 0212-5.npz,data/raw/hpc/HPC 0212-5.npz,1298,89,0212-5-B5-40X004,0212-5-B5-40X004,-0.03192119205168122,0.5821449961944086,-0.008392183829944076,0.5821449961944086,sustained_response,,hpc_doublecheck_round7,review_rounds/hpc_doublecheck_round7_reviewed_labels.csv
HPC 0212-5.npz,data/raw/hpc/HPC 0212-5.npz,1301,122,0212-5-B5-40X004,0212-5-B5-40X004,-0.33376382949946426,6.650510026513814,-0.1459377637971339,6.650510026513814,sustained_response,,hpc_doublecheck_round7,review_rounds/hpc_doublecheck_round7_reviewed_labels.csv
HPC 0212-5.npz,data/raw/hpc/HPC 0212-5.npz,1310,387,0212-5-B5-40X004,0212-5-B5-40X004,-0.09270013986117907,1.5141613384234396,-0.1462574375819114,1.5141613384234396,sustained_response,,hpc_doublecheck_round7,review_rounds/hpc_doublecheck_round7_reviewed_labels.csv
HPC 0212-5.npz,data/raw/hpc/HPC 0212-5.npz,1336,1293,0212-5-B5-40X004,0212-5-B5-40X004,-0.2905165091720286,0.32370886714552144,-0.015788723960535378,0.32370886714552144,sustained_response,,hpc_random_forest_all_classes_round8,review_rounds/hpc_random_forest_all_classes_round8_reviewed_labels.csv
HPC 0212-5.npz,data/raw/hpc/HPC 0212-5.npz,1338,1324,0212-5-B5-40X004,0212-5-B5-40X004,-0.03381029312393935,0.5535247922501626,-0.42329000578216197,0.5535247922501626,strong_first_peak,,hpc_random_forest_all_classes_round8,review_rounds/hpc_random_forest_all_classes_round8_reviewed_labels.csv
HPC 0212-5.npz,data/raw/hpc/HPC 0212-5.npz,1391,2589,0212-5-B5-40X004,0212-5-B5-40X004,-0.09933621273884513,0.3937151180802736,-0.6448378308066518,0.6448378308066518,weak_first_peak,,hpc_random_forest_all_classes_round8,review_rounds/hpc_random_forest_all_classes_round8_reviewed_labels.csv
HPC 0212-5.npz,data/raw/hpc/HPC 0212-5.npz,1435,26,0212-5-B5-40X005,0212-5-B5-40X005,-0.029876109693053553,1.491855655053953,-0.0485920915048985,1.491855655053953,dual_peak,,hpc_doublecheck_round7,review_rounds/hpc_doublecheck_round7_reviewed_labels.csv
HPC 0212-5.npz,data/raw/hpc/HPC 0212-5.npz,1443,62,0212-5-B5-40X005,0212-5-B5-40X005,0.012954851071135507,0.0034880315155358874,-0.8146251936949527,0.8146251936949527,inhibition,,hpc_doublecheck_round7,review_rounds/hpc_doublecheck_round7_reviewed_labels.csv
HPC 0212-5.npz,data/raw/hpc/HPC 0212-5.npz,1462,707,0212-5-B5-40X005,0212-5-B5-40X005,-0.009335432968126896,0.05472937122104118,-0.24992845429583066,0.24992845429583066,no_response,,hpc_doublecheck_round7,review_rounds/hpc_doublecheck_round7_reviewed_labels.csv
HPC 0212-5.npz,data/raw/hpc/HPC 0212-5.npz,1478,1238,0212-5-B5-40X005,0212-5-B5-40X005,0.00000778976638633801,0.7242072439372326,-0.6869939935849749,0.7242072439372326,weak_first_peak,,hpc_random_forest_targeted_wds_round9,review_rounds/hpc_random_forest_targeted_wds_round9_reviewed_labels.csv
HPC 0212-5.npz,data/raw/hpc/HPC 0212-5.npz,1479,1290,0212-5-B5-40X005,0212-5-B5-40X005,-0.010679198992615511,0.1345892033038564,-0.44679087078434787,0.44679087078434787,inhibition,,hpc_doublecheck_round7,review_rounds/hpc_doublecheck_round7_reviewed_labels.csv
HPC 0212-5.npz,data/raw/hpc/HPC 0212-5.npz,1506,2095,0212-5-B5-40X005,0212-5-B5-40X005,-0.019044414709538823,0.26811947069130815,-0.07181107840286796,0.26811947069130815,complex,,hpc_doublecheck_round7,review_rounds/hpc_doublecheck_round7_reviewed_labels.csv
HPC 0212-5.npz,data/raw/hpc/HPC 0212-5.npz,1525,2671,0212-5-B5-40X005,0212-5-B5-40X005,0.006655597849235279,2.5285612225454583,-0.05744027058116123,2.5285612225454583,sustained_response,,hpc_doublecheck_round7,review_rounds/hpc_doublecheck_round7_reviewed_labels.csv
HPC 0212-5.npz,data/raw/hpc/HPC 0212-5.npz,1547,3206,0212-5-B5-40X005,0212-5-B5-40X005,0.019921892306807354,0.27574763838163,-0.4551318529522123,0.4551318529522123,weak_first_peak,,hpc_random_forest_targeted_wds_round9,review_rounds/hpc_random_forest_targeted_wds_round9_reviewed_labels.csv
HPC 0212-5.npz,data/raw/hpc/HPC 0212-5.npz,1574,494,0212-5-B5-40X,0212-5-B5-40X,-0.013051187489391521,2.4298202661941626,-0.022587049946235824,2.4298202661941626,complex,,hpc_doublecheck_round7,review_rounds/hpc_doublecheck_round7_reviewed_labels.csv
HPC 0212-5.npz,data/raw/hpc/HPC 0212-5.npz,1583,724,0212-5-B5-40X,0212-5-B5-40X,-0.021464785117026836,0.18773728122596964,-0.5787685665495024,0.5787685665495024,weak_first_peak,,hpc_random_forest_all_classes_round8,review_rounds/hpc_random_forest_all_classes_round8_reviewed_labels.csv
HPC 0212-5.npz,data/raw/hpc/HPC 0212-5.npz,1602,1297,0212-5-B5-40X,0212-5-B5-40X,-0.0031641473887717235,0.22266755353490247,-0.04670678636436625,0.22266755353490247,no_response,,hpc_doublecheck_round7,review_rounds/hpc_doublecheck_round7_reviewed_labels.csv
HPC 0212-5.npz,data/raw/hpc/HPC 0212-5.npz,1639,2176,0212-5-B5-40X,0212-5-B5-40X,0.02476282779898267,0.0033901834045212617,-0.3770592902862988,0.3770592902862988,inhibition,,hpc_doublecheck_round7,review_rounds/hpc_doublecheck_round7_reviewed_labels.csv
HPC 0212-5.npz,data/raw/hpc/HPC 0212-5.npz,1651,2457,0212-5-B5-40X,0212-5-B5-40X,-0.03576650791265112,0.5171875857149432,-0.35116936556057216,0.5171875857149432,weak_first_peak,,hpc_random_forest_targeted_wds_round9,review_rounds/hpc_random_forest_targeted_wds_round9_reviewed_labels.csv
HPC 0212-5.npz,data/raw/hpc/HPC 0212-5.npz,1656,2684,0212-5-B5-40X,0212-5-B5-40X,-0.031231987592662977,0.2948665497253159,-0.30152725639971534,0.30152725639971534,strong_first_peak,,hpc_doublecheck_round7,review_rounds/hpc_doublecheck_round7_reviewed_labels.csv
HPC 0212-5.npz,data/raw/hpc/HPC 0212-5.npz,1722,380,0212-5-C2-40X001,0212-5-C2-40X001,-0.11021241266577454,4.4169142227074385,-0.07902007745570437,4.4169142227074385,strong_first_peak,,hpc_doublecheck_round7,review_rounds/hpc_doublecheck_round7_reviewed_labels.csv
HPC 0212-5.npz,data/raw/hpc/HPC 0212-5.npz,1761,1643,0212-5-C2-40X001,0212-5-C2-40X001,-0.04945129408124375,0.22989657724008802,-0.032094104453074514,0.22989657724008802,weak_first_peak,,hpc_random_forest_all_classes_round8,review_rounds/hpc_random_forest_all_classes_round8_reviewed_labels.csv
HPC 0212-5.npz,data/raw/hpc/HPC 0212-5.npz,1765,1706,0212-5-C2-40X001,0212-5-C2-40X001,-0.00723000037404053,0.23127645595918866,-0.0328551681424775,0.23127645595918866,no_response,,hpc_doublecheck_round7,review_rounds/hpc_doublecheck_round7_reviewed_labels.csv
HPC 0212-5.npz,data/raw/hpc/HPC 0212-5.npz,1766,1739,0212-5-C2-40X001,0212-5-C2-40X001,-0.010472882502073667,0.2909749287798342,-0.5392105791187203,0.5392105791187203,weak_first_peak,,hpc_random_forest_targeted_wds_round9,review_rounds/hpc_random_forest_targeted_wds_round9_reviewed_labels.csv
HPC 0212-5.npz,data/raw/hpc/HPC 0212-5.npz,1780,2170,0212-5-C2-40X001,0212-5-C2-40X001,0.012963226091105675,0.21297152805580122,-0.16635114174117227,0.21297152805580122,strong_first_peak,,hpc_doublecheck_round7,review_rounds/hpc_doublecheck_round7_reviewed_labels.csv
HPC 0212-5.npz,data/raw/hpc/HPC 0212-5.npz,1788,2371,0212-5-C2-40X001,0212-5-C2-40X001,-0.03209322805212544,0.2538486193494601,-0.49235680092781686,0.49235680092781686,weak_first_peak,,hpc_random_forest_targeted_wds_round9,review_rounds/hpc_random_forest_targeted_wds_round9_reviewed_labels.csv
HPC 0212-5.npz,data/raw/hpc/HPC 0212-5.npz,1801,2938,0212-5-C2-40X001,0212-5-C2-40X001,-0.0501054786647174,1.1321881802740537,-0.10018539102260415,1.1321881802740537,sustained_response,,hpc_doublecheck_round7,review_rounds/hpc_doublecheck_round7_reviewed_labels.csv
HPC 0212-5.npz,data/raw/hpc/HPC 0212-5.npz,1825,3457,0212-5-C2-40X001,0212-5-C2-40X001,-0.014605178706113366,0.3136668530529762,-0.005740530122834053,0.3136668530529762,sustained_response,,hpc_random_forest_all_classes_round8,review_rounds/hpc_random_forest_all_classes_round8_reviewed_labels.csv
HPC 0212-5.npz,data/raw/hpc/HPC 0212-5.npz,1841,56,0212-5-C2-40X002,0212-5-C2-40X002,0.10130922026628358,0.7497372748911175,-0.10938521735874884,0.7497372748911175,dual_peak,,hpc_random_forest_targeted_wds_round9,review_rounds/hpc_random_forest_targeted_wds_round9_reviewed_labels.csv
HPC 0212-5.npz,data/raw/hpc/HPC 0212-5.npz,1844,70,0212-5-C2-40X002,0212-5-C2-40X002,-0.0916898468999154,0.5030459031665383,-0.3056318796673819,0.5030459031665383,weak_first_peak,,hpc_random_forest_all_classes_round8,review_rounds/hpc_random_forest_all_classes_round8_reviewed_labels.csv
HPC 0212-5.npz,data/raw/hpc/HPC 0212-5.npz,1872,467,0212-5-C2-40X002,0212-5-C2-40X002,-0.048205655038993406,0.5688881916459589,-0.059343130959063406,0.5688881916459589,weak_first_peak,,hpc_doublecheck_round7,review_rounds/hpc_doublecheck_round7_reviewed_labels.csv
HPC 0212-5.npz,data/raw/hpc/HPC 0212-5.npz,1878,583,0212-5-C2-40X002,0212-5-C2-40X002,-0.10595884130294131,0.3134852913337809,-0.38962075797022877,0.38962075797022877,weak_first_peak,,hpc_random_forest_all_classes_round8,review_rounds/hpc_random_forest_all_classes_round8_reviewed_labels.csv
HPC 0212-5.npz,data/raw/hpc/HPC 0212-5.npz,1890,1218,0212-5-C2-40X002,0212-5-C2-40X002,-0.0285056596194689,0.146570692666622,-0.37953384894788794,0.37953384894788794,weak_first_peak,,hpc_doublecheck_round7,review_rounds/hpc_doublecheck_round7_reviewed_labels.csv
HPC 0212-5.npz,data/raw/hpc/HPC 0212-5.npz,1935,2410,0212-5-C2-40X002,0212-5-C2-40X002,0.007874737766176755,0.20907344883794204,-0.05233626061267549,0.20907344883794204,no_response,,hpc_random_forest_all_classes_round8,review_rounds/hpc_random_forest_all_classes_round8_reviewed_labels.csv
HPC 0212-5.npz,data/raw/hpc/HPC 0212-5.npz,1974,1,0212-5-C2-40X003,0212-5-C2-40X003,-0.14090015894064187,1.0180453267088427,-0.14661334091738157,1.0180453267088427,sustained_response,,hpc_doublecheck_round7,review_rounds/hpc_doublecheck_round7_reviewed_labels.csv
HPC 0212-5.npz,data/raw/hpc/HPC 0212-5.npz,1989,135,0212-5-C2-40X003,0212-5-C2-40X003,-0.016519309987880634,0.22152707405568806,-0.7532805106901594,0.7532805106901594,inhibition,,hpc_doublecheck_round7,review_rounds/hpc_doublecheck_round7_reviewed_labels.csv
HPC 0212-5.npz,data/raw/hpc/HPC 0212-5.npz,1991,146,0212-5-C2-40X003,0212-5-C2-40X003,0.06047892138535201,0.010012884519326963,-0.7474404046059451,0.7474404046059451,inhibition,,hpc_doublecheck_round7,review_rounds/hpc_doublecheck_round7_reviewed_labels.csv
HPC 0212-5.npz,data/raw/hpc/HPC 0212-5.npz,2000,377,0212-5-C2-40X003,0212-5-C2-40X003,-0.02698148621178508,0.15436932280270674,-0.4245817885761588,0.4245817885761588,weak_first_peak,,hpc_doublecheck_round7,review_rounds/hpc_doublecheck_round7_reviewed_labels.csv
HPC 0212-5.npz,data/raw/hpc/HPC 0212-5.npz,2064,2055,0212-5-C2-40X003,0212-5-C2-40X003,-0.10370694655698527,0.2775403477527764,-0.03420702231017465,0.2775403477527764,no_response,,hpc_doublecheck_round7,review_rounds/hpc_doublecheck_round7_reviewed_labels.csv
HPC 0212-5.npz,data/raw/hpc/HPC 0212-5.npz,2084,2582,0212-5-C2-40X003,0212-5-C2-40X003,-0.029135691958842514,0.31262080483891874,-0.44379878935820233,0.44379878935820233,strong_first_peak,,hpc_doublecheck_round7,review_rounds/hpc_doublecheck_round7_reviewed_labels.csv
HPC 0212-5.npz,data/raw/hpc/HPC 0212-5.npz,2097,2872,0212-5-C2-40X003,0212-5-C2-40X003,0.01327729094974125,0.008430856115573907,-0.6095503308636696,0.6095503308636696,inhibition,,hpc_doublecheck_round7,review_rounds/hpc_doublecheck_round7_reviewed_labels.csv
HPC 0212-5.npz,data/raw/hpc/HPC 0212-5.npz,2100,2911,0212-5-C2-40X003,0212-5-C2-40X003,0.09486846624409237,0.688131950721914,-0.48835357747415686,0.688131950721914,weak_first_peak,,hpc_doublecheck_round7,review_rounds/hpc_doublecheck_round7_reviewed_labels.csv
HPC 0212-5.npz,data/raw/hpc/HPC 0212-5.npz,2139,32,0212-5-C2-40X004,0212-5-C2-40X004,0.01127882199405426,0.2010716769210329,-0.052440869068604304,0.2010716769210329,no_response,,hpc_random_forest_all_classes_round8,review_rounds/hpc_random_forest_all_classes_round8_reviewed_labels.csv
HPC 0212-5.npz,data/raw/hpc/HPC 0212-5.npz,2154,342,0212-5-C2-40X004,0212-5-C2-40X004,-0.0830325649159776,0.26468597481314204,-0.6975877540118836,0.6975877540118836,weak_first_peak,,hpc_doublecheck_round7,review_rounds/hpc_doublecheck_round7_reviewed_labels.csv
HPC 0212-5.npz,data/raw/hpc/HPC 0212-5.npz,2158,423,0212-5-C2-40X004,0212-5-C2-40X004,0.019587845712776865,0.14855221704720867,-0.3488263231919958,0.3488263231919958,weak_first_peak,,hpc_random_forest_all_classes_round8,review_rounds/hpc_random_forest_all_classes_round8_reviewed_labels.csv
HPC 0212-5.npz,data/raw/hpc/HPC 0212-5.npz,2171,802,0212-5-C2-40X004,0212-5-C2-40X004,-0.045938486750755576,1.0874003635655056,-0.3490619917662664,1.0874003635655056,strong_first_peak,,hpc_random_forest_all_classes_round8,review_rounds/hpc_random_forest_all_classes_round8_reviewed_labels.csv
HPC 0212-5.npz,data/raw/hpc/HPC 0212-5.npz,2174,878,0212-5-C2-40X004,0212-5-C2-40X004,-0.0005086420734235188,0.09842153067734362,-0.7875062508088262,0.7875062508088262,inhibition,,hpc_doublecheck_round7,review_rounds/hpc_doublecheck_round7_reviewed_labels.csv
HPC 0212-5.npz,data/raw/hpc/HPC 0212-5.npz,2181,1152,0212-5-C2-40X004,0212-5-C2-40X004,0.7934605993121451,0.225073507753357,-1.358570135856666,1.358570135856666,inhibition,,hpc_doublecheck_round7,review_rounds/hpc_doublecheck_round7_reviewed_labels.csv
HPC 0212-5.npz,data/raw/hpc/HPC 0212-5.npz,2194,1628,0212-5-C2-40X004,0212-5-C2-40X004,-0.031808988293293726,0.606765418881526,-0.03368524838118169,0.606765418881526,dual_peak,,hpc_doublecheck_round7,review_rounds/hpc_doublecheck_round7_reviewed_labels.csv
HPC 0212-5.npz,data/raw/hpc/HPC 0212-5.npz,2203,1889,0212-5-C2-40X004,0212-5-C2-40X004,0.028289309615580162,0.20859637910536957,-0.4987552518956057,0.4987552518956057,weak_first_peak,,hpc_doublecheck_round7,review_rounds/hpc_doublecheck_round7_reviewed_labels.csv
HPC 0212-5.npz,data/raw/hpc/HPC 0212-5.npz,2222,2440,0212-5-C2-40X004,0212-5-C2-40X004,0.011851087987673516,0.29049865737283115,-0.0798405112760869,0.29049865737283115,sustained_response,,hpc_doublecheck_round7,review_rounds/hpc_doublecheck_round7_reviewed_labels.csv
HPC 0212-5.npz,data/raw/hpc/HPC 0212-5.npz,2225,2519,0212-5-C2-40X004,0212-5-C2-40X004,-0.013581649711377035,0.10618650797910192,-0.6742417913382805,0.6742417913382805,inhibition,,hpc_doublecheck_round7,review_rounds/hpc_doublecheck_round7_reviewed_labels.csv
HPC 0212-5.npz,data/raw/hpc/HPC 0212-5.npz,2230,2613,0212-5-C2-40X004,0212-5-C2-40X004,-0.03547362963650622,0.6157978342420032,-0.656893492321161,0.656893492321161,weak_first_peak,,hpc_doublecheck_round7,review_rounds/hpc_doublecheck_round7_reviewed_labels.csv
HPC 0212-5.npz,data/raw/hpc/HPC 0212-5.npz,2239,2780,0212-5-C2-40X004,0212-5-C2-40X004,-0.057879537381129914,0.5394143927562489,-0.44824464871516534,0.5394143927562489,strong_first_peak,,hpc_random_forest_all_classes_round8,review_rounds/hpc_random_forest_all_classes_round8_reviewed_labels.csv
HPC 0212-5.npz,data/raw/hpc/HPC 0212-5.npz,2257,3240,0212-5-C2-40X004,0212-5-C2-40X004,-0.016428294813774016,0.5389004636739183,-0.04876877647588604,0.5389004636739183,sustained_response,,hpc_doublecheck_round7,review_rounds/hpc_doublecheck_round7_reviewed_labels.csv
HPC 0212-5.npz,data/raw/hpc/HPC 0212-5.npz,2261,3531,0212-5-C2-40X004,0212-5-C2-40X004,-0.000936632646091784,0.30829794343958156,-0.4765771005259073,0.4765771005259073,weak_first_peak,,hpc_doublecheck_round7,review_rounds/hpc_doublecheck_round7_reviewed_labels.csv
HPC 0212-5.npz,data/raw/hpc/HPC 0212-5.npz,2270,140,0212-5-C2-40X,0212-5-C2-40X,-0.054350590993664856,0.4323550891820531,-0.12740246264928703,0.4323550891820531,complex,,hpc_doublecheck_round7,review_rounds/hpc_doublecheck_round7_reviewed_labels.csv
HPC 0212-5.npz,data/raw/hpc/HPC 0212-5.npz,2276,481,0212-5-C2-40X,0212-5-C2-40X,0.01707620701699645,0.16236780623916697,-0.6793233537868303,0.6793233537868303,inhibition,,hpc_doublecheck_round7,review_rounds/hpc_doublecheck_round7_reviewed_labels.csv
HPC 0212-5.npz,data/raw/hpc/HPC 0212-5.npz,2281,915,0212-5-C2-40X,0212-5-C2-40X,-0.03448734610361508,0.7410335009661948,-0.5099173447143324,0.7410335009661948,strong_first_peak,,hpc_random_forest_all_classes_round8,review_rounds/hpc_random_forest_all_classes_round8_reviewed_labels.csv
HPC 0212-5.npz,data/raw/hpc/HPC 0212-5.npz,2302,1784,0212-5-C2-40X,0212-5-C2-40X,0.0020998980538395407,0.4879715904698012,-0.3080573232307689,0.4879715904698012,strong_first_peak,,hpc_doublecheck_round7,review_rounds/hpc_doublecheck_round7_reviewed_labels.csv
HPC 0212-5.npz,data/raw/hpc/HPC 0212-5.npz,2304,1818,0212-5-C2-40X,0212-5-C2-40X,-0.10498329715611548,0.24596735064908395,-0.04947362031996139,0.24596735064908395,sustained_response,,hpc_doublecheck_round7,review_rounds/hpc_doublecheck_round7_reviewed_labels.csv
HPC 0212-5.npz,data/raw/hpc/HPC 0212-5.npz,2339,3132,0212-5-C2-40X,0212-5-C2-40X,-0.003711127171884015,0.4015032334586885,-0.6046229809457545,0.6046229809457545,weak_first_peak,,hpc_random_forest_targeted_wds_round9,review_rounds/hpc_random_forest_targeted_wds_round9_reviewed_labels.csv
HPC 0212-5.npz,data/raw/hpc/HPC 0212-5.npz,2359,4090,0212-5-C2-40X,0212-5-C2-40X,-0.031582766619750464,0.0305050198864873,-0.38184635828427005,0.38184635828427005,inhibition,,hpc_doublecheck_round7,review_rounds/hpc_doublecheck_round7_reviewed_labels.csv
HPC 0212-5.npz,data/raw/hpc/HPC 0212-5.npz,2387,28,0212-5-C5-40X001,0212-5-C5-40X001,-0.021523422460814,0.2465362565092345,-0.014819023890616567,0.2465362565092345,sustained_response,,hpc_doublecheck_round7,review_rounds/hpc_doublecheck_round7_reviewed_labels.csv
HPC 0212-5.npz,data/raw/hpc/HPC 0212-5.npz,2393,63,0212-5-C5-40X001,0212-5-C5-40X001,0.006988739895266067,0.6037830719257907,-0.11996319472737824,0.6037830719257907,second_peak,,hpc_doublecheck_round7,review_rounds/hpc_doublecheck_round7_reviewed_labels.csv
HPC 0212-5.npz,data/raw/hpc/HPC 0212-5.npz,2403,263,0212-5-C5-40X001,0212-5-C5-40X001,0.028762423028467033,0.0113215405342923,-0.6918875658639404,0.6918875658639404,inhibition,,hpc_doublecheck_round7,review_rounds/hpc_doublecheck_round7_reviewed_labels.csv
HPC 0212-5.npz,data/raw/hpc/HPC 0212-5.npz,2405,284,0212-5-C5-40X001,0212-5-C5-40X001,-0.02411860573108871,0.2467729312952123,-0.39856538289109755,0.39856538289109755,weak_first_peak,,hpc_random_forest_targeted_wds_round9,review_rounds/hpc_random_forest_targeted_wds_round9_reviewed_labels.csv
HPC 0212-5.npz,data/raw/hpc/HPC 0212-5.npz,2421,767,0212-5-C5-40X001,0212-5-C5-40X001,-0.06546727473009772,0.23615304721547936,-0.8080470005267404,0.8080470005267404,weak_first_peak,,hpc_doublecheck_round7,review_rounds/hpc_doublecheck_round7_reviewed_labels.csv
HPC 0212-5.npz,data/raw/hpc/HPC 0212-5.npz,2449,1873,0212-5-C5-40X001,0212-5-C5-40X001,-0.1719123408969873,2.062636006782619,-0.2965556996916112,2.062636006782619,strong_first_peak,,hpc_doublecheck_round7,review_rounds/hpc_doublecheck_round7_reviewed_labels.csv
HPC 0212-5.npz,data/raw/hpc/HPC 0212-5.npz,2462,2104,0212-5-C5-40X001,0212-5-C5-40X001,0.004750678134042213,0.2659510166424663,-0.06532081989992267,0.2659510166424663,no_response,,hpc_random_forest_targeted_wds_round9,review_rounds/hpc_random_forest_targeted_wds_round9_reviewed_labels.csv
HPC 0212-5.npz,data/raw/hpc/HPC 0212-5.npz,2528,50,0212-5-C5-40X002,0212-5-C5-40X002,0.08516810216436774,0.2203301601655027,-0.13883080040487064,0.2203301601655027,no_response,,hpc_doublecheck_round7,review_rounds/hpc_doublecheck_round7_reviewed_labels.csv
HPC 0212-5.npz,data/raw/hpc/HPC 0212-5.npz,2538,275,0212-5-C5-40X002,0212-5-C5-40X002,-0.03613574185309401,0.16904295886411586,-0.3199737882304933,0.3199737882304933,weak_first_peak,,hpc_doublecheck_round7,review_rounds/hpc_doublecheck_round7_reviewed_labels.csv
HPC 0212-5.npz,data/raw/hpc/HPC 0212-5.npz,2581,1184,0212-5-C5-40X002,0212-5-C5-40X002,-0.0037863161821166144,0.4703241721654656,-0.027548095931625664,0.4703241721654656,weak_first_peak,,hpc_doublecheck_round7,review_rounds/hpc_doublecheck_round7_reviewed_labels.csv
HPC 0212-5.npz,data/raw/hpc/HPC 0212-5.npz,2599,1806,0212-5-C5-40X002,0212-5-C5-40X002,-0.013632058851362653,0.2012839647455063,-0.072244406831701,0.2012839647455063,no_response,,hpc_doublecheck_round7,review_rounds/hpc_doublecheck_round7_reviewed_labels.csv
HPC 0212-5.npz,data/raw/hpc/HPC 0212-5.npz,2607,1977,0212-5-C5-40X002,0212-5-C5-40X002,-0.003578831204180257,1.0153218297180302,-0.056913427887731,1.0153218297180302,sustained_response,,hpc_doublecheck_round7,review_rounds/hpc_doublecheck_round7_reviewed_labels.csv
HPC 0212-5.npz,data/raw/hpc/HPC 0212-5.npz,2635,2558,0212-5-C5-40X002,0212-5-C5-40X002,-0.08107841893471167,0.2680280777226775,-0.015007959996666806,0.2680280777226775,sustained_response,,hpc_doublecheck_round7,review_rounds/hpc_doublecheck_round7_reviewed_labels.csv
HPC 0212-5.npz,data/raw/hpc/HPC 0212-5.npz,2706,951,0212-5-C5-40X003,0212-5-C5-40X003,0.09159541735632598,1.3639652245056157,-0.08663688734152393,1.3639652245056157,strong_first_peak,,hpc_doublecheck_round7,review_rounds/hpc_doublecheck_round7_reviewed_labels.csv
HPC 0212-5.npz,data/raw/hpc/HPC 0212-5.npz,2707,956,0212-5-C5-40X003,0212-5-C5-40X003,-0.026284842623966718,1.4713971702664095,-0.3405093921766206,1.4713971702664095,strong_first_peak,,hpc_doublecheck_round7,review_rounds/hpc_doublecheck_round7_reviewed_labels.csv
HPC 0212-5.npz,data/raw/hpc/HPC 0212-5.npz,2710,999,0212-5-C5-40X003,0212-5-C5-40X003,0.12943021606565613,1.5176498469262603,-0.11214640331985144,1.5176498469262603,second_peak,,hpc_doublecheck_round7,review_rounds/hpc_doublecheck_round7_reviewed_labels.csv
HPC 0212-5.npz,data/raw/hpc/HPC 0212-5.npz,2728,1480,0212-5-C5-40X003,0212-5-C5-40X003,-0.0378012006629593,0.32543406505384764,-0.6105086773252019,0.6105086773252019,weak_first_peak,,hpc_random_forest_targeted_wds_round9,review_rounds/hpc_random_forest_targeted_wds_round9_reviewed_labels.csv
HPC 0212-5.npz,data/raw/hpc/HPC 0212-5.npz,2833,226,0212-5-C5-40X004,0212-5-C5-40X004,-0.08143342498872563,0.30158303569278566,-0.005389523521035722,0.30158303569278566,sustained_response,,hpc_doublecheck_round7,review_rounds/hpc_doublecheck_round7_reviewed_labels.csv
HPC 0212-5.npz,data/raw/hpc/HPC 0212-5.npz,2852,616,0212-5-C5-40X004,0212-5-C5-40X004,0.03600165279974667,0.015702681606185112,-0.452576919858917,0.452576919858917,inhibition,,hpc_doublecheck_round7,review_rounds/hpc_doublecheck_round7_reviewed_labels.csv
HPC 0212-5.npz,data/raw/hpc/HPC 0212-5.npz,2889,1555,0212-5-C5-40X004,0212-5-C5-40X004,-0.025103231425697835,0.2078847534394559,-0.560799427429384,0.560799427429384,weak_first_peak,,hpc_random_forest_targeted_wds_round9,review_rounds/hpc_random_forest_targeted_wds_round9_reviewed_labels.csv
HPC 0212-5.npz,data/raw/hpc/HPC 0212-5.npz,2895,1619,0212-5-C5-40X004,0212-5-C5-40X004,0.012749584963283794,1.9076775561290118,-0.08063986415009787,1.9076775561290118,sustained_response,,hpc_doublecheck_round7,review_rounds/hpc_doublecheck_round7_reviewed_labels.csv
HPC 0212-5.npz,data/raw/hpc/HPC 0212-5.npz,2898,1717,0212-5-C5-40X004,0212-5-C5-40X004,0.17645906765059785,1.895764923533767,-0.32598799129276756,1.895764923533767,sustained_response,,hpc_random_forest_targeted_wds_round9,review_rounds/hpc_random_forest_targeted_wds_round9_reviewed_labels.csv
HPC 0212-5.npz,data/raw/hpc/HPC 0212-5.npz,2969,238,0212-5-C5-40X005,0212-5-C5-40X005,0.022861333756106373,2.657918897460135,-0.05000546137825014,2.657918897460135,complex,,hpc_doublecheck_round7,review_rounds/hpc_doublecheck_round7_reviewed_labels.csv
HPC 0212-5.npz,data/raw/hpc/HPC 0212-5.npz,2971,308,0212-5-C5-40X005,0212-5-C5-40X005,-0.10432959598254854,0.47001550343211634,-0.4715918231319819,0.4715918231319819,strong_first_peak,,hpc_random_forest_all_classes_round8,review_rounds/hpc_random_forest_all_classes_round8_reviewed_labels.csv
HPC 0212-5.npz,data/raw/hpc/HPC 0212-5.npz,2972,309,0212-5-C5-40X005,0212-5-C5-40X005,-0.1226694028229379,0.32528800919517664,-0.15685669970427077,0.32528800919517664,weak_first_peak,,hpc_doublecheck_round7,review_rounds/hpc_doublecheck_round7_reviewed_labels.csv
HPC 0212-5.npz,data/raw/hpc/HPC 0212-5.npz,2982,657,0212-5-C5-40X005,0212-5-C5-40X005,-0.23884970829771848,0.04055585436893183,-0.3316531363701033,0.3316531363701033,inhibition,,hpc_doublecheck_round7,review_rounds/hpc_doublecheck_round7_reviewed_labels.csv
HPC 0212-5.npz,data/raw/hpc/HPC 0212-5.npz,2986,756,0212-5-C5-40X005,0212-5-C5-40X005,-0.0017357997495467629,0.20130793633218944,-0.028072393761216785,0.20130793633218944,no_response,,hpc_random_forest_all_classes_round8,review_rounds/hpc_random_forest_all_classes_round8_reviewed_labels.csv
HPC 0212-5.npz,data/raw/hpc/HPC 0212-5.npz,2989,835,0212-5-C5-40X005,0212-5-C5-40X005,0.059832039304033115,0.07493603938767471,-0.5712250002594859,0.5712250002594859,inhibition,,hpc_doublecheck_round7,review_rounds/hpc_doublecheck_round7_reviewed_labels.csv
HPC 0212-5.npz,data/raw/hpc/HPC 0212-5.npz,3024,1682,0212-5-C5-40X005,0212-5-C5-40X005,-0.046949144082281305,0.23923633409405387,-0.4590078027687032,0.4590078027687032,weak_first_peak,,hpc_random_forest_all_classes_round8,review_rounds/hpc_random_forest_all_classes_round8_reviewed_labels.csv
HPC 0212-5.npz,data/raw/hpc/HPC 0212-5.npz,3032,1844,0212-5-C5-40X005,0212-5-C5-40X005,-0.03642537949092703,0.3786193498954753,-0.11227279867729106,0.3786193498954753,no_response,,hpc_random_forest_targeted_wds_round9,review_rounds/hpc_random_forest_targeted_wds_round9_reviewed_labels.csv
HPC 0212-5.npz,data/raw/hpc/HPC 0212-5.npz,3041,164,0212-5-C5-40X,0212-5-C5-40X,0.000029033892336161354,0.2973575623901869,-0.06546968618487417,0.2973575623901869,dual_peak,,hpc_random_forest_all_classes_round8,review_rounds/hpc_random_forest_all_classes_round8_reviewed_labels.csv
HPC 0212-5.npz,data/raw/hpc/HPC 0212-5.npz,3083,1592,0212-5-C5-40X,0212-5-C5-40X,0.08829758872542903,0.05100035404954337,-0.9776968690374451,0.9776968690374451,inhibition,,hpc_doublecheck_round7,review_rounds/hpc_doublecheck_round7_reviewed_labels.csv
HPC 0212-5.npz,data/raw/hpc/HPC 0212-5.npz,3101,2354,0212-5-C5-40X,0212-5-C5-40X,0.028705863406670043,0.2720147898302545,-0.09857750834515794,0.2720147898302545,no_response,,hpc_random_forest_targeted_wds_round9,review_rounds/hpc_random_forest_targeted_wds_round9_reviewed_labels.csv
HPC 0212-5.npz,data/raw/hpc/HPC 0212-5.npz,3105,2488,0212-5-C5-40X,0212-5-C5-40X,0.0244400282582779,0.5345575091516486,-0.0952641997515143,0.5345575091516486,sustained_response,,hpc_doublecheck_round7,review_rounds/hpc_doublecheck_round7_reviewed_labels.csv
HPC 0212-5.npz,data/raw/hpc/HPC 0212-5.npz,3108,2511,0212-5-C5-40X,0212-5-C5-40X,-0.0430822358832883,1.0607945180219147,-0.3745004989186086,1.0607945180219147,strong_first_peak,,hpc_doublecheck_round7,review_rounds/hpc_doublecheck_round7_reviewed_labels.csv
HPC 0212-5.npz,data/raw/hpc/HPC 0212-5.npz,3124,3018,0212-5-C5-40X,0212-5-C5-40X,-0.05073289547480095,0.08867191267013827,-0.3471247277940154,0.3471247277940154,inhibition,,hpc_doublecheck_round7,review_rounds/hpc_doublecheck_round7_reviewed_labels.csv
HPC 0212-5.npz,data/raw/hpc/HPC 0212-5.npz,3125,3092,0212-5-C5-40X,0212-5-C5-40X,-0.013498627013458688,1.4315961443932432,-0.03200692419871301,1.4315961443932432,strong_first_peak,,hpc_random_forest_all_classes_round8,review_rounds/hpc_random_forest_all_classes_round8_reviewed_labels.csv
HPC 0212-5.npz,data/raw/hpc/HPC 0212-5.npz,3127,3113,0212-5-C5-40X,0212-5-C5-40X,-0.006759921139569955,0.24305795178638012,-0.03210138246380847,0.24305795178638012,sustained_response,,hpc_doublecheck_round7,review_rounds/hpc_doublecheck_round7_reviewed_labels.csv
HPC 0212-5.npz,data/raw/hpc/HPC 0212-5.npz,3141,3486,0212-5-C5-40X,0212-5-C5-40X,-0.012422770872583382,0.09256220482808698,-0.3983156127538689,0.3983156127538689,weak_first_peak,,hpc_doublecheck_round7,review_rounds/hpc_doublecheck_round7_reviewed_labels.csv
HPC 0212-5.npz,data/raw/hpc/HPC 0212-5.npz,3147,3715,0212-5-C5-40X,0212-5-C5-40X,0.014622852765191395,0.09490060408598955,-0.2628588951584494,0.2628588951584494,inhibition,,hpc_doublecheck_round7,review_rounds/hpc_doublecheck_round7_reviewed_labels.csv
HPC 0212-5.npz,data/raw/hpc/HPC 0212-5.npz,3153,3851,0212-5-C5-40X,0212-5-C5-40X,-0.026601255291833784,0.07432232181994905,-0.6984860138356632,0.6984860138356632,inhibition,,hpc_doublecheck_round7,review_rounds/hpc_doublecheck_round7_reviewed_labels.csv
HPC 0212-5.npz,data/raw/hpc/HPC 0212-5.npz,3163,4206,0212-5-C5-40X,0212-5-C5-40X,0.02052731193476278,0.19841438154430896,-0.686199335200853,0.686199335200853,weak_first_peak,,hpc_random_forest_targeted_wds_round9,review_rounds/hpc_random_forest_targeted_wds_round9_reviewed_labels.csv
HPC 0212-5.npz,data/raw/hpc/HPC 0212-5.npz,3165,4262,0212-5-C5-40X,0212-5-C5-40X,-0.0292055565406919,0.6607051641981477,-0.5385150795863498,0.6607051641981477,strong_first_peak,,hpc_random_forest_all_classes_round8,review_rounds/hpc_random_forest_all_classes_round8_reviewed_labels.csv
